cell_id,grid_m,projected_area_m2,lon,lat,NDVI_S2_median,vegetation_pct_valid,NDVI_2019,NDVI_2026,delta_NDVI,optical_valid_pct,common_valid_pct,S2_nobs,valid_10m_pixels,tree_class_pct_2021,tree_context_valid_pct,period_start,period_end_exclusive,veg_ndvi_threshold,aggregation
50m_15191_50467,50,606.5606275244605,89.528691252,22.797966231,0.08914261391371416,0.0,0.11915878086074976,0.08914261391371416,-0.03001616635080512,100,100,8.0,9,0.0,100,2026-03-15,2026-06-01,0.35,10m raster values weighted by exact clipped pixel area
50m_15191_50468,50,968.6026194989307,89.528635175,22.798343444,0.19168077284872154,17.943159705532846,0.24818168001471919,0.19168077284872154,-0.056500904505473626,99.9999999997832,99.9999999997832,8.0,13,0.0,99.9999999997832,2026-03-15,2026-06-01,0.35,10m raster values weighted by exact clipped pixel area
50m_15192_50465,50,565.693629652241,89.529165569,22.797063513,0.11514433279936176,0.0,0.10576303003753412,0.11514433279936176,0.009381302755698592,100,100,8.0,9,0.0,100,2026-03-15,2026-06-01,0.35,10m raster values weighted by exact clipped pixel area
50m_15192_50466,50,1834.9378727230942,89.529049919,22.797503943,0.10035416973770074,0.0,0.12096042818063474,0.10035416973770074,-0.020606258903025542,99.99999999981085,99.99999999981085,7.463291669828626,21,0.0,99.99999999981085,2026-03-15,2026-06-01,0.35,10m raster values weighted by exact clipped pixel area
50m_15192_50467,50,2499.6595588991104,89.529055384,22.79795523,0.061290275123579256,0.0,0.09199626446510259,0.061290275123579256,-0.03070598995627995,100,100,7.919989104401048,25,0.0,100,2026-03-15,2026-06-01,0.35,10m raster values weighted by exact clipped pixel area
50m_15192_50468,50,2026.4115976868197,89.529063425,22.798390798,0.06338145512916378,0.0,0.03804945805290653,0.06338145512916378,0.025331997498419658,99.99999999988738,99.99999999988738,8.0,23,0.0,99.99999999988738,2026-03-15,2026-06-01,0.35,10m raster values weighted by exact clipped pixel area
50m_15193_50463,50,526.2517656542493,89.52963988,22.796160795,0.1886668859526611,0.0,0.1567675819577659,0.1886668859526611,0.031899307063208183,100,100,8.0,9,0.0,100,2026-03-15,2026-06-01,0.35,10m raster values weighted by exact clipped pixel area
50m_15193_50464,50,1792.3732453054981,89.529524092,22.79659367,0.1465648121869033,0.0,0.11900976679995398,0.1465648121869033,0.02755504556075649,99.99999999990494,99.99999999990494,8.0,21,0.0,99.99999999990494,2026-03-15,2026-06-01,0.35,10m raster values weighted by exact clipped pixel area
50m_15193_50465,50,2497.9619293680685,89.529525416,22.797045023,0.22887188087597132,20.016317867842343,0.17183373249808806,0.22887188087597132,0.05703814905202202,100,100,8.0,25,0.0,100,2026-03-15,2026-06-01,0.35,10m raster values weighted by exact clipped pixel area
50m_15193_50466,50,2500.0,89.529533747,22.797496265,0.4222523809969425,60.0,0.34290845960378646,0.4222523809969425,0.07934392283670605,100,100,7.92,25,4.0,100,2026-03-15,2026-06-01,0.35,10m raster values weighted by exact clipped pixel area
50m_15193_50467,50,2500.0,89.529542078,22.797947506,0.24413714431226252,36.0,0.33631176739931107,0.24413714431226252,-0.09217462301254273,100,100,8.0,25,0.0,100,2026-03-15,2026-06-01,0.35,10m raster values weighted by exact clipped pixel area
50m_15193_50468,50,2474.856470468957,89.52955041,22.798398748,0.1421093198739065,4.040638364012991,0.11160951359871511,0.1421093198739065,0.030499805631838135,99.99999999997348,99.99999999997348,8.0,25,0.0,99.99999999997348,2026-03-15,2026-06-01,0.35,10m raster values weighted by exact clipped pixel area
50m_15193_50469,50,151.3796085588296,89.529625746,22.79866171,0.32231118757274163,32.527627418754065,-0.006612777197417058,0.32231118757274163,0.3289239429559403,99.99999999938818,99.99999999938818,8.0,4,0.0,99.99999999938818,2026-03-15,2026-06-01,0.35,10m raster values weighted by exact clipped pixel area
50m_15194_50461,50,488.2350355550869,89.530114185,22.795258075,0.1966626593525296,0.0,0.31794546026440634,0.1966626593525296,-0.12128280255691694,100,100,8.0,9,0.0,100,2026-03-15,2026-06-01,0.35,10m raster values weighted by exact clipped pixel area
50m_15194_50462,50,1749.8086178995436,89.52999826,22.795683397,0.20287538012871584,0.386866246929883,0.21820082928482326,0.20287538012871584,-0.015325449016386192,99.99999999992828,99.99999999992828,8.0,21,0.0,99.99999999992828,2026-03-15,2026-06-01,0.35,10m raster values weighted by exact clipped pixel area
50m_15194_50463,50,2494.839165949544,89.529995442,22.796134815,0.2869328833247549,24.049646493810673,0.2715593001509071,0.2869328833247549,0.015373587425291527,100,100,8.0,25,8.016548831270224,100,2026-03-15,2026-06-01,0.35,10m raster values weighted by exact clipped pixel area
50m_15194_50464,50,2500.0,89.530003774,22.796586057,0.19934398852288723,24.0,0.20021081544458866,0.19934398852288723,-0.0008668252965435385,100,100,8.0,25,12.0,100,2026-03-15,2026-06-01,0.35,10m raster values weighted by exact clipped pixel area
50m_15194_50465,50,2500.0,89.530012106,22.797037298,0.40982589036226275,56.00000000000001,0.47154320605099204,0.40982589036226275,-0.06171731684356928,100,100,8.0,25,56.00000000000001,100,2026-03-15,2026-06-01,0.35,10m raster values weighted by exact clipped pixel area
50m_15194_50466,50,2500.0,89.530020439,22.79748854,0.7129664373397827,100.0,0.680541205406189,0.7129664373397827,0.03242522870190442,100,100,8.64,25,76.0,100,2026-03-15,2026-06-01,0.35,10m raster values weighted by exact clipped pixel area
50m_15194_50467,50,2500.0,89.530028772,22.797939781,0.545122594833374,88.0,0.545231100320816,0.545122594833374,-0.00010851753875613213,100,100,8.08,25,20.0,100,2026-03-15,2026-06-01,0.35,10m raster values weighted by exact clipped pixel area
50m_15194_50468,50,2500.0,89.530037105,22.798391023,0.23503411084413528,16.0,0.3354119464755058,0.23503411084413528,-0.10037783402949571,100,100,8.0,25,0.0,100,2026-03-15,2026-06-01,0.35,10m raster values weighted by exact clipped pixel area
50m_15194_50469,50,726.0605603456497,89.530042981,22.798709236,0.25553598631362595,22.30754439312731,0.40091328111699615,0.25553598631362595,-0.1453772907459965,99.92255193907167,99.92255193907167,8.0,10,0.0,99.92255193907167,2026-03-15,2026-06-01,0.35,10m raster values weighted by exact clipped pixel area
50m_15195_50459,50,451.6434393436779,89.530588485,22.794355355,0.26584596982736375,0.7058593120958583,0.409573822596445,0.26584596982736375,-0.14372785685632267,99.99999999945133,99.99999999945133,8.007058593120957,9,0.0,99.99999999945133,2026-03-15,2026-06-01,0.35,10m raster values weighted by exact clipped pixel area
50m_15195_50460,50,1707.2439904964995,89.530472422,22.794773122,0.29666462096243795,19.729945347761753,0.3860581522761529,0.29666462096243795,-0.08939352586251356,99.99999999985157,99.99999999985157,8.312452782996633,21,0.0,99.99999999985157,2026-03-15,2026-06-01,0.35,10m raster values weighted by exact clipped pixel area
50m_15195_50461,50,2490.2912686436266,89.530465462,22.795224607,0.4017266414324435,60.23391797124988,0.3451101286576289,0.4017266414324435,0.05661650931748382,100,100,8.321247562513333,25,0.0,100,2026-03-15,2026-06-01,0.35,10m raster values weighted by exact clipped pixel area
50m_15195_50462,50,2500.0,89.530473795,22.795675848,0.13336616702377796,0.0,0.1788027781061828,0.13336616702377796,-0.04543661091011018,100,100,8.0,25,0.0,100,2026-03-15,2026-06-01,0.35,10m raster values weighted by exact clipped pixel area
50m_15195_50463,50,2500.0,89.530482129,22.796127089,0.30879430890083315,44.0,0.3486564403772354,0.30879430890083315,-0.039862133564893154,100,100,8.0,25,12.0,100,2026-03-15,2026-06-01,0.35,10m raster values weighted by exact clipped pixel area
50m_15195_50464,50,2500.0,89.530490463,22.796578331,0.3401888997852802,48.0,0.4829066383838654,0.3401888997852802,-0.14271773042157293,100,100,8.0,25,56.00000000000001,100,2026-03-15,2026-06-01,0.35,10m raster values weighted by exact clipped pixel area
50m_15195_50465,50,2500.0,89.530498797,22.797029572,0.43921820640563963,72.0,0.4125655406713486,0.43921820640563963,0.026652660984545946,100,100,8.0,25,60.0,100,2026-03-15,2026-06-01,0.35,10m raster values weighted by exact clipped pixel area
50m_15195_50466,50,2500.0,89.530507131,22.797480813,0.29928254038095475,24.0,0.2517772459983826,0.29928254038095475,0.047505292566493156,100,100,8.16,25,40.0,100,2026-03-15,2026-06-01,0.35,10m raster values weighted by exact clipped pixel area
50m_15195_50467,50,2500.0,89.530515465,22.797932055,0.4007320195436478,60.0,0.5359801912307739,0.4007320195436478,-0.1352481737243943,100,100,8.56,25,8.0,100,2026-03-15,2026-06-01,0.35,10m raster values weighted by exact clipped pixel area
50m_15195_50468,50,2500.0,89.5305238,22.798383296,0.17334462136030196,0.0,0.124918043166399,0.17334462136030196,0.04842657670378685,100,100,8.64,25,0.0,100,2026-03-15,2026-06-01,0.35,10m raster values weighted by exact clipped pixel area
50m_15195_50469,50,1325.8850416634232,89.530530677,22.798755642,0.22934048769359644,16.04198413643229,0.47389741449085004,0.22934048769359644,-0.244556928201177,99.9978613854889,99.9978613854889,8.0,16,0.9927895659187179,99.9978613854889,2026-03-15,2026-06-01,0.35,10m raster values weighted by exact clipped pixel area
50m_15196_50457,50,416.4769770200225,89.531062779,22.793452633,0.5751207525394766,100.0,0.5633683595039665,0.5751207525394766,0.01175238421483182,99.94658859723182,99.94658859723182,7.000000000000001,7,49.57107205955278,99.94658859723182,2026-03-15,2026-06-01,0.35,10m raster values weighted by exact clipped pixel area
50m_15196_50458,50,1664.679363090545,89.530946578,22.793862847,0.3996788208628951,69.00973849978809,0.5310245245344047,0.3996788208628951,-0.13134571060284758,99.99999999992255,99.99999999992255,6.639903382774557,21,14.145247004173594,99.99999999992255,2026-03-15,2026-06-01,0.35,10m raster values weighted by exact clipped pixel area
50m_15196_50459,50,2484.318237449693,89.530935476,22.794314397,0.3711849322610159,51.697009589565525,0.49092706055518287,0.3711849322610159,-0.11974212705437769,100,100,7.2415149520521735,25,16.10099680347816,100,2026-03-15,2026-06-01,0.35,10m raster values weighted by exact clipped pixel area
50m_15196_50460,50,2500.0,89.530943811,22.794765638,0.28275799095630644,24.0,0.5546476483345032,0.28275799095630644,-0.2718896593153477,100,100,8.84,25,76.0,100,2026-03-15,2026-06-01,0.35,10m raster values weighted by exact clipped pixel area
50m_15196_50461,50,2500.0,89.530952146,22.79521688,0.4346466690301895,72.0,0.6051612049341202,0.4346466690301895,-0.17051453694701194,100,100,9.56,25,96.0,100,2026-03-15,2026-06-01,0.35,10m raster values weighted by exact clipped pixel area
50m_15196_50462,50,2500.0,89.53096048,22.795668121,0.12976047411561012,0.0,0.3944638192653656,0.12976047411561012,-0.2647033403394744,100,100,8.76,25,24.0,100,2026-03-15,2026-06-01,0.35,10m raster values weighted by exact clipped pixel area
50m_15196_50463,50,2500.0,89.530968816,22.796119362,0.34791324943304064,48.0,0.5434790503978729,0.34791324943304064,-0.19556580144912006,100,100,8.28,25,60.0,100,2026-03-15,2026-06-01,0.35,10m raster values weighted by exact clipped pixel area
50m_15196_50464,50,2500.0,89.530977151,22.796570603,0.5219751274585724,88.0,0.5790200126171112,0.5219751274585724,-0.057044886481016875,100,100,8.12,25,72.0,100,2026-03-15,2026-06-01,0.35,10m raster values weighted by exact clipped pixel area
50m_15196_50465,50,2500.0,89.530985487,22.797021844,0.4650613307952881,72.0,0.6125386786460877,0.4650613307952881,-0.147477340772748,100,100,8.12,25,84.0,100,2026-03-15,2026-06-01,0.35,10m raster values weighted by exact clipped pixel area
50m_15196_50466,50,2500.0,89.530993822,22.797473085,0.5299206078052521,88.0,0.5793652129173279,0.5299206078052521,-0.04944460431230255,100,100,9.0,25,52.0,100,2026-03-15,2026-06-01,0.35,10m raster values weighted by exact clipped pixel area
50m_15196_50467,50,2500.0,89.531002158,22.797924326,0.35184374362230303,44.0,0.5755477702617645,0.35184374362230303,-0.22370402455329896,100,100,9.0,25,40.0,100,2026-03-15,2026-06-01,0.35,10m raster values weighted by exact clipped pixel area
50m_15196_50468,50,2500.0,89.531010495,22.798375568,0.22386422634124756,16.0,0.20469435576349496,0.22386422634124756,0.019169872384518383,100,100,8.4,25,0.0,100,2026-03-15,2026-06-01,0.35,10m raster values weighted by exact clipped pixel area
50m_15196_50469,50,1925.7095230044797,89.531018374,22.798802046,0.20777690941824128,1.7202938818694329,0.47063000353603845,0.20777690941824128,-0.26285309225762166,99.99999999988039,99.99999999988039,8.0,22,0.0,99.99999999988039,2026-03-15,2026-06-01,0.35,10m raster values weighted by exact clipped pixel area
50m_15197_50455,50,382.73564858637894,89.531537066,22.792549911,0.4615755645267701,100.0,0.5733691853516522,0.4615755645267701,-0.11179361792607218,100,100,8.999999999999998,6,47.79452600129828,100,2026-03-15,2026-06-01,0.35,10m raster values weighted by exact clipped pixel area
50m_15197_50456,50,1622.1147356875008,89.531420728,22.792952571,0.5064837841654738,93.83518966186165,0.6280718265365044,0.5064837841654738,-0.12158804610133929,99.99970307875307,99.99970307875307,8.32206051060566,19,75.34075864744662,99.99970307875307,2026-03-15,2026-06-01,0.35,10m raster values weighted by exact clipped pixel area
50m_15197_50457,50,2476.9200723680055,89.531405485,22.793404186,0.4069339486777142,71.73909615376567,0.44198741511255324,0.4069339486777142,-0.03505346710869304,100,100,8.0714274450523,25,35.40364835146438,100,2026-03-15,2026-06-01,0.35,10m raster values weighted by exact clipped pixel area
50m_15197_50458,50,2500.0,89.531413821,22.793855428,0.48162025690078736,84.0,0.4879763680696487,0.48162025690078736,-0.006356118619441986,100,100,8.12,25,64.0,100,2026-03-15,2026-06-01,0.35,10m raster values weighted by exact clipped pixel area
50m_15197_50459,50,2500.0,89.531422156,22.794306669,0.46061694383621216,84.0,0.525112031698227,0.46061694383621216,-0.06449508050456643,100,100,7.92,25,48.0,100,2026-03-15,2026-06-01,0.35,10m raster values weighted by exact clipped pixel area
50m_15197_50460,50,2500.0,89.531430493,22.79475791,0.5578361427783967,88.0,0.5088319355249404,0.5578361427783967,0.049004193525761366,100,100,8.68,25,52.0,100,2026-03-15,2026-06-01,0.35,10m raster values weighted by exact clipped pixel area
50m_15197_50461,50,2500.0,89.531438829,22.795209151,0.6601772260665894,100.0,0.6188186442852021,0.6601772260665894,0.04135858250781894,100,100,9.72,25,56.00000000000001,100,2026-03-15,2026-06-01,0.35,10m raster values weighted by exact clipped pixel area
50m_15197_50462,50,2500.0,89.531447165,22.795660392,0.451291915178299,72.0,0.5120660418272018,0.451291915178299,-0.0607741279900074,100,100,9.16,25,48.0,100,2026-03-15,2026-06-01,0.35,10m raster values weighted by exact clipped pixel area
50m_15197_50463,50,2500.0,89.531455502,22.796111633,0.408458930850029,64.0,0.6132768571376801,0.408458930850029,-0.20481793054845185,100,100,8.68,25,36.0,100,2026-03-15,2026-06-01,0.35,10m raster values weighted by exact clipped pixel area
50m_15197_50464,50,2500.0,89.531463839,22.796562874,0.5596656620502471,92.0,0.5281956493854523,0.5596656620502471,0.03147001473931596,100,100,8.76,25,64.0,100,2026-03-15,2026-06-01,0.35,10m raster values weighted by exact clipped pixel area
50m_15197_50465,50,2500.0,89.531472176,22.797014115,0.49328833639621733,72.0,0.5187780696153641,0.49328833639621733,-0.02548973873257637,100,100,8.56,25,44.0,100,2026-03-15,2026-06-01,0.35,10m raster values weighted by exact clipped pixel area
50m_15197_50466,50,2500.0,89.531480514,22.797465356,0.37267026245594026,44.0,0.45621605932712556,0.37267026245594026,-0.08354579009115697,100,100,8.28,25,48.0,100,2026-03-15,2026-06-01,0.35,10m raster values weighted by exact clipped pixel area
50m_15197_50467,50,2500.0,89.531488851,22.797916597,0.32688079416751864,40.0,0.4953532332181931,0.32688079416751864,-0.16847243309020996,100,100,8.4,25,48.0,100,2026-03-15,2026-06-01,0.35,10m raster values weighted by exact clipped pixel area
50m_15197_50468,50,2500.0,89.531497189,22.798367838,0.24389519333839416,24.0,0.5771955782175064,0.24389519333839416,-0.3333003863692284,100,100,8.28,25,60.0,100,2026-03-15,2026-06-01,0.35,10m raster values weighted by exact clipped pixel area
50m_15197_50469,50,2437.2454618643533,89.531505527,22.798819079,0.23495468628501187,13.837156213411578,0.5528177312321154,0.23495468628501187,-0.3178630473682682,99.99999999990962,99.99999999990962,8.0,25,7.431086628097143,99.99999999990962,2026-03-15,2026-06-01,0.35,10m raster values weighted by exact clipped pixel area
50m_15197_50470,50,88.28854245808249,89.531621554,22.799072302,0.4014138975420632,100.0,0.7589358178865153,0.4014138975420632,-0.35752192240219416,100,100,8.0,3,100.0,100,2026-03-15,2026-06-01,0.35,10m raster values weighted by exact clipped pixel area
50m_15198_50453,50,350.41945403813304,89.532011349,22.791647188,0.5413305180347051,100.0,0.42800137069231836,0.5413305180347051,0.11332914679914333,100,100,7.000000000000001,6,0.0,100,2026-03-15,2026-06-01,0.35,10m raster values weighted by exact clipped pixel area
50m_15198_50454,50,1579.5501082815463,89.531894873,22.792042294,0.4656554250904873,81.00725020198517,0.46149554956114525,0.4656554250904873,0.004159866876158076,99.99999999993786,99.99999999993786,7.74658357432739,19,0.0,99.99999999993786,2026-03-15,2026-06-01,0.35,10m raster values weighted by exact clipped pixel area
50m_15198_50455,50,2468.0967733985653,89.531875488,22.792493975,0.44236752329660506,75.68977009058725,0.5109093550217582,0.44236752329660506,-0.06854182171670528,100,100,8.49883334724439,25,24.310229909412737,100,2026-03-15,2026-06-01,0.35,10m raster values weighted by exact clipped pixel area
50m_15198_50456,50,2500.0,89.531883824,22.792945216,0.37917755216360094,52.0,0.5677228927612304,0.37917755216360094,-0.1885453400015831,100,100,8.68,25,32.0,100,2026-03-15,2026-06-01,0.35,10m raster values weighted by exact clipped pixel area
50m_15198_50457,50,2500.0,89.531892162,22.793396457,0.48173859000205993,84.0,0.48328390121459963,0.48173859000205993,-0.0015453124503255822,100,100,8.52,25,28.000000000000004,100,2026-03-15,2026-06-01,0.35,10m raster values weighted by exact clipped pixel area
50m_15198_50458,50,2500.0,89.531900499,22.793847698,0.4876866018772125,92.0,0.5552002799510956,0.4876866018772125,-0.06751367188990116,100,100,9.0,25,72.0,100,2026-03-15,2026-06-01,0.35,10m raster values weighted by exact clipped pixel area
50m_15198_50459,50,2500.0,89.531908836,22.794298939,0.47170177936553953,76.0,0.5018701380491257,0.47170177936553953,-0.030168358273804187,100,100,9.0,25,36.0,100,2026-03-15,2026-06-01,0.35,10m raster values weighted by exact clipped pixel area
50m_15198_50460,50,2500.0,89.531917174,22.79475018,0.5475720167160034,76.0,0.46683725774288176,0.5475720167160034,0.08073475437704473,100,100,9.2,25,60.0,100,2026-03-15,2026-06-01,0.35,10m raster values weighted by exact clipped pixel area
50m_15198_50461,50,2500.0,89.531925512,22.795201421,0.6871226543188095,92.0,0.6713158822059632,0.6871226543188095,0.01580677580088377,100,100,9.92,25,60.0,100,2026-03-15,2026-06-01,0.35,10m raster values weighted by exact clipped pixel area
50m_15198_50462,50,2500.0,89.53193385,22.795652662,0.4993256688117981,80.0,0.6689047467708588,0.4993256688117981,-0.16957907610572875,100,100,9.84,25,56.00000000000001,100,2026-03-15,2026-06-01,0.35,10m raster values weighted by exact clipped pixel area
50m_15198_50463,50,2500.0,89.531942189,22.796103903,0.5981676560640335,84.0,0.5906904536485672,0.5981676560640335,0.00747719582170248,100,100,9.2,25,88.0,100,2026-03-15,2026-06-01,0.35,10m raster values weighted by exact clipped pixel area
50m_15198_50464,50,2500.0,89.531950527,22.796555143,0.5679171925783157,88.0,0.46671790182590484,0.5679171925783157,0.1011992871761322,100,100,9.28,25,68.0,100,2026-03-15,2026-06-01,0.35,10m raster values weighted by exact clipped pixel area
50m_15198_50465,50,2500.0,89.531958866,22.797006384,0.42858440220355987,72.0,0.39816250413656235,0.42858440220355987,0.030421899110078813,100,100,9.32,25,32.0,100,2026-03-15,2026-06-01,0.35,10m raster values weighted by exact clipped pixel area
50m_15198_50466,50,2500.0,89.531967205,22.797457625,0.5537084567546845,100.0,0.5628176867961884,0.5537084567546845,-0.009109230693429709,100,100,8.6,25,68.0,100,2026-03-15,2026-06-01,0.35,10m raster values weighted by exact clipped pixel area
50m_15198_50467,50,2500.0,89.531975544,22.797908866,0.38386706352233885,56.00000000000001,0.31011757016181946,0.38386706352233885,0.07374949768185615,100,100,8.92,25,12.0,100,2026-03-15,2026-06-01,0.35,10m raster values weighted by exact clipped pixel area
50m_15198_50468,50,2500.0,89.531983884,22.798360106,0.35452394008636473,48.0,0.4594878900051117,0.35452394008636473,-0.10496394887566567,100,100,9.16,25,44.0,100,2026-03-15,2026-06-01,0.35,10m raster values weighted by exact clipped pixel area
50m_15198_50469,50,2500.0,89.531992223,22.798811347,0.1973656275868416,12.0,0.5312692844867706,0.1973656275868416,-0.3339036560803652,100,100,8.6,25,12.0,100,2026-03-15,2026-06-01,0.35,10m raster values weighted by exact clipped pixel area
50m_15198_50470,50,625.3584856400266,89.531997936,22.799120471,0.2887215449700553,16.90553002022399,0.7469114336205935,0.2887215449700553,-0.45818990642911606,99.99999999962603,99.99999999962603,8.715100281537993,9,32.49914381739599,99.99999999962603,2026-03-15,2026-06-01,0.35,10m raster values weighted by exact clipped pixel area
50m_15199_50451,50,321.74184713855584,89.532485597,22.79074298,0.49091294398450275,100.0,0.4531646750698128,0.49091294398450275,0.03774826845645849,99.9999999997637,99.9999999997637,8.0,6,0.0,99.9999999997637,2026-03-15,2026-06-01,0.35,10m raster values weighted by exact clipped pixel area
50m_15199_50452,50,1536.9854808755917,89.532369011,22.791132015,0.45319419511707426,80.48127300270792,0.5065138086411279,0.45319419511707426,-0.05331961795271988,99.99999999995877,99.99999999995877,7.994079526850261,19,29.496045053848785,99.99999999995877,2026-03-15,2026-06-01,0.35,10m raster values weighted by exact clipped pixel area
50m_15199_50453,50,2457.8483405413713,89.532345485,22.791583763,0.4820659145084356,79.65700357696292,0.5419520821281466,0.4820659145084356,-0.05988616618816022,99.99999999999848,99.99999999999848,7.895091842613633,25,28.480194992251924,99.99999999999848,2026-03-15,2026-06-01,0.35,10m raster values weighted by exact clipped pixel area
50m_15199_50454,50,2500.0,89.532353823,22.792035004,0.387787361741066,60.0,0.4112057840824127,0.387787361741066,-0.02341842368245125,100,100,8.4,25,20.0,100,2026-03-15,2026-06-01,0.35,10m raster values weighted by exact clipped pixel area
50m_15199_50455,50,2500.0,89.532362161,22.792486244,0.5166917109489441,92.0,0.49298533976078035,0.5166917109489441,0.023706374019384385,100,100,8.08,25,80.0,100,2026-03-15,2026-06-01,0.35,10m raster values weighted by exact clipped pixel area
50m_15199_50456,50,2500.0,89.532370499,22.792937485,0.6276403295993805,92.0,0.5984598255157471,0.6276403295993805,0.02918050602078438,100,100,9.0,25,0.0,100,2026-03-15,2026-06-01,0.35,10m raster values weighted by exact clipped pixel area
50m_15199_50457,50,2500.0,89.532378838,22.793388726,0.5442645156383514,92.0,0.514796131849289,0.5442645156383514,0.029468378871679305,100,100,9.0,25,28.000000000000004,100,2026-03-15,2026-06-01,0.35,10m raster values weighted by exact clipped pixel area
50m_15199_50458,50,2500.0,89.532387177,22.793839967,0.4751792669296265,84.0,0.5554977226257324,0.4751792669296265,-0.08031845357269049,100,100,9.0,25,76.0,100,2026-03-15,2026-06-01,0.35,10m raster values weighted by exact clipped pixel area
50m_15199_50459,50,2500.0,89.532395516,22.794291208,0.532887932062149,100.0,0.5950497841835022,0.532887932062149,-0.06216185730183497,100,100,9.16,25,64.0,100,2026-03-15,2026-06-01,0.35,10m raster values weighted by exact clipped pixel area
50m_15199_50460,50,2500.0,89.532403855,22.794742449,0.5850325095653534,92.0,0.5865026605129242,0.5850325095653534,-0.0014701524702832103,100,100,9.92,25,84.0,100,2026-03-15,2026-06-01,0.35,10m raster values weighted by exact clipped pixel area
50m_15199_50461,50,2500.0,89.532412195,22.795193689,0.7011909854412078,100.0,0.6564086997509002,0.7011909854412078,0.044782278714701536,100,100,10.0,25,100.0,100,2026-03-15,2026-06-01,0.35,10m raster values weighted by exact clipped pixel area
50m_15199_50462,50,2500.0,89.532420535,22.79564493,0.6261447083950042,100.0,0.6140822684764862,0.6261447083950042,0.012062442572787404,100,100,10.0,25,96.0,100,2026-03-15,2026-06-01,0.35,10m raster values weighted by exact clipped pixel area
50m_15199_50463,50,2500.0,89.532428875,22.796096171,0.6156861156225204,84.0,0.5775704681873322,0.6156861156225204,0.03811565104871988,100,100,10.0,25,80.0,100,2026-03-15,2026-06-01,0.35,10m raster values weighted by exact clipped pixel area
50m_15199_50464,50,2500.0,89.532437215,22.796547411,0.38067795693874357,44.0,0.45608454406261445,0.38067795693874357,-0.07540658311918377,100,100,10.0,25,28.000000000000004,100,2026-03-15,2026-06-01,0.35,10m raster values weighted by exact clipped pixel area
50m_15199_50465,50,2500.0,89.532445555,22.796998652,0.38932023882865907,56.00000000000001,0.39883730351924895,0.38932023882865907,-0.00951706373714842,100,100,10.0,25,36.0,100,2026-03-15,2026-06-01,0.35,10m raster values weighted by exact clipped pixel area
50m_15199_50466,50,2500.0,89.532453896,22.797449893,0.49899992227554324,84.0,0.45161312222480776,0.49899992227554324,0.04738679989241064,100,100,9.64,25,36.0,100,2026-03-15,2026-06-01,0.35,10m raster values weighted by exact clipped pixel area
50m_15199_50467,50,2500.0,89.532462237,22.797901133,0.24087017642334105,36.0,0.32748896412551404,0.24087017642334105,-0.08661879393737763,100,100,9.6,25,0.0,100,2026-03-15,2026-06-01,0.35,10m raster values weighted by exact clipped pixel area
50m_15199_50468,50,2500.0,89.532470578,22.798352374,0.3008795987069607,36.0,0.26153129488229754,0.3008795987069607,0.039348299931734804,100,100,9.92,25,4.0,100,2026-03-15,2026-06-01,0.35,10m raster values weighted by exact clipped pixel area
50m_15199_50469,50,2500.0,89.532478919,22.798803614,0.23979133248329162,12.0,0.31134465157985686,0.23979133248329162,-0.07155331937596202,100,100,9.8,25,0.0,100,2026-03-15,2026-06-01,0.35,10m raster values weighted by exact clipped pixel area
50m_15199_50470,50,1225.1829669578,89.532485634,22.799166871,0.2278602207131299,18.72466325539997,0.5766553920935777,0.2278602207131299,-0.34879517748313676,99.95715240456472,99.95715240456472,9.839097418219614,15,0.0,99.95715240456472,2026-03-15,2026-06-01,0.35,10m raster values weighted by exact clipped pixel area
50m_15200_50449,50,313.4003254492287,89.532957003,22.789834789,0.3058554752480197,18.822037270035715,0.298563455717477,0.3058554752480197,0.00729201460430784,100,100,8.378672986346043,6,4.624054142146599,100,2026-03-15,2026-06-01,0.35,10m raster values weighted by exact clipped pixel area
50m_15200_50450,50,1515.0123502564384,89.532841899,22.790221756,0.31599115711700293,33.23125358579952,0.38055051692507497,0.31599115711700293,-0.06455936467074395,100,100,8.26630647327837,19,7.13698811754429,100,2026-03-15,2026-06-01,0.35,10m raster values weighted by exact clipped pixel area
50m_15200_50451,50,2449.2106741901866,89.532815476,22.790673549,0.4802243806691956,95.91705192804419,0.47384889730413704,0.4802243806691956,0.00637547590375816,100,100,8.408294807195581,25,28.580636503690627,100,2026-03-15,2026-06-01,0.35,10m raster values weighted by exact clipped pixel area
50m_15200_50452,50,2500.0,89.532823815,22.79112479,0.5039746630191803,96.0,0.6788613975048066,0.5039746630191803,-0.1748867355217226,100,100,8.28,25,92.0,100,2026-03-15,2026-06-01,0.35,10m raster values weighted by exact clipped pixel area
50m_15200_50453,50,2500.0,89.532832155,22.791576031,0.47249134719371794,80.0,0.6349974405765534,0.47249134719371794,-0.16250609412789344,100,100,8.56,25,84.0,100,2026-03-15,2026-06-01,0.35,10m raster values weighted by exact clipped pixel area
50m_15200_50454,50,2500.0,89.532840494,22.792027272,0.4423448532819748,72.0,0.37525209099054335,0.4423448532819748,0.06709276499226689,100,100,8.44,25,56.00000000000001,100,2026-03-15,2026-06-01,0.35,10m raster values weighted by exact clipped pixel area
50m_15200_50455,50,2500.0,89.532848834,22.792478512,0.5301269918680191,92.0,0.4970712983608246,0.5301269918680191,0.0330556945130229,100,100,8.48,25,16.0,100,2026-03-15,2026-06-01,0.35,10m raster values weighted by exact clipped pixel area
50m_15200_50456,50,2500.0,89.532857174,22.792929753,0.6721722459793091,96.0,0.5911631572246552,0.6721722459793091,0.08100908063352108,100,100,9.0,25,0.0,100,2026-03-15,2026-06-01,0.35,10m raster values weighted by exact clipped pixel area
50m_15200_50457,50,2500.0,89.532865514,22.793380994,0.5946036267280579,96.0,0.5895329248905182,0.5946036267280579,0.005070695279864594,100,100,9.0,25,12.0,100,2026-03-15,2026-06-01,0.35,10m raster values weighted by exact clipped pixel area
50m_15200_50458,50,2500.0,89.532873855,22.793832234,0.5934077668190002,100.0,0.5931678736209869,0.5934077668190002,0.00023988504894077777,100,100,9.0,25,72.0,100,2026-03-15,2026-06-01,0.35,10m raster values weighted by exact clipped pixel area
50m_15200_50459,50,2500.0,89.532882196,22.794283475,0.4413697463274002,68.0,0.5934665977954865,0.4413697463274002,-0.15209685342386364,100,100,9.0,25,32.0,100,2026-03-15,2026-06-01,0.35,10m raster values weighted by exact clipped pixel area
50m_15200_50460,50,2500.0,89.532890537,22.794734716,0.606647584438324,100.0,0.6869431066513062,0.606647584438324,-0.08029552273452283,100,100,9.56,25,80.0,100,2026-03-15,2026-06-01,0.35,10m raster values weighted by exact clipped pixel area
50m_15200_50461,50,2500.0,89.532898878,22.795185956,0.6521108424663544,96.0,0.6684415233135224,0.6521108424663544,-0.016330673592165112,100,100,10.0,25,100.0,100,2026-03-15,2026-06-01,0.35,10m raster values weighted by exact clipped pixel area
50m_15200_50462,50,2500.0,89.532907219,22.795637197,0.4601328539848328,84.0,0.5527050089836121,0.4601328539848328,-0.09257215276360511,100,100,10.0,25,92.0,100,2026-03-15,2026-06-01,0.35,10m raster values weighted by exact clipped pixel area
50m_15200_50463,50,2500.0,89.532915561,22.796088437,0.4910690838098526,84.0,0.4628439098596573,0.4910690838098526,0.02822517541004345,100,100,10.0,25,80.0,100,2026-03-15,2026-06-01,0.35,10m raster values weighted by exact clipped pixel area
50m_15200_50464,50,2500.0,89.532923902,22.796539678,0.5567478096485138,84.0,0.6681558442115784,0.5567478096485138,-0.11140803199261427,100,100,10.0,25,60.0,100,2026-03-15,2026-06-01,0.35,10m raster values weighted by exact clipped pixel area
50m_15200_50465,50,2500.0,89.532932244,22.796990918,0.38713435709476474,48.0,0.400552858710289,0.38713435709476474,-0.0134184976387769,100,100,10.0,25,48.0,100,2026-03-15,2026-06-01,0.35,10m raster values weighted by exact clipped pixel area
50m_15200_50466,50,2500.0,89.532940587,22.797442159,0.5002292203903198,80.0,0.47087402135133744,0.5002292203903198,0.02935519229620695,100,100,10.0,25,20.0,100,2026-03-15,2026-06-01,0.35,10m raster values weighted by exact clipped pixel area
50m_15200_50467,50,2500.0,89.532948929,22.797893399,0.5420222961902619,88.0,0.25469791680574416,0.5420222961902619,0.28732437346130607,100,100,10.0,25,0.0,100,2026-03-15,2026-06-01,0.35,10m raster values weighted by exact clipped pixel area
50m_15200_50468,50,2500.0,89.532957272,22.798344639,0.5045999991893768,92.0,0.168765429854393,0.5045999991893768,0.3358345650881529,100,100,10.0,25,0.0,100,2026-03-15,2026-06-01,0.35,10m raster values weighted by exact clipped pixel area
50m_15200_50469,50,2500.0,89.532965614,22.79879588,0.22380908638238906,12.0,0.36223766803741453,0.22380908638238906,-0.13842858139425515,100,100,10.0,25,16.0,100,2026-03-15,2026-06-01,0.35,10m raster values weighted by exact clipped pixel area
50m_15200_50470,50,1825.0074482988566,89.532973332,22.79921327,0.2036123295880924,12.328141842850254,0.5870982587108533,0.2036123295880924,-0.38348593201922115,99.99887867319941,99.99887867319941,9.831247315434478,21,11.066459901069637,99.99887867319941,2026-03-15,2026-06-01,0.35,10m raster values weighted by exact clipped pixel area
50m_15201_50447,50,305.41300141617654,89.533428131,22.788926601,0.2716456038461649,18.33824587374108,0.5683304913092067,0.2716456038461649,-0.2966848850788643,100,100,8.0,6,1.9525152892148339,100,2026-03-15,2026-06-01,0.35,10m raster values weighted by exact clipped pixel area
50m_15201_50448,50,1503.634202296962,89.53331299,22.789311524,0.4355249119344333,76.67178682789417,0.4333124766378942,0.4355249119344333,0.002212433156499966,100,100,8.605052428276675,19,0.4577799373358067,100,2026-03-15,2026-06-01,0.35,10m raster values weighted by exact clipped pixel area
50m_15201_50449,50,2445.922950827267,89.533285461,22.789763335,0.46695902702038694,91.82312754650248,0.40140662260973997,0.46695902702038694,0.06555240855132806,100,100,8.591156377325122,25,0.0,100,2026-03-15,2026-06-01,0.35,10m raster values weighted by exact clipped pixel area
50m_15201_50450,50,2500.0,89.533293802,22.790214576,0.6372317004203797,96.0,0.592954865694046,0.6372317004203797,0.044276835154742004,100,100,8.2,25,88.0,100,2026-03-15,2026-06-01,0.35,10m raster values weighted by exact clipped pixel area
50m_15201_50451,50,2500.0,89.533302142,22.790665816,0.47540162086486815,80.0,0.5487116932868957,0.47540162086486815,-0.07331006854772568,100,100,9.16,25,88.0,100,2026-03-15,2026-06-01,0.35,10m raster values weighted by exact clipped pixel area
50m_15201_50452,50,2500.0,89.533310483,22.791117057,0.6358948135375977,96.0,0.6042415821552276,0.6358948135375977,0.03165322344750166,100,100,9.12,25,96.0,100,2026-03-15,2026-06-01,0.35,10m raster values weighted by exact clipped pixel area
50m_15201_50453,50,2500.0,89.533318824,22.791568298,0.5764775598049163,100.0,0.6412427937984466,0.5764775598049163,-0.06476523204706609,100,100,8.92,25,100.0,100,2026-03-15,2026-06-01,0.35,10m raster values weighted by exact clipped pixel area
50m_15201_50454,50,2500.0,89.533327166,22.792019538,0.4454190230369568,72.0,0.35542022973299026,0.4454190230369568,0.0899987930059433,100,100,8.08,25,76.0,100,2026-03-15,2026-06-01,0.35,10m raster values weighted by exact clipped pixel area
50m_15201_50455,50,2500.0,89.533335507,22.792470779,0.50440414249897,88.0,0.5108726108074189,0.50440414249897,-0.006468469167593867,100,100,8.88,25,48.0,100,2026-03-15,2026-06-01,0.35,10m raster values weighted by exact clipped pixel area
50m_15201_50456,50,2500.0,89.533343849,22.792922019,0.5919263446331025,92.0,0.5278282707929611,0.5919263446331025,0.06409807225922122,100,100,9.0,25,4.0,100,2026-03-15,2026-06-01,0.35,10m raster values weighted by exact clipped pixel area
50m_15201_50457,50,2500.0,89.533352191,22.79337326,0.6819317674636841,100.0,0.6440432739257812,0.6819317674636841,0.03788849254138768,100,100,8.88,25,32.0,100,2026-03-15,2026-06-01,0.35,10m raster values weighted by exact clipped pixel area
50m_15201_50458,50,2500.0,89.533360533,22.7938245,0.6140991878509522,100.0,0.7425996255874634,0.6140991878509522,-0.12850044148042797,100,100,9.0,25,100.0,100,2026-03-15,2026-06-01,0.35,10m raster values weighted by exact clipped pixel area
50m_15201_50459,50,2500.0,89.533368875,22.794275741,0.5499575340747833,88.0,0.691777982711792,0.5499575340747833,-0.14182045057415962,100,100,9.0,25,68.0,100,2026-03-15,2026-06-01,0.35,10m raster values weighted by exact clipped pixel area
50m_15201_50460,50,2500.0,89.533377218,22.794726981,0.6178253376483918,88.0,0.6665441298484802,0.6178253376483918,-0.048718790113925936,100,100,9.24,25,88.0,100,2026-03-15,2026-06-01,0.35,10m raster values weighted by exact clipped pixel area
50m_15201_50461,50,2500.0,89.53338556,22.795178222,0.665278582572937,100.0,0.7027891635894775,0.665278582572937,-0.03751057347282767,100,100,10.0,25,48.0,100,2026-03-15,2026-06-01,0.35,10m raster values weighted by exact clipped pixel area
50m_15201_50462,50,2500.0,89.533393903,22.795629462,0.4843363523483276,76.0,0.637142481803894,0.4843363523483276,-0.1528061304986477,100,100,10.0,25,100.0,100,2026-03-15,2026-06-01,0.35,10m raster values weighted by exact clipped pixel area
50m_15201_50463,50,2500.0,89.533402246,22.796080702,0.4709602677822113,76.0,0.4489049917459488,0.4709602677822113,0.022055275812745093,100,100,10.0,25,60.0,100,2026-03-15,2026-06-01,0.35,10m raster values weighted by exact clipped pixel area
50m_15201_50464,50,2500.0,89.53341059,22.796531943,0.4784076511859894,84.0,0.589905207157135,0.4784076511859894,-0.1114975623600185,100,100,10.0,25,52.0,100,2026-03-15,2026-06-01,0.35,10m raster values weighted by exact clipped pixel area
50m_15201_50465,50,2500.0,89.533418933,22.796983183,0.4104999524354935,64.0,0.4438648784160614,0.4104999524354935,-0.033364925466885326,100,100,10.0,25,48.0,100,2026-03-15,2026-06-01,0.35,10m raster values weighted by exact clipped pixel area
50m_15201_50466,50,2500.0,89.533427277,22.797434423,0.22883365005254747,20.0,0.38797289788722994,0.22883365005254747,-0.15913924496620893,100,100,10.0,25,28.000000000000004,100,2026-03-15,2026-06-01,0.35,10m raster values weighted by exact clipped pixel area
50m_15201_50467,50,2500.0,89.533435621,22.797885663,0.5787417161464691,100.0,0.4391633301973343,0.5787417161464691,0.13957839123904706,100,100,10.0,25,60.0,100,2026-03-15,2026-06-01,0.35,10m raster values weighted by exact clipped pixel area
50m_15201_50468,50,2500.0,89.533443965,22.798336904,0.48934721410274507,76.0,0.38369749426841737,0.48934721410274507,0.10564972246065736,100,100,10.0,25,52.0,100,2026-03-15,2026-06-01,0.35,10m raster values weighted by exact clipped pixel area
50m_15201_50469,50,2500.0,89.53345231,22.798788144,0.252684669457376,24.0,0.39580982804298404,0.252684669457376,-0.143125159740448,100,100,10.0,25,16.0,100,2026-03-15,2026-06-01,0.35,10m raster values weighted by exact clipped pixel area
50m_15201_50470,50,2382.727994510442,89.533460654,22.799239384,0.2356656538846141,20.267534570580644,0.39009701873168195,0.2356656538846141,-0.15443136049088949,99.9999999999329,99.9999999999329,9.75543662732306,25,20.25946711589918,99.9999999999329,2026-03-15,2026-06-01,0.35,10m raster values weighted by exact clipped pixel area
50m_15201_50471,50,42.10393510594498,89.533617372,22.799482868,0.42107345455219014,78.26428656983173,0.7184585979837819,0.42107345455219014,-0.29738512010701684,100,100,9.0,2,100.0,100,2026-03-15,2026-06-01,0.35,10m raster values weighted by exact clipped pixel area
50m_15202_50445,50,223.59000088857283,89.533900214,22.788070451,0.6943797889786734,100.0,0.7326988458859417,0.6943797889786734,-0.038319052710843765,99.99999999937906,99.99999999937906,7.762452087179862,5,100.0,99.99999999937906,2026-03-15,2026-06-01,0.35,10m raster values weighted by exact clipped pixel area
50m_15202_50446,50,1492.2560543462168,89.533784076,22.788401292,0.542351430174226,89.73949277838926,0.5697812135447932,0.542351430174226,-0.027429782310653406,100,100,7.798676349532182,19,29.725279333040007,100,2026-03-15,2026-06-01,0.35,10m raster values weighted by exact clipped pixel area
50m_15202_50447,50,2442.5321269044753,89.533755441,22.78885312,0.6150341059385808,95.90588803731646,0.5758726559774178,0.6150341059385808,0.03916145375454132,100,100,8.0,25,50.87065644779746,100,2026-03-15,2026-06-01,0.35,10m raster values weighted by exact clipped pixel area
50m_15202_50448,50,2500.0,89.533763783,22.78930436,0.5121788638830185,84.0,0.5059344470500946,0.5121788638830185,0.006244416539557278,100,100,8.0,25,16.0,100,2026-03-15,2026-06-01,0.35,10m raster values weighted by exact clipped pixel area
50m_15202_50449,50,2500.0,89.533772125,22.789755601,0.4183023339509964,64.0,0.4789893090724945,0.4183023339509964,-0.060686974581331016,100,100,7.96,25,56.00000000000001,100,2026-03-15,2026-06-01,0.35,10m raster values weighted by exact clipped pixel area
50m_15202_50450,50,2500.0,89.533780467,22.790206842,0.5361157876253128,80.0,0.4843952429294586,0.5361157876253128,0.051720548067241905,100,100,8.56,25,80.0,100,2026-03-15,2026-06-01,0.35,10m raster values weighted by exact clipped pixel area
50m_15202_50451,50,2500.0,89.533788809,22.790658082,0.6479094207286835,96.0,0.5819687020778656,0.6479094207286835,0.06594071995001287,100,100,9.32,25,48.0,100,2026-03-15,2026-06-01,0.35,10m raster values weighted by exact clipped pixel area
50m_15202_50452,50,2500.0,89.533797151,22.791109323,0.6151123750209808,100.0,0.6265286993980408,0.6151123750209808,-0.011416329499334098,100,100,9.92,25,96.0,100,2026-03-15,2026-06-01,0.35,10m raster values weighted by exact clipped pixel area
50m_15202_50453,50,2500.0,89.533805494,22.791560563,0.571943405866623,96.0,0.5889825880527496,0.571943405866623,-0.017039189171046017,100,100,9.6,25,100.0,100,2026-03-15,2026-06-01,0.35,10m raster values weighted by exact clipped pixel area
50m_15202_50454,50,2500.0,89.533813837,22.792011803,0.4940248441696167,72.0,0.4285677492618561,0.4940248441696167,0.06545709213241935,100,100,9.0,25,72.0,100,2026-03-15,2026-06-01,0.35,10m raster values weighted by exact clipped pixel area
50m_15202_50455,50,2500.0,89.53382218,22.792463044,0.5210706865787507,100.0,0.5308965790271759,0.5210706865787507,-0.009825895093381404,100,100,9.0,25,60.0,100,2026-03-15,2026-06-01,0.35,10m raster values weighted by exact clipped pixel area
50m_15202_50456,50,2500.0,89.533830523,22.792914284,0.44201416343450545,64.0,0.4834557694196701,0.44201416343450545,-0.04144160397350788,100,100,8.6,25,44.0,100,2026-03-15,2026-06-01,0.35,10m raster values weighted by exact clipped pixel area
50m_15202_50457,50,2500.0,89.533838867,22.793365525,0.7205261206626892,100.0,0.6239850115776062,0.7205261206626892,0.09654110309667885,100,100,8.0,25,68.0,100,2026-03-15,2026-06-01,0.35,10m raster values weighted by exact clipped pixel area
50m_15202_50458,50,2500.0,89.53384721,22.793816765,0.6054996502399445,96.0,0.7072853469848632,0.6054996502399445,-0.10178569864481687,100,100,8.84,25,100.0,100,2026-03-15,2026-06-01,0.35,10m raster values weighted by exact clipped pixel area
50m_15202_50459,50,2500.0,89.533855554,22.794268005,0.5250621569156647,92.0,0.5065627872943879,0.5250621569156647,0.01849936807528138,100,100,9.24,25,72.0,100,2026-03-15,2026-06-01,0.35,10m raster values weighted by exact clipped pixel area
50m_15202_50460,50,2500.0,89.533863898,22.794719245,0.5937248516082764,100.0,0.6008731365203858,0.5937248516082764,-0.007148277536034584,100,100,9.88,25,92.0,100,2026-03-15,2026-06-01,0.35,10m raster values weighted by exact clipped pixel area
50m_15202_50461,50,2500.0,89.533872243,22.795170486,0.555992523431778,96.0,0.6290770506858826,0.555992523431778,-0.0730845255125314,100,100,10.0,25,88.0,100,2026-03-15,2026-06-01,0.35,10m raster values weighted by exact clipped pixel area
50m_15202_50462,50,2500.0,89.533880587,22.795621726,0.4204161608219147,64.0,0.5898708271980285,0.4204161608219147,-0.16945467183366417,100,100,10.0,25,76.0,100,2026-03-15,2026-06-01,0.35,10m raster values weighted by exact clipped pixel area
50m_15202_50463,50,2500.0,89.533888932,22.796072966,0.4076900964975357,64.0,0.3659236299991608,0.4076900964975357,0.041766463443636895,100,100,10.0,25,48.0,100,2026-03-15,2026-06-01,0.35,10m raster values weighted by exact clipped pixel area
50m_15202_50464,50,2500.0,89.533897277,22.796524206,0.3885947185754776,52.0,0.513568087220192,0.3885947185754776,-0.1249733646120876,100,100,10.0,25,72.0,100,2026-03-15,2026-06-01,0.35,10m raster values weighted by exact clipped pixel area
50m_15202_50465,50,2500.0,89.533905622,22.796975446,0.4869422650337219,84.0,0.5476362192630768,0.4869422650337219,-0.06069395562633872,100,100,10.0,25,64.0,100,2026-03-15,2026-06-01,0.35,10m raster values weighted by exact clipped pixel area
50m_15202_50466,50,2500.0,89.533913967,22.797426686,0.3570717960596085,56.00000000000001,0.6487743544578553,0.3570717960596085,-0.29170256309211257,100,100,10.0,25,40.0,100,2026-03-15,2026-06-01,0.35,10m raster values weighted by exact clipped pixel area
50m_15202_50467,50,2500.0,89.533922313,22.797877926,0.37866645634174345,56.00000000000001,0.5079697489738464,0.37866645634174345,-0.12930328788235784,100,100,10.0,25,76.0,100,2026-03-15,2026-06-01,0.35,10m raster values weighted by exact clipped pixel area
50m_15202_50468,50,2500.0,89.533930659,22.798329166,0.319860577583313,36.0,0.2663470834493637,0.319860577583313,0.05351349208503962,100,100,10.0,25,20.0,100,2026-03-15,2026-06-01,0.35,10m raster values weighted by exact clipped pixel area
50m_15202_50469,50,2500.0,89.533939005,22.798780406,0.3049688655138016,36.0,0.46305975437164304,0.3049688655138016,-0.15809088880196215,100,100,10.0,25,32.0,100,2026-03-15,2026-06-01,0.35,10m raster values weighted by exact clipped pixel area
50m_15202_50470,50,2500.0,89.533947351,22.799231646,0.1866542825102806,8.0,0.39000813603401185,0.1866542825102806,-0.2033538481593132,100,100,9.4,25,4.0,100,2026-03-15,2026-06-01,0.35,10m raster values weighted by exact clipped pixel area
50m_15202_50471,50,524.6564109344035,89.533952901,22.799531682,0.33854874461921586,43.01799259236532,0.6072957560600727,0.33854874461921586,-0.2687470006513278,99.99999999955928,99.99999999955928,9.0,8,10.853831668582025,99.99999999955928,2026-03-15,2026-06-01,0.35,10m raster values weighted by exact clipped pixel area
50m_15203_50444,50,345.57994917627974,89.534339824,22.787591417,0.17924397976343728,7.391337900006743,0.5919481740241775,0.17924397976343728,-0.4127042063033434,99.99999999977848,99.99999999977848,8.0,6,69.37820605211039,99.99999999977848,2026-03-15,2026-06-01,0.35,10m raster values weighted by exact clipped pixel area
50m_15203_50445,50,2163.3006381638443,89.534225415,22.787942904,0.39967031459129926,68.57373216578529,0.47149610931168573,0.39967031459129926,-0.071825799965407,100,100,7.961421919781178,24,26.66431519275964,100,2026-03-15,2026-06-01,0.35,10m raster values weighted by exact clipped pixel area
50m_15203_50446,50,2500.0,89.534233758,22.788394144,0.5507429552078247,96.0,0.5659538781642914,0.5507429552078247,-0.01521091730799526,100,100,8.0,25,24.0,100,2026-03-15,2026-06-01,0.35,10m raster values weighted by exact clipped pixel area
50m_15203_50447,50,2500.0,89.534242101,22.788845385,0.6676170146465301,100.0,0.6121905720233918,0.6676170146465301,0.05542644084431231,100,100,8.0,25,80.0,100,2026-03-15,2026-06-01,0.35,10m raster values weighted by exact clipped pixel area
50m_15203_50448,50,2500.0,89.534250444,22.789296625,0.5182720929384231,76.0,0.5793551301956177,0.5182720929384231,-0.06108303152024746,100,100,8.0,25,64.0,100,2026-03-15,2026-06-01,0.35,10m raster values weighted by exact clipped pixel area
50m_15203_50449,50,2500.0,89.534258788,22.789747866,0.46110849201679227,68.0,0.4984454071521759,0.46110849201679227,-0.037336916401982306,100,100,8.04,25,60.0,100,2026-03-15,2026-06-01,0.35,10m raster values weighted by exact clipped pixel area
50m_15203_50450,50,2500.0,89.534267131,22.790199106,0.5574503242969513,92.0,0.5596445310115814,0.5574503242969513,-0.0021942007541656495,100,100,9.04,25,100.0,100,2026-03-15,2026-06-01,0.35,10m raster values weighted by exact clipped pixel area
50m_15203_50451,50,2500.0,89.534275475,22.790650346,0.614807323217392,100.0,0.5066891008615494,0.614807323217392,0.10811821823939681,100,100,9.32,25,100.0,100,2026-03-15,2026-06-01,0.35,10m raster values weighted by exact clipped pixel area
50m_15203_50452,50,2500.0,89.534283819,22.791101587,0.47302631139755247,80.0,0.5436165428161621,0.47302631139755247,-0.07059023592621089,100,100,10.0,25,36.0,100,2026-03-15,2026-06-01,0.35,10m raster values weighted by exact clipped pixel area
50m_15203_50453,50,2500.0,89.534292163,22.791552827,0.5156701987981797,80.0,0.6576239418983459,0.5156701987981797,-0.14195374316535891,100,100,9.64,25,96.0,100,2026-03-15,2026-06-01,0.35,10m raster values weighted by exact clipped pixel area
50m_15203_50454,50,2500.0,89.534300508,22.792004067,0.5406368577480316,96.0,0.5348809969425201,0.5406368577480316,0.00575586399063468,100,100,9.0,25,76.0,100,2026-03-15,2026-06-01,0.35,10m raster values weighted by exact clipped pixel area
50m_15203_50455,50,2500.0,89.534308852,22.792455307,0.504352697134018,92.0,0.5130092537403107,0.504352697134018,-0.008656560145318508,100,100,8.28,25,20.0,100,2026-03-15,2026-06-01,0.35,10m raster values weighted by exact clipped pixel area
50m_15203_50456,50,2500.0,89.534317197,22.792906548,0.4831727170944214,72.0,0.44202136039733886,0.4831727170944214,0.041151355747133495,100,100,8.0,25,76.0,100,2026-03-15,2026-06-01,0.35,10m raster values weighted by exact clipped pixel area
50m_15203_50457,50,2500.0,89.534325542,22.793357788,0.40010583758354185,56.00000000000001,0.4515757444500923,0.40010583758354185,-0.05146990717388689,100,100,8.16,25,60.0,100,2026-03-15,2026-06-01,0.35,10m raster values weighted by exact clipped pixel area
50m_15203_50458,50,2500.0,89.534333888,22.793809028,0.4178740632534027,72.0,0.5838350254297257,0.4178740632534027,-0.1659609606862068,100,100,9.12,25,64.0,100,2026-03-15,2026-06-01,0.35,10m raster values weighted by exact clipped pixel area
50m_15203_50459,50,2500.0,89.534342233,22.794260268,0.3427952533960342,36.0,0.4382460874319076,0.3427952533960342,-0.09545083452016115,100,100,9.96,25,32.0,100,2026-03-15,2026-06-01,0.35,10m raster values weighted by exact clipped pixel area
50m_15203_50460,50,2500.0,89.534350579,22.794711508,0.46959678411483763,72.0,0.46749168515205386,0.46959678411483763,0.0021050998196005823,100,100,10.0,25,76.0,100,2026-03-15,2026-06-01,0.35,10m raster values weighted by exact clipped pixel area
50m_15203_50461,50,2500.0,89.534358925,22.795162748,0.4942289054393768,84.0,0.5183272087574005,0.4942289054393768,-0.02409830007702112,100,100,10.0,25,48.0,100,2026-03-15,2026-06-01,0.35,10m raster values weighted by exact clipped pixel area
50m_15203_50462,50,2500.0,89.534367271,22.795613988,0.5638656878471374,96.0,0.5784731519222259,0.5638656878471374,-0.014607457667589188,100,100,10.0,25,60.0,100,2026-03-15,2026-06-01,0.35,10m raster values weighted by exact clipped pixel area
50m_15203_50463,50,2500.0,89.534375617,22.796065228,0.5741055488586426,96.0,0.513599728345871,0.5741055488586426,0.060505815111100675,100,100,10.0,25,68.0,100,2026-03-15,2026-06-01,0.35,10m raster values weighted by exact clipped pixel area
50m_15203_50464,50,2500.0,89.534383964,22.796516468,0.5715623915195465,92.0,0.5549094521999359,0.5715623915195465,0.01665293746627867,100,100,10.0,25,72.0,100,2026-03-15,2026-06-01,0.35,10m raster values weighted by exact clipped pixel area
50m_15203_50465,50,2500.0,89.534392311,22.796967708,0.4869971877336502,64.0,0.5808213925361634,0.4869971877336502,-0.09382421160116791,100,100,10.0,25,92.0,100,2026-03-15,2026-06-01,0.35,10m raster values weighted by exact clipped pixel area
50m_15203_50466,50,2500.0,89.534400658,22.797418948,0.566434765458107,80.0,0.6052251052856445,0.566434765458107,-0.0387903381884098,100,100,10.0,25,76.0,100,2026-03-15,2026-06-01,0.35,10m raster values weighted by exact clipped pixel area
50m_15203_50467,50,2500.0,89.534409005,22.797870188,0.36989783108234403,56.00000000000001,0.4077518701553345,0.36989783108234403,-0.03785404033958912,100,100,10.0,25,20.0,100,2026-03-15,2026-06-01,0.35,10m raster values weighted by exact clipped pixel area
50m_15203_50468,50,2500.0,89.534417352,22.798321428,0.19925996229052545,16.0,0.2250595608353615,0.19925996229052545,-0.025799595043063162,100,100,10.0,25,0.0,100,2026-03-15,2026-06-01,0.35,10m raster values weighted by exact clipped pixel area
50m_15203_50469,50,2500.0,89.5344257,22.798772668,0.3165036696195602,36.0,0.3219659042358398,0.3165036696195602,-0.005462236804887653,100,100,9.64,25,16.0,100,2026-03-15,2026-06-01,0.35,10m raster values weighted by exact clipped pixel area
50m_15203_50470,50,2500.0,89.534434048,22.799223907,0.2181398344039917,12.0,0.2553460681438446,0.2181398344039917,-0.03720623567700386,100,100,9.0,25,0.0,100,2026-03-15,2026-06-01,0.35,10m raster values weighted by exact clipped pixel area
50m_15203_50471,50,1124.48089227546,89.5344406,22.799578076,0.17974152877107405,15.812933805464342,0.4347547716077457,0.17974152877107405,-0.2550132443921351,99.99999999979892,99.99999999979892,8.999999999999998,14,11.187329061635252,99.99999999979892,2026-03-15,2026-06-01,0.35,10m raster values weighted by exact clipped pixel area
50m_15204_50443,50,429.72863873370954,89.534797821,22.787138394,0.5041974323142563,93.32517469789462,0.5755441603852647,0.5041974323142563,-0.07134673569788413,99.99504318324097,99.99504318324097,8.933251746978947,6,70.10096954029295,99.99504318324097,2026-03-15,2026-06-01,0.35,10m raster values weighted by exact clipped pixel area
50m_15204_50444,50,2267.4480255816707,89.534703727,22.787483927,0.4690028007357765,82.35902232435832,0.485304753559527,0.4690028007357765,-0.01630195587804168,100,100,8.779487779054481,24,20.61560045961241,100,2026-03-15,2026-06-01,0.35,10m raster values weighted by exact clipped pixel area
50m_15204_50445,50,2500.0,89.534712072,22.787935168,0.5706587898731231,96.0,0.6133712899684906,0.5706587898731231,-0.04271249772049487,100,100,8.0,25,60.0,100,2026-03-15,2026-06-01,0.35,10m raster values weighted by exact clipped pixel area
50m_15204_50446,50,2500.0,89.534720416,22.788386408,0.2684058538079262,28.000000000000004,0.4117820876836777,0.2684058538079262,-0.14337623128667473,100,100,8.0,25,0.0,100,2026-03-15,2026-06-01,0.35,10m raster values weighted by exact clipped pixel area
50m_15204_50447,50,2500.0,89.53472876,22.788837648,0.44310805320739743,64.0,0.45535804390907286,0.44310805320739743,-0.012249988010153175,100,100,8.32,25,40.0,100,2026-03-15,2026-06-01,0.35,10m raster values weighted by exact clipped pixel area
50m_15204_50448,50,2500.0,89.534737105,22.789288888,0.39176360189914705,48.0,0.4007262027263641,0.39176360189914705,-0.008962598671205342,100,100,8.84,25,52.0,100,2026-03-15,2026-06-01,0.35,10m raster values weighted by exact clipped pixel area
50m_15204_50449,50,2500.0,89.53474545,22.789740129,0.614316600561142,100.0,0.6287829506397248,0.614316600561142,-0.01446634527295828,100,100,9.2,25,88.0,100,2026-03-15,2026-06-01,0.35,10m raster values weighted by exact clipped pixel area
50m_15204_50450,50,2500.0,89.534753795,22.790191369,0.49001434445381165,76.0,0.5208923482894897,0.49001434445381165,-0.030878008548170327,100,100,10.0,25,92.0,100,2026-03-15,2026-06-01,0.35,10m raster values weighted by exact clipped pixel area
50m_15204_50451,50,2500.0,89.534762141,22.790642609,0.6334855854511261,100.0,0.415107199549675,0.6334855854511261,0.2183783820271492,100,100,10.0,25,80.0,100,2026-03-15,2026-06-01,0.35,10m raster values weighted by exact clipped pixel area
50m_15204_50452,50,2500.0,89.534770487,22.791093849,0.5996897411346436,96.0,0.5910688865184784,0.5996897411346436,0.008620855584740638,100,100,10.0,25,92.0,100,2026-03-15,2026-06-01,0.35,10m raster values weighted by exact clipped pixel area
50m_15204_50453,50,2500.0,89.534778832,22.791545089,0.6770073771476746,100.0,0.6462204480171203,0.6770073771476746,0.030786929186433554,100,100,9.48,25,100.0,100,2026-03-15,2026-06-01,0.35,10m raster values weighted by exact clipped pixel area
50m_15204_50454,50,2500.0,89.534787178,22.791996329,0.44531218588352206,60.0,0.6384393858909607,0.44531218588352206,-0.19312719956040383,100,100,8.8,25,56.00000000000001,100,2026-03-15,2026-06-01,0.35,10m raster values weighted by exact clipped pixel area
50m_15204_50455,50,2500.0,89.534795525,22.792447569,0.5110701829195022,72.0,0.49237300157547,0.5110701829195022,0.018697175653651355,100,100,8.0,25,56.00000000000001,100,2026-03-15,2026-06-01,0.35,10m raster values weighted by exact clipped pixel area
50m_15204_50456,50,2500.0,89.534803871,22.792898809,0.3335868114233017,48.0,0.3955149722099304,0.3335868114233017,-0.0619281583186239,100,100,8.0,25,20.0,100,2026-03-15,2026-06-01,0.35,10m raster values weighted by exact clipped pixel area
50m_15204_50457,50,2500.0,89.534812218,22.793350049,0.39121747136116025,60.0,0.4533281469345093,0.39121747136116025,-0.06211067648837343,100,100,8.44,25,56.00000000000001,100,2026-03-15,2026-06-01,0.35,10m raster values weighted by exact clipped pixel area
50m_15204_50458,50,2500.0,89.534820565,22.793801289,0.3566796863079071,52.0,0.3910354095697403,0.3566796863079071,-0.0343557259067893,100,100,9.32,25,28.000000000000004,100,2026-03-15,2026-06-01,0.35,10m raster values weighted by exact clipped pixel area
50m_15204_50459,50,2500.0,89.534828912,22.794252529,0.34236652135849,56.00000000000001,0.27852016299962995,0.34236652135849,0.06384636037051677,100,100,9.92,25,4.0,100,2026-03-15,2026-06-01,0.35,10m raster values weighted by exact clipped pixel area
50m_15204_50460,50,2500.0,89.534837259,22.794703769,0.3030089795589447,36.0,0.42592982947826385,0.3030089795589447,-0.12292084824293852,100,100,10.0,25,20.0,100,2026-03-15,2026-06-01,0.35,10m raster values weighted by exact clipped pixel area
50m_15204_50461,50,2500.0,89.534845607,22.795155009,0.502386491894722,88.0,0.3603199341893196,0.502386491894722,0.14206655735499227,100,100,9.08,25,68.0,100,2026-03-15,2026-06-01,0.35,10m raster values weighted by exact clipped pixel area
50m_15204_50462,50,2500.0,89.534853954,22.795606249,0.5975833702087402,88.0,0.5609505611658097,0.5975833702087402,0.03663281030952931,100,100,9.04,25,80.0,100,2026-03-15,2026-06-01,0.35,10m raster values weighted by exact clipped pixel area
50m_15204_50463,50,2500.0,89.534862302,22.796057489,0.46476764023303985,68.0,0.4332984280586243,0.46476764023303985,0.03146920713130385,100,100,9.56,25,56.00000000000001,100,2026-03-15,2026-06-01,0.35,10m raster values weighted by exact clipped pixel area
50m_15204_50464,50,2500.0,89.534870651,22.796508729,0.6023231714963913,96.0,0.5905993199348449,0.6023231714963913,0.011723849596455694,100,100,10.0,25,96.0,100,2026-03-15,2026-06-01,0.35,10m raster values weighted by exact clipped pixel area
50m_15204_50465,50,2500.0,89.534878999,22.796959968,0.6612616562843323,96.0,0.5706429678201675,0.6612616562843323,0.09061868507415057,100,100,10.0,25,92.0,100,2026-03-15,2026-06-01,0.35,10m raster values weighted by exact clipped pixel area
50m_15204_50466,50,2500.0,89.534887347,22.797411208,0.6869989848136902,100.0,0.6699306046962739,0.6869989848136902,0.017068388108164072,100,100,10.0,25,32.0,100,2026-03-15,2026-06-01,0.35,10m raster values weighted by exact clipped pixel area
50m_15204_50467,50,2500.0,89.534895696,22.797862448,0.48325799822807314,68.0,0.44666117906570435,0.48325799822807314,0.036596815846860406,100,100,10.0,25,20.0,100,2026-03-15,2026-06-01,0.35,10m raster values weighted by exact clipped pixel area
50m_15204_50468,50,2500.0,89.534904045,22.798313688,0.36720824494957927,44.0,0.3070285081863403,0.36720824494957927,0.06017973433248699,100,100,10.0,25,28.000000000000004,100,2026-03-15,2026-06-01,0.35,10m raster values weighted by exact clipped pixel area
50m_15204_50469,50,2500.0,89.534912394,22.798764927,0.5414746820926666,92.0,0.44955760180950166,0.5414746820926666,0.09191708015277981,100,100,9.36,25,32.0,100,2026-03-15,2026-06-01,0.35,10m raster values weighted by exact clipped pixel area
50m_15204_50470,50,2500.0,89.534920744,22.799216167,0.3067645224928856,28.000000000000004,0.3280424958467483,0.3067645224928856,-0.02127797219902277,100,100,9.0,25,0.0,100,2026-03-15,2026-06-01,0.35,10m raster values weighted by exact clipped pixel area
50m_15204_50471,50,1724.3053735932335,89.534928299,22.799624468,0.22199102082772543,13.260201857051007,0.30103866807155133,0.22199102082772543,-0.07904764680435566,99.97164730458873,99.97164730458873,9.0,20,5.619804484350047,99.97164730458873,2026-03-15,2026-06-01,0.35,10m raster values weighted by exact clipped pixel area
50m_15205_50442,50,73.28687952532859,89.535348618,22.786751736,0.3002683782597907,10.346523203641347,0.5466882601227938,0.3002683782597907,-0.2464198497480526,99.9999999999649,99.9999999999649,9.0,2,10.346523203641347,99.9999999999649,2026-03-15,2026-06-01,0.35,10m raster values weighted by exact clipped pixel area
50m_15205_50443,50,2080.782482741255,89.535182036,22.787024949,0.3854548521732528,49.091641770448504,0.4115852389743348,0.3854548521732528,-0.02613039179608074,99.99999999999099,99.99999999999099,8.187754565043104,23,4.80588436462938,99.99999999999099,2026-03-15,2026-06-01,0.35,10m raster values weighted by exact clipped pixel area
50m_15205_50444,50,2500.0,89.535190382,22.78747619,0.28623996376991273,28.000000000000004,0.4462434238195419,0.28623996376991273,-0.1600034588575363,100,100,8.48,25,36.0,100,2026-03-15,2026-06-01,0.35,10m raster values weighted by exact clipped pixel area
50m_15205_50445,50,2500.0,89.535198728,22.78792743,0.3754332730174065,60.0,0.3963054859638214,0.3754332730174065,-0.020872217379510404,100,100,8.16,25,40.0,100,2026-03-15,2026-06-01,0.35,10m raster values weighted by exact clipped pixel area
50m_15205_50446,50,2500.0,89.535207074,22.78837867,0.35123554050922395,32.0,0.4601728641986847,0.35123554050922395,-0.10893732393160463,100,100,8.48,25,20.0,100,2026-03-15,2026-06-01,0.35,10m raster values weighted by exact clipped pixel area
50m_15205_50447,50,2500.0,89.53521542,22.78882991,0.34547277212142946,48.0,0.421182234287262,0.34547277212142946,-0.07570946855470538,100,100,9.08,25,0.0,100,2026-03-15,2026-06-01,0.35,10m raster values weighted by exact clipped pixel area
50m_15205_50448,50,2500.0,89.535223766,22.78928115,0.2870422601699829,16.0,0.3378788888454437,0.2870422601699829,-0.050836627893149855,100,100,9.48,25,0.0,100,2026-03-15,2026-06-01,0.35,10m raster values weighted by exact clipped pixel area
50m_15205_50449,50,2500.0,89.535232113,22.78973239,0.43489583253860475,68.0,0.5027357065677642,0.43489583253860475,-0.06783987008035183,100,100,9.84,25,44.0,100,2026-03-15,2026-06-01,0.35,10m raster values weighted by exact clipped pixel area
50m_15205_50450,50,2500.0,89.53524046,22.79018363,0.4957633376121521,88.0,0.6099071609973907,0.4957633376121521,-0.11414381774142385,100,100,10.0,25,92.0,100,2026-03-15,2026-06-01,0.35,10m raster values weighted by exact clipped pixel area
50m_15205_50451,50,2500.0,89.535248807,22.79063487,0.42530894100666045,60.0,0.6075899690389633,0.42530894100666045,-0.18228103160858156,100,100,10.0,25,68.0,100,2026-03-15,2026-06-01,0.35,10m raster values weighted by exact clipped pixel area
50m_15205_50452,50,2500.0,89.535257154,22.79108611,0.4509210669994354,64.0,0.42315791845321654,0.4509210669994354,0.027763150492683054,100,100,9.92,25,48.0,100,2026-03-15,2026-06-01,0.35,10m raster values weighted by exact clipped pixel area
50m_15205_50453,50,2500.0,89.535265501,22.79153735,0.2953562453389168,32.0,0.36152921348810196,0.2953562453389168,-0.06617296360898763,100,100,9.56,25,40.0,100,2026-03-15,2026-06-01,0.35,10m raster values weighted by exact clipped pixel area
50m_15205_50454,50,2500.0,89.535273849,22.79198859,0.36169383585453035,60.0,0.27736069679260256,0.36169383585453035,0.0843331398256123,100,100,9.12,25,40.0,100,2026-03-15,2026-06-01,0.35,10m raster values weighted by exact clipped pixel area
50m_15205_50455,50,2500.0,89.535282197,22.79243983,0.40811259746551515,56.00000000000001,0.5452341675758362,0.40811259746551515,-0.13712157875299455,100,100,8.08,25,80.0,100,2026-03-15,2026-06-01,0.35,10m raster values weighted by exact clipped pixel area
50m_15205_50456,50,2500.0,89.535290545,22.79289107,0.3181392580270767,40.0,0.378057861328125,0.3181392580270767,-0.05991860080510378,100,100,8.0,25,12.0,100,2026-03-15,2026-06-01,0.35,10m raster values weighted by exact clipped pixel area
50m_15205_50457,50,2500.0,89.535298893,22.79334231,0.5271936178207397,100.0,0.47382181882858276,0.5271936178207397,0.05337180104106665,100,100,8.76,25,100.0,100,2026-03-15,2026-06-01,0.35,10m raster values weighted by exact clipped pixel area
50m_15205_50458,50,2500.0,89.535307242,22.793793549,0.5163385725021362,80.0,0.6173998987674714,0.5163385725021362,-0.10106132690154482,100,100,9.76,25,80.0,100,2026-03-15,2026-06-01,0.35,10m raster values weighted by exact clipped pixel area
50m_15205_50459,50,2500.0,89.53531559,22.794244789,0.23673912167549133,24.0,0.3524715381860733,0.23673912167549133,-0.11573241423815489,100,100,9.84,25,12.0,100,2026-03-15,2026-06-01,0.35,10m raster values weighted by exact clipped pixel area
50m_15205_50460,50,2500.0,89.535323939,22.794696029,0.39640199214220045,64.0,0.4020692119002342,0.39640199214220045,-0.005667216125875712,100,100,10.0,25,16.0,100,2026-03-15,2026-06-01,0.35,10m raster values weighted by exact clipped pixel area
50m_15205_50461,50,2500.0,89.535332288,22.795147269,0.3787134566903114,60.0,0.3480281788110733,0.3787134566903114,0.0306852781586349,100,100,9.08,25,28.000000000000004,100,2026-03-15,2026-06-01,0.35,10m raster values weighted by exact clipped pixel area
50m_15205_50462,50,2500.0,89.535340638,22.795598508,0.3327675598859787,40.0,0.2949255734682083,0.3327675598859787,0.03784198509529233,100,100,9.0,25,20.0,100,2026-03-15,2026-06-01,0.35,10m raster values weighted by exact clipped pixel area
50m_15205_50463,50,2500.0,89.535348987,22.796049748,0.3537453675270081,48.0,0.32327921226620676,0.3537453675270081,0.03046615978702903,100,100,9.08,25,0.0,100,2026-03-15,2026-06-01,0.35,10m raster values weighted by exact clipped pixel area
50m_15205_50464,50,2500.0,89.535357337,22.796500988,0.3788884770870209,56.00000000000001,0.4029398918151855,0.3788884770870209,-0.024051414616405965,100,100,10.0,25,20.0,100,2026-03-15,2026-06-01,0.35,10m raster values weighted by exact clipped pixel area
50m_15205_50465,50,2500.0,89.535365687,22.796952227,0.4221989399194717,68.0,0.4202327340841293,0.4221989399194717,0.0019662098586559294,100,100,10.0,25,40.0,100,2026-03-15,2026-06-01,0.35,10m raster values weighted by exact clipped pixel area
50m_15205_50466,50,2500.0,89.535374037,22.797403467,0.3860700652003288,60.0,0.4935931932926178,0.3860700652003288,-0.10752313101664185,100,100,10.0,25,24.0,100,2026-03-15,2026-06-01,0.35,10m raster values weighted by exact clipped pixel area
50m_15205_50467,50,2500.0,89.535382388,22.797854706,0.41957480311393736,68.0,0.5980646288394929,0.41957480311393736,-0.17848982889205217,100,100,10.0,25,32.0,100,2026-03-15,2026-06-01,0.35,10m raster values weighted by exact clipped pixel area
50m_15205_50468,50,2500.0,89.535390738,22.798305946,0.34246824964880945,48.0,0.37788344323635104,0.34246824964880945,-0.03541519623249769,100,100,10.0,25,52.0,100,2026-03-15,2026-06-01,0.35,10m raster values weighted by exact clipped pixel area
50m_15205_50469,50,2500.0,89.535399089,22.798757185,0.5257307577133179,72.0,0.5707637882232666,0.5257307577133179,-0.04503303396515548,100,100,9.92,25,48.0,100,2026-03-15,2026-06-01,0.35,10m raster values weighted by exact clipped pixel area
50m_15205_50470,50,2500.0,89.53540744,22.799208425,0.4074103853106499,56.00000000000001,0.5193616133928299,0.4074103853106499,-0.11195122603327036,100,100,9.0,25,52.0,100,2026-03-15,2026-06-01,0.35,10m raster values weighted by exact clipped pixel area
50m_15205_50471,50,2311.304068407979,89.535415791,22.799659664,0.2304205480313918,13.4687630528657,0.39082430812345487,0.2304205480313918,-0.16040376002584966,99.99999999985685,99.99999999985685,9.0,25,4.326561847356715,99.99999999985685,2026-03-15,2026-06-01,0.35,10m raster values weighted by exact clipped pixel area
50m_15205_50472,50,12.825786503057538,89.535613199,22.799893408,0.5320614576339722,100.0,0.6197758913040161,0.5320614576339722,-0.08771442621946335,99.89195972531354,99.89195972531354,9.0,1,0.0,99.89195972531354,2026-03-15,2026-06-01,0.35,10m raster values weighted by exact clipped pixel area
50m_15206_50442,50,1340.1989007252268,89.535660871,22.786594555,0.4313607275962012,83.59479914914886,0.4379274413676778,0.4313607275962012,-0.006566714265258632,99.99828191576518,99.99828191576518,9.0,17,0.0,99.99828191576518,2026-03-15,2026-06-01,0.35,10m raster values weighted by exact clipped pixel area
50m_15206_50443,50,2500.0,89.535668689,22.78701721,0.318984269797802,40.0,0.5667853283882142,0.318984269797802,-0.2478010626870673,100,100,8.64,25,40.0,100,2026-03-15,2026-06-01,0.35,10m raster values weighted by exact clipped pixel area
50m_15206_50444,50,2500.0,89.535677036,22.787468451,0.25082618065178397,28.000000000000004,0.40957363426685334,0.25082618065178397,-0.15874745324254036,100,100,7.96,25,40.0,100,2026-03-15,2026-06-01,0.35,10m raster values weighted by exact clipped pixel area
50m_15206_50445,50,2500.0,89.535685384,22.787919691,0.3449652880430222,44.0,0.4399100410938263,0.3449652880430222,-0.09494475580751896,100,100,8.12,25,32.0,100,2026-03-15,2026-06-01,0.35,10m raster values weighted by exact clipped pixel area
50m_15206_50446,50,2500.0,89.535693731,22.788370931,0.3437544444203377,52.0,0.41456269443035126,0.3437544444203377,-0.07080824878066778,100,100,8.24,25,4.0,100,2026-03-15,2026-06-01,0.35,10m raster values weighted by exact clipped pixel area
50m_15206_50447,50,2500.0,89.535702079,22.78882217,0.4896337240934372,72.0,0.5275874489545822,0.4896337240934372,-0.03795372933149338,100,100,9.68,25,56.00000000000001,100,2026-03-15,2026-06-01,0.35,10m raster values weighted by exact clipped pixel area
50m_15206_50448,50,2500.0,89.535710427,22.78927341,0.33351223945617675,20.0,0.32607420086860656,0.33351223945617675,0.007438037693500519,100,100,10.0,25,4.0,100,2026-03-15,2026-06-01,0.35,10m raster values weighted by exact clipped pixel area
50m_15206_50449,50,2500.0,89.535718775,22.78972465,0.361138591170311,52.0,0.3653527516126633,0.361138591170311,-0.004214160460978746,100,100,10.0,25,0.0,100,2026-03-15,2026-06-01,0.35,10m raster values weighted by exact clipped pixel area
50m_15206_50450,50,2500.0,89.535727123,22.79017589,0.3004088395833969,36.0,0.33361588180065155,0.3004088395833969,-0.03320703951641917,100,100,9.92,25,12.0,100,2026-03-15,2026-06-01,0.35,10m raster values weighted by exact clipped pixel area
50m_15206_50451,50,2500.0,89.535735472,22.79062713,0.41306710839271543,64.0,0.4545706644654274,0.41306710839271543,-0.04150354854762554,100,100,9.76,25,16.0,100,2026-03-15,2026-06-01,0.35,10m raster values weighted by exact clipped pixel area
50m_15206_50452,50,2500.0,89.535743821,22.79107837,0.2955969277024269,40.0,0.38653198778629305,0.2955969277024269,-0.09093505444936455,100,100,9.6,25,12.0,100,2026-03-15,2026-06-01,0.35,10m raster values weighted by exact clipped pixel area
50m_15206_50453,50,2500.0,89.53575217,22.79152961,0.27931383907794954,28.000000000000004,0.3036602082848549,0.27931383907794954,-0.024346367781981827,100,100,9.76,25,0.0,100,2026-03-15,2026-06-01,0.35,10m raster values weighted by exact clipped pixel area
50m_15206_50454,50,2500.0,89.535760519,22.791980849,0.3532599252462387,44.0,0.4509720093011856,0.3532599252462387,-0.09771208621561528,100,100,9.52,25,16.0,100,2026-03-15,2026-06-01,0.35,10m raster values weighted by exact clipped pixel area
50m_15206_50455,50,2500.0,89.535768869,22.792432089,0.21589321076869963,4.0,0.22016167014837265,0.21589321076869963,-0.0042684577405452725,100,100,9.0,25,4.0,100,2026-03-15,2026-06-01,0.35,10m raster values weighted by exact clipped pixel area
50m_15206_50456,50,2500.0,89.535777218,22.792883329,0.3527913773059845,56.00000000000001,0.3379255896806717,0.3527913773059845,0.014865786723094061,100,100,8.8,25,8.0,100,2026-03-15,2026-06-01,0.35,10m raster values weighted by exact clipped pixel area
50m_15206_50457,50,2500.0,89.535785568,22.793334568,0.4359626889228821,76.0,0.4633892822265625,0.4359626889228821,-0.027426595464348794,100,100,9.04,25,60.0,100,2026-03-15,2026-06-01,0.35,10m raster values weighted by exact clipped pixel area
50m_15206_50458,50,2500.0,89.535793918,22.793785808,0.5193556076288224,76.0,0.6465112519264221,0.5193556076288224,-0.12715564822079614,100,100,9.68,25,88.0,100,2026-03-15,2026-06-01,0.35,10m raster values weighted by exact clipped pixel area
50m_15206_50459,50,2500.0,89.535802269,22.794237048,0.414000985622406,64.0,0.45566140472888944,0.414000985622406,-0.04166042249649763,100,100,9.84,25,24.0,100,2026-03-15,2026-06-01,0.35,10m raster values weighted by exact clipped pixel area
50m_15206_50460,50,2500.0,89.535810619,22.794688287,0.416658793091774,56.00000000000001,0.345471596121788,0.416658793091774,0.07118719757301734,100,100,9.88,25,20.0,100,2026-03-15,2026-06-01,0.35,10m raster values weighted by exact clipped pixel area
50m_15206_50461,50,2500.0,89.53581897,22.795139527,0.3502789524197578,60.0,0.3399651493132114,0.3502789524197578,0.010313805267214775,100,100,9.88,25,12.0,100,2026-03-15,2026-06-01,0.35,10m raster values weighted by exact clipped pixel area
50m_15206_50462,50,2500.0,89.535827321,22.795590766,0.42939519345760346,84.0,0.37371912896633147,0.42939519345760346,0.05567606527358294,100,100,9.48,25,48.0,100,2026-03-15,2026-06-01,0.35,10m raster values weighted by exact clipped pixel area
50m_15206_50463,50,2500.0,89.535835672,22.796042006,0.41900608509778975,68.0,0.4356410402059555,0.41900608509778975,-0.01663496139459312,100,100,9.72,25,32.0,100,2026-03-15,2026-06-01,0.35,10m raster values weighted by exact clipped pixel area
50m_15206_50464,50,2500.0,89.535844023,22.796493245,0.3428619888424873,28.000000000000004,0.364871441423893,0.3428619888424873,-0.02200945164891891,100,100,10.0,25,12.0,100,2026-03-15,2026-06-01,0.35,10m raster values weighted by exact clipped pixel area
50m_15206_50465,50,2500.0,89.535852375,22.796944485,0.4203571885824203,76.0,0.4478998017311096,0.4203571885824203,-0.027542616818100215,100,100,10.0,25,28.000000000000004,100,2026-03-15,2026-06-01,0.35,10m raster values weighted by exact clipped pixel area
50m_15206_50466,50,2500.0,89.535860727,22.797395724,0.5372444891929626,96.0,0.5711525118350983,0.5372444891929626,-0.033908019065856936,100,100,10.0,25,100.0,100,2026-03-15,2026-06-01,0.35,10m raster values weighted by exact clipped pixel area
50m_15206_50467,50,2500.0,89.535869079,22.797846963,0.3354782348871231,36.0,0.4869604730606079,0.3354782348871231,-0.15148223279509693,100,100,10.0,25,16.0,100,2026-03-15,2026-06-01,0.35,10m raster values weighted by exact clipped pixel area
50m_15206_50468,50,2500.0,89.535877431,22.798298203,0.1782717277109623,8.0,0.2512765461206436,0.1782717277109623,-0.073004818726331,100,100,10.0,25,8.0,100,2026-03-15,2026-06-01,0.35,10m raster values weighted by exact clipped pixel area
50m_15206_50469,50,2500.0,89.535885783,22.798749442,0.46329045951366427,84.0,0.35172002255916596,0.46329045951366427,0.11157044470310211,100,100,10.0,25,36.0,100,2026-03-15,2026-06-01,0.35,10m raster values weighted by exact clipped pixel area
50m_15206_50470,50,2500.0,89.535894136,22.799200681,0.385596929192543,64.0,0.43873137056827544,0.385596929192543,-0.053134439787827434,100,100,9.96,25,60.0,100,2026-03-15,2026-06-01,0.35,10m raster values weighted by exact clipped pixel area
50m_15206_50471,50,2500.0,89.535902489,22.799651921,0.22368726074695588,12.0,0.32477009028196335,0.22368726074695588,-0.10108282767236233,100,100,9.56,25,8.0,100,2026-03-15,2026-06-01,0.35,10m raster values weighted by exact clipped pixel area
50m_15206_50472,50,423.9543362520635,89.535907875,22.799942868,0.32241819772064495,52.87584119669803,0.5445826721411655,0.32241819772064495,-0.22216447425527736,99.99999999944953,99.99999999944953,9.569779930540738,7,49.24677698815452,99.99999999944953,2026-03-15,2026-06-01,0.35,10m raster values weighted by exact clipped pixel area
50m_15207_50441,50,349.2693006285848,89.536193907,22.786251356,0.3896855319306343,52.10723893268104,0.27733396955158013,0.3896855319306343,0.11235155875323799,99.99999999953187,99.99999999953187,9.0,6,0.0,99.99999999953187,2026-03-15,2026-06-01,0.35,10m raster values weighted by exact clipped pixel area
50m_15207_50442,50,2468.861516401398,89.536146993,22.78655823,0.3817249974581424,60.750802905643475,0.3455297306403271,0.3817249974581424,0.036195266392548234,99.9999999999901,99.9999999999901,9.000000000000002,25,0.0,99.9999999999901,2026-03-15,2026-06-01,0.35,10m raster values weighted by exact clipped pixel area
50m_15207_50443,50,2500.0,89.536155342,22.78700947,0.29035974979400636,32.0,0.6566210222244263,0.29035974979400636,-0.3662612730264664,100,100,9.0,25,76.0,100,2026-03-15,2026-06-01,0.35,10m raster values weighted by exact clipped pixel area
50m_15207_50444,50,2500.0,89.53616369,22.78746071,0.5402053952217102,96.0,0.5425159521400928,0.5402053952217102,-0.0023105621337890627,100,100,8.4,25,92.0,100,2026-03-15,2026-06-01,0.35,10m raster values weighted by exact clipped pixel area
50m_15207_50445,50,2500.0,89.536172039,22.78791195,0.5689699149131775,100.0,0.6589119505882263,0.5689699149131775,-0.08994203187525272,100,100,8.2,25,44.0,100,2026-03-15,2026-06-01,0.35,10m raster values weighted by exact clipped pixel area
50m_15207_50446,50,2500.0,89.536180388,22.78836319,0.2925638991594315,36.0,0.3798792797327042,0.2925638991594315,-0.08731537859886884,100,100,8.88,25,4.0,100,2026-03-15,2026-06-01,0.35,10m raster values weighted by exact clipped pixel area
50m_15207_50447,50,2500.0,89.536188738,22.788814429,0.35613211542367934,44.0,0.4209082633256912,0.35613211542367934,-0.06477614894509315,100,100,9.64,25,28.000000000000004,100,2026-03-15,2026-06-01,0.35,10m raster values weighted by exact clipped pixel area
50m_15207_50448,50,2500.0,89.536197087,22.789265669,0.4608634626865387,72.0,0.4842794701457024,0.4608634626865387,-0.023416005559265613,100,100,9.92,25,64.0,100,2026-03-15,2026-06-01,0.35,10m raster values weighted by exact clipped pixel area
50m_15207_50449,50,2500.0,89.536205437,22.789716909,0.5021822637319565,84.0,0.6383066833019256,0.5021822637319565,-0.13612441930919886,100,100,9.6,25,88.0,100,2026-03-15,2026-06-01,0.35,10m raster values weighted by exact clipped pixel area
50m_15207_50450,50,2500.0,89.536213787,22.790168149,0.43840100049972536,76.0,0.438222354054451,0.43840100049972536,0.00017864512279629706,100,100,9.84,25,76.0,100,2026-03-15,2026-06-01,0.35,10m raster values weighted by exact clipped pixel area
50m_15207_50451,50,2500.0,89.536222137,22.790619388,0.6490290474891662,92.0,0.6250444638729096,0.6490290474891662,0.023984591914340853,100,100,9.36,25,76.0,100,2026-03-15,2026-06-01,0.35,10m raster values weighted by exact clipped pixel area
50m_15207_50452,50,2500.0,89.536230488,22.791070628,0.5662055897712708,100.0,0.48771262526512144,0.5662055897712708,0.07849296386353671,100,100,9.44,25,72.0,100,2026-03-15,2026-06-01,0.35,10m raster values weighted by exact clipped pixel area
50m_15207_50453,50,2500.0,89.536238838,22.791521867,0.21638819754123687,8.0,0.3313559585809708,0.21638819754123687,-0.11496776077896356,100,100,9.92,25,0.0,100,2026-03-15,2026-06-01,0.35,10m raster values weighted by exact clipped pixel area
50m_15207_50454,50,2500.0,89.536247189,22.791973107,0.3286057308316231,36.0,0.3556587606668472,0.3286057308316231,-0.027053023742046208,100,100,9.72,25,0.0,100,2026-03-15,2026-06-01,0.35,10m raster values weighted by exact clipped pixel area
50m_15207_50455,50,2500.0,89.53625554,22.792424347,0.42783175766468046,64.0,0.5614996325969696,0.42783175766468046,-0.13366787642240524,100,100,9.48,25,68.0,100,2026-03-15,2026-06-01,0.35,10m raster values weighted by exact clipped pixel area
50m_15207_50456,50,2500.0,89.536263892,22.792875586,0.3967888081073761,72.0,0.5680747246742248,0.3967888081073761,-0.1712859136238694,100,100,9.0,25,76.0,100,2026-03-15,2026-06-01,0.35,10m raster values weighted by exact clipped pixel area
50m_15207_50457,50,2500.0,89.536272243,22.793326826,0.5003266203403473,80.0,0.5660605621337891,0.5003266203403473,-0.06573394319042564,100,100,8.6,25,88.0,100,2026-03-15,2026-06-01,0.35,10m raster values weighted by exact clipped pixel area
50m_15207_50458,50,2500.0,89.536280595,22.793778065,0.3761030560731888,52.0,0.4874739068746567,0.3761030560731888,-0.11137084908783436,100,100,8.96,25,40.0,100,2026-03-15,2026-06-01,0.35,10m raster values weighted by exact clipped pixel area
50m_15207_50459,50,2500.0,89.536288947,22.794229305,0.4119635283946991,56.00000000000001,0.4551271635293961,0.4119635283946991,-0.04316363285295665,100,100,9.92,25,12.0,100,2026-03-15,2026-06-01,0.35,10m raster values weighted by exact clipped pixel area
50m_15207_50460,50,2500.0,89.536297299,22.794680544,0.1822955620288849,8.0,0.23466284431517123,0.1822955620288849,-0.05236728347372264,100,100,9.56,25,16.0,100,2026-03-15,2026-06-01,0.35,10m raster values weighted by exact clipped pixel area
50m_15207_50461,50,2500.0,89.536305651,22.795131783,0.25396858975291253,24.0,0.3745894992351532,0.25396858975291253,-0.12062090866267682,100,100,9.96,25,44.0,100,2026-03-15,2026-06-01,0.35,10m raster values weighted by exact clipped pixel area
50m_15207_50462,50,2500.0,89.536314004,22.795583023,0.1653655344247818,8.0,0.25165016666054724,0.1653655344247818,-0.08628463054075837,100,100,10.0,25,0.0,100,2026-03-15,2026-06-01,0.35,10m raster values weighted by exact clipped pixel area
50m_15207_50463,50,2500.0,89.536322356,22.796034262,0.3519635608792305,48.0,0.3751727706193924,0.3519635608792305,-0.023209211761131884,100,100,10.0,25,8.0,100,2026-03-15,2026-06-01,0.35,10m raster values weighted by exact clipped pixel area
50m_15207_50464,50,2500.0,89.536330709,22.796485501,0.3479026621580124,52.0,0.41933088898658755,0.3479026621580124,-0.07142822585534304,100,100,10.0,25,8.0,100,2026-03-15,2026-06-01,0.35,10m raster values weighted by exact clipped pixel area
50m_15207_50465,50,2500.0,89.536339063,22.796936741,0.3311060798168182,36.0,0.3121804338693619,0.3311060798168182,0.018925644140690565,100,100,10.0,25,24.0,100,2026-03-15,2026-06-01,0.35,10m raster values weighted by exact clipped pixel area
50m_15207_50466,50,2500.0,89.536347416,22.79738798,0.4346525555849075,60.0,0.5547448140382767,0.4346525555849075,-0.12009225528687238,100,100,10.0,25,72.0,100,2026-03-15,2026-06-01,0.35,10m raster values weighted by exact clipped pixel area
50m_15207_50467,50,2500.0,89.536355769,22.797839219,0.2250860194861889,16.0,0.38284080624580386,0.2250860194861889,-0.15775478955358266,100,100,10.0,25,20.0,100,2026-03-15,2026-06-01,0.35,10m raster values weighted by exact clipped pixel area
50m_15207_50468,50,2500.0,89.536364123,22.798290458,0.30542988181114195,40.0,0.2535584115982056,0.30542988181114195,0.051871466152369976,100,100,10.0,25,0.0,100,2026-03-15,2026-06-01,0.35,10m raster values weighted by exact clipped pixel area
50m_15207_50469,50,2500.0,89.536372477,22.798741697,0.49335304260253904,88.0,0.463959704041481,0.49335304260253904,0.029393337871879338,100,100,10.0,25,8.0,100,2026-03-15,2026-06-01,0.35,10m raster values weighted by exact clipped pixel area
50m_15207_50470,50,2500.0,89.536380832,22.799192936,0.5570950102806091,96.0,0.49030108720064164,0.5570950102806091,0.06679392613470554,100,100,10.0,25,20.0,100,2026-03-15,2026-06-01,0.35,10m raster values weighted by exact clipped pixel area
50m_15207_50471,50,2500.0,89.536389186,22.799644176,0.2508368554711342,24.0,0.2299053341150284,0.2508368554711342,0.020931520545855165,100,100,10.0,25,4.0,100,2026-03-15,2026-06-01,0.35,10m raster values weighted by exact clipped pixel area
50m_15207_50472,50,1023.778817569837,89.536395575,22.799989255,0.20929819957128962,8.531022404547556,0.46055943350542267,0.20929819957128962,-0.25126122905064074,99.99999999976808,99.99999999976808,10.0,13,0.0,99.99999999976808,2026-03-15,2026-06-01,0.35,10m raster values weighted by exact clipped pixel area
50m_15208_50441,50,1459.4145651091821,89.536626083,22.786141868,0.2747849344131452,36.11077761172602,0.23053328750484067,0.2747849344131452,0.04425164869272946,99.97678265331331,99.97678265331331,8.2747962662553,18,0.0,99.97678265331331,2026-03-15,2026-06-01,0.35,10m raster values weighted by exact clipped pixel area
50m_15208_50442,50,2500.0,89.536633644,22.786550489,0.2639806921035051,32.0,0.41365708380937577,0.2639806921035051,-0.1496763939037919,100,100,8.76,25,4.0,100,2026-03-15,2026-06-01,0.35,10m raster values weighted by exact clipped pixel area
50m_15208_50443,50,2500.0,89.536641994,22.787001728,0.33283499598503113,48.0,0.49332826495170595,0.33283499598503113,-0.16049326302483677,100,100,9.0,25,64.0,100,2026-03-15,2026-06-01,0.35,10m raster values weighted by exact clipped pixel area
50m_15208_50444,50,2500.0,89.536650344,22.787452968,0.328078432790935,60.0,0.5617471188306808,0.328078432790935,-0.23366869270801544,100,100,8.12,25,92.0,100,2026-03-15,2026-06-01,0.35,10m raster values weighted by exact clipped pixel area
50m_15208_50445,50,2500.0,89.536658695,22.787904208,0.4348162603378296,72.0,0.6750884795188904,0.4348162603378296,-0.24027221649885178,100,100,8.84,25,72.0,100,2026-03-15,2026-06-01,0.35,10m raster values weighted by exact clipped pixel area
50m_15208_50446,50,2500.0,89.536667046,22.788355447,0.3672280102968216,56.00000000000001,0.489471116065979,0.3672280102968216,-0.12224310405552387,100,100,8.76,25,4.0,100,2026-03-15,2026-06-01,0.35,10m raster values weighted by exact clipped pixel area
50m_15208_50447,50,2500.0,89.536675396,22.788806687,0.3325228989124298,40.0,0.305206778049469,0.3325228989124298,0.027316122986376284,100,100,9.08,25,12.0,100,2026-03-15,2026-06-01,0.35,10m raster values weighted by exact clipped pixel area
50m_15208_50448,50,2500.0,89.536683748,22.789257926,0.3336625435948372,40.0,0.5616619753837585,0.3336625435948372,-0.2279994288831949,100,100,8.84,25,16.0,100,2026-03-15,2026-06-01,0.35,10m raster values weighted by exact clipped pixel area
50m_15208_50449,50,2500.0,89.536692099,22.789709166,0.201349855363369,8.0,0.32679815411567686,0.201349855363369,-0.1254482949897647,100,100,9.0,25,36.0,100,2026-03-15,2026-06-01,0.35,10m raster values weighted by exact clipped pixel area
50m_15208_50450,50,2500.0,89.536700451,22.790160406,0.3636208987236023,48.0,0.36281349271535873,0.3636208987236023,0.0008074023760855197,100,100,9.32,25,20.0,100,2026-03-15,2026-06-01,0.35,10m raster values weighted by exact clipped pixel area
50m_15208_50451,50,2500.0,89.536708802,22.790611645,0.3103968119621277,36.0,0.3586140298843384,0.3103968119621277,-0.04821721641346812,100,100,9.48,25,0.0,100,2026-03-15,2026-06-01,0.35,10m raster values weighted by exact clipped pixel area
50m_15208_50452,50,2500.0,89.536717154,22.791062884,0.4595740360021591,80.0,0.5150406098365784,0.4595740360021591,-0.05546657428145409,100,100,9.52,25,48.0,100,2026-03-15,2026-06-01,0.35,10m raster values weighted by exact clipped pixel area
50m_15208_50453,50,2500.0,89.536725507,22.791514124,0.39881800293922426,48.0,0.385682008266449,0.39881800293922426,0.013135993140749633,100,100,10.0,25,20.0,100,2026-03-15,2026-06-01,0.35,10m raster values weighted by exact clipped pixel area
50m_15208_50454,50,2500.0,89.536733859,22.791965363,0.26697385489940645,16.0,0.34507292330265044,0.26697385489940645,-0.07809907354414464,100,100,10.0,25,0.0,100,2026-03-15,2026-06-01,0.35,10m raster values weighted by exact clipped pixel area
50m_15208_50455,50,2500.0,89.536742212,22.792416603,0.3312893368303776,44.0,0.4321075224876404,0.3312893368303776,-0.10081818318925798,100,100,9.52,25,52.0,100,2026-03-15,2026-06-01,0.35,10m raster values weighted by exact clipped pixel area
50m_15208_50456,50,2500.0,89.536750565,22.792867842,0.25050792962312696,24.0,0.5604291439056397,0.25050792962312696,-0.30992121033370496,100,100,8.8,25,80.0,100,2026-03-15,2026-06-01,0.35,10m raster values weighted by exact clipped pixel area
50m_15208_50457,50,2500.0,89.536758918,22.793319081,0.3867666918039322,60.0,0.3961159664392471,0.3867666918039322,-0.009349275100976228,100,100,8.96,25,68.0,100,2026-03-15,2026-06-01,0.35,10m raster values weighted by exact clipped pixel area
50m_15208_50458,50,2500.0,89.536767271,22.793770321,0.2726374192535877,28.000000000000004,0.38243891797959806,0.2726374192535877,-0.10980149820446967,100,100,9.52,25,28.000000000000004,100,2026-03-15,2026-06-01,0.35,10m raster values weighted by exact clipped pixel area
50m_15208_50459,50,2500.0,89.536775625,22.79422156,0.22965767739340662,28.000000000000004,0.6799890291690827,0.22965767739340662,-0.4503313527442515,100,100,10.0,25,28.000000000000004,100,2026-03-15,2026-06-01,0.35,10m raster values weighted by exact clipped pixel area
50m_15208_50460,50,2500.0,89.536783978,22.794672799,0.14482309155166148,12.0,0.192947638630867,0.14482309155166148,-0.04812454542145133,100,100,9.2,25,0.0,100,2026-03-15,2026-06-01,0.35,10m raster values weighted by exact clipped pixel area
50m_15208_50461,50,2500.0,89.536792332,22.795124038,0.19101230919361115,16.0,0.1902410279214382,0.19101230919361115,0.0007712808810174466,100,100,10.0,25,0.0,100,2026-03-15,2026-06-01,0.35,10m raster values weighted by exact clipped pixel area
50m_15208_50462,50,2500.0,89.536800686,22.795575278,0.23361024498939514,8.0,0.3083390074968338,0.23361024498939514,-0.07472876232583076,100,100,9.8,25,8.0,100,2026-03-15,2026-06-01,0.35,10m raster values weighted by exact clipped pixel area
50m_15208_50463,50,2500.0,89.536809041,22.796026517,0.3454262214899063,32.0,0.35575536370277405,0.3454262214899063,-0.010329141344409437,100,100,9.8,25,48.0,100,2026-03-15,2026-06-01,0.35,10m raster values weighted by exact clipped pixel area
50m_15208_50464,50,2500.0,89.536817395,22.796477756,0.3482565119862556,44.0,0.3405503422021866,0.3482565119862556,0.007706168103031814,100,100,10.0,25,32.0,100,2026-03-15,2026-06-01,0.35,10m raster values weighted by exact clipped pixel area
50m_15208_50465,50,2500.0,89.53682575,22.796928995,0.4439356762170792,64.0,0.463496966958046,0.4439356762170792,-0.019561291058780624,100,100,10.0,25,20.0,100,2026-03-15,2026-06-01,0.35,10m raster values weighted by exact clipped pixel area
50m_15208_50466,50,2500.0,89.536834105,22.797380234,0.4526284182071686,72.0,0.5570568329095841,0.4526284182071686,-0.10442840568721294,100,100,10.0,25,44.0,100,2026-03-15,2026-06-01,0.35,10m raster values weighted by exact clipped pixel area
50m_15208_50467,50,2500.0,89.53684246,22.797831473,0.36032145641744134,44.0,0.5401040256023407,0.36032145641744134,-0.1797825648263097,100,100,10.0,25,40.0,100,2026-03-15,2026-06-01,0.35,10m raster values weighted by exact clipped pixel area
50m_15208_50468,50,2500.0,89.536850816,22.798282712,0.5752158665657043,88.0,0.46603913366794586,0.5752158665657043,0.109176734238863,100,100,10.0,25,0.0,100,2026-03-15,2026-06-01,0.35,10m raster values weighted by exact clipped pixel area
50m_15208_50469,50,2500.0,89.536859171,22.798733951,0.5413987588882446,92.0,0.4163367671892047,0.5413987588882446,0.12506199926137923,100,100,10.0,25,20.0,100,2026-03-15,2026-06-01,0.35,10m raster values weighted by exact clipped pixel area
50m_15208_50470,50,2500.0,89.536867527,22.79918519,0.41278419494628904,48.0,0.2484521382767707,0.41278419494628904,0.16433205731213094,100,100,10.0,25,24.0,100,2026-03-15,2026-06-01,0.35,10m raster values weighted by exact clipped pixel area
50m_15208_50471,50,2500.0,89.536875883,22.799636429,0.5199834632873536,80.0,0.48519267965340984,0.5199834632873536,0.03479078111704439,100,100,10.0,25,64.0,100,2026-03-15,2026-06-01,0.35,10m raster values weighted by exact clipped pixel area
50m_15208_50472,50,1623.6032988876104,89.536883276,22.800035641,0.20508122062776368,1.7303892727586583,0.4701067680450556,0.20508122062776368,-0.2650255482504069,99.99999999985408,99.99999999985408,9.89362757614376,19,0.0,99.99999999985408,2026-03-15,2026-06-01,0.35,10m raster values weighted by exact clipped pixel area
50m_15209_50441,50,425.98254251285425,89.536923734,22.786119312,0.08221056133348766,2.2186630821972346,0.07854319184704545,0.08221056133348766,0.003667370278942174,99.9848187913608,99.9848187913608,8.0,7,0.0,99.9848187913608,2026-03-15,2026-06-01,0.35,10m raster values weighted by exact clipped pixel area
50m_15209_50442,50,633.1394186127,89.536945559,22.786545526,0.18254906428879059,2.396904884379049,0.17594581566327394,0.18254906428879059,0.006603246086879181,99.99999999990807,99.99999999990807,8.68411380792178,10,0.0,99.99999999990807,2026-03-15,2026-06-01,0.35,10m raster values weighted by exact clipped pixel area
50m_15209_50443,50,776.2910945224576,89.536967843,22.786996544,0.12356964715287282,0.0,0.12975387769309946,0.12356964715287282,-0.006184231413270669,99.99999999992502,99.99999999992502,8.835506757942047,10,0.0,99.99999999992502,2026-03-15,2026-06-01,0.35,10m raster values weighted by exact clipped pixel area
50m_15209_50444,50,919.4427704322152,89.536990128,22.787447562,0.20019564387888786,10.876152732491978,0.2427970951240195,0.20019564387888786,-0.04260144921064606,99.99999999993669,99.99999999993669,8.129907781400641,10,10.876152732491978,99.99999999993669,2026-03-15,2026-06-01,0.35,10m raster values weighted by exact clipped pixel area
50m_15209_50445,50,1062.5944463477936,89.537012412,22.787898579,0.22004426197815413,9.410928162080596,0.43054168381411784,0.22004426197815413,-0.21049742266045615,99.99999999995111,99.99999999995111,8.81178143675839,15,28.23278448624179,99.99999999995111,2026-03-15,2026-06-01,0.35,10m raster values weighted by exact clipped pixel area
50m_15209_50446,50,1205.7461222575512,89.537034697,22.788349597,0.11706956938120246,0.0,0.15053229677088298,0.11706956938120246,-0.03346272634455347,99.99999999995173,99.99999999995173,8.502382807686834,15,0.0,99.99999999995173,2026-03-15,2026-06-01,0.35,10m raster values weighted by exact clipped pixel area
50m_15209_50447,50,1348.8977981673088,89.537056983,22.788800615,0.08730153966071176,0.0,0.1220735280277026,0.08730153966071176,-0.03477198681137307,99.99999999995684,99.99999999995684,8.555192394252957,15,0.0,99.99999999995684,2026-03-15,2026-06-01,0.35,10m raster values weighted by exact clipped pixel area
50m_15209_50448,50,1492.0494740770664,89.537079269,22.789251633,0.14558134419042168,13.405652489857738,0.26220641303575387,0.14558134419042168,-0.11662507309853565,99.9905171635664,99.9905171635664,9.0,17,0.0,99.9905171635664,2026-03-15,2026-06-01,0.35,10m raster values weighted by exact clipped pixel area
50m_15209_50449,50,1635.201149986824,89.537101554,22.78970265,0.12545966329424882,0.0,0.21815550017140123,0.12545966329424882,-0.09269583575276565,99.9999999999644,99.9999999999644,8.9764601657291,20,0.0,99.9999999999644,2026-03-15,2026-06-01,0.35,10m raster values weighted by exact clipped pixel area
50m_15209_50450,50,1778.3528258965816,89.537123841,22.790153668,0.16203333217402915,5.6231811001630865,0.1366334118511257,0.16203333217402915,0.02539991924604014,99.99999999996727,99.99999999996727,8.67478173201957,20,0.0,99.99999999996727,2026-03-15,2026-06-01,0.35,10m raster values weighted by exact clipped pixel area
50m_15209_50451,50,1921.5045018063392,89.537146127,22.790604686,0.36353333512338876,46.8382977585644,0.3043694806560659,0.36353333512338876,0.059163856668366564,99.9999999999697,99.9999999999697,8.520425530650716,20,26.021276532535776,99.9999999999697,2026-03-15,2026-06-01,0.35,10m raster values weighted by exact clipped pixel area
50m_15209_50452,50,2064.6561777219176,89.537168414,22.791055703,0.5385091307232398,72.6513216188615,0.5292220225067092,0.5385091307232398,0.009287102929159708,99.99999999997047,99.99999999997047,9.11398693148921,25,92.02500738389124,99.99999999997047,2026-03-15,2026-06-01,0.35,10m raster values weighted by exact clipped pixel area
50m_15209_50453,50,2207.8078536316752,89.537190701,22.791506721,0.4481182462633765,58.881935665820826,0.49492210190377933,0.4481182462633765,-0.04680385204263196,99.99999999997364,99.99999999997364,9.22646898333008,25,40.76441699941442,99.99999999997364,2026-03-15,2026-06-01,0.35,10m raster values weighted by exact clipped pixel area
50m_15209_50454,50,2350.959529541433,89.537212989,22.791957738,0.28282366453158686,38.28224130152392,0.26672734014420885,0.28282366453158686,0.01609632592042951,99.99999999997524,99.99999999997524,9.2126791183418,25,4.253582366835991,99.99999999997524,2026-03-15,2026-06-01,0.35,10m raster values weighted by exact clipped pixel area
50m_15209_50455,50,2479.040520305653,89.537228883,22.792408857,0.19017871973280842,4.033818696424567,0.3395064274141945,0.19017871973280842,-0.14932770742701937,99.99999999996972,99.99999999996972,9.685749178392175,25,4.033818696424567,99.99999999996972,2026-03-15,2026-06-01,0.35,10m raster values weighted by exact clipped pixel area
50m_15209_50456,50,2500.0,89.537237238,22.792860097,0.37097115099430084,48.0,0.33778522193431854,0.37097115099430084,0.03318593326956034,100,100,10.0,25,32.0,100,2026-03-15,2026-06-01,0.35,10m raster values weighted by exact clipped pixel area
50m_15209_50457,50,2500.0,89.537245592,22.793311336,0.4397967052459717,76.0,0.4028847599029541,0.4397967052459717,0.03691193784587085,100,100,9.84,25,40.0,100,2026-03-15,2026-06-01,0.35,10m raster values weighted by exact clipped pixel area
50m_15209_50458,50,2500.0,89.537253947,22.793762575,0.24353839471936226,28.000000000000004,0.19386631704866886,0.24353839471936226,0.049672079142183065,100,100,9.84,25,4.0,100,2026-03-15,2026-06-01,0.35,10m raster values weighted by exact clipped pixel area
50m_15209_50459,50,2500.0,89.537262302,22.794213814,0.38624376147985456,48.0,0.3671052464842796,0.38624376147985456,0.019138511419296265,100,100,10.0,25,24.0,100,2026-03-15,2026-06-01,0.35,10m raster values weighted by exact clipped pixel area
50m_15209_50460,50,2500.0,89.537270657,22.794665053,0.3274983501434326,44.0,0.38978995561599733,0.3274983501434326,-0.06229160375893116,100,100,9.52,25,0.0,100,2026-03-15,2026-06-01,0.35,10m raster values weighted by exact clipped pixel area
50m_15209_50461,50,2500.0,89.537279013,22.795116292,0.3974918913841248,64.0,0.4550200986862183,0.3974918913841248,-0.057528204629197714,100,100,10.0,25,24.0,100,2026-03-15,2026-06-01,0.35,10m raster values weighted by exact clipped pixel area
50m_15209_50462,50,2500.0,89.537287369,22.795567531,0.3872953593730927,48.0,0.3435546436905861,0.3872953593730927,0.04374071904923767,100,100,9.88,25,8.0,100,2026-03-15,2026-06-01,0.35,10m raster values weighted by exact clipped pixel area
50m_15209_50463,50,2500.0,89.537295725,22.79601877,0.4921914803981781,76.0,0.5610979062318802,0.4921914803981781,-0.06890641881618649,100,100,9.88,25,68.0,100,2026-03-15,2026-06-01,0.35,10m raster values weighted by exact clipped pixel area
50m_15209_50464,50,2500.0,89.537304081,22.796470009,0.4444353049993515,68.0,0.38628910779953,0.4444353049993515,0.05814619819400832,100,100,10.0,25,52.0,100,2026-03-15,2026-06-01,0.35,10m raster values weighted by exact clipped pixel area
50m_15209_50465,50,2500.0,89.537312437,22.796921248,0.4300683623552322,68.0,0.36670456767082216,0.4300683623552322,0.06336379451677203,100,100,10.0,25,40.0,100,2026-03-15,2026-06-01,0.35,10m raster values weighted by exact clipped pixel area
50m_15209_50466,50,2500.0,89.537320794,22.797372487,0.3989297360181808,56.00000000000001,0.34036229461431505,0.3989297360181808,0.058567443173378704,100,100,10.0,25,12.0,100,2026-03-15,2026-06-01,0.35,10m raster values weighted by exact clipped pixel area
50m_15209_50467,50,2500.0,89.537329151,22.797823726,0.22721452817320822,24.0,0.2867747186124325,0.22721452817320822,-0.059560190811753275,100,100,10.0,25,4.0,100,2026-03-15,2026-06-01,0.35,10m raster values weighted by exact clipped pixel area
50m_15209_50468,50,2500.0,89.537337508,22.798274964,0.43828795969486234,64.0,0.39685779213905337,0.43828795969486234,0.04143017208203673,100,100,10.0,25,40.0,100,2026-03-15,2026-06-01,0.35,10m raster values weighted by exact clipped pixel area
50m_15209_50469,50,2500.0,89.537345865,22.798726203,0.5705327701568603,100.0,0.5690198129415512,0.5705327701568603,0.0015129644772969187,100,100,10.0,25,12.0,100,2026-03-15,2026-06-01,0.35,10m raster values weighted by exact clipped pixel area
50m_15209_50470,50,2500.0,89.537354222,22.799177442,0.4918217262625694,80.0,0.34892627894878386,0.4918217262625694,0.14289545048959554,100,100,10.0,25,0.0,100,2026-03-15,2026-06-01,0.35,10m raster values weighted by exact clipped pixel area
50m_15209_50471,50,2500.0,89.53736258,22.799628681,0.5854158055782318,88.0,0.4488843619823456,0.5854158055782318,0.13653144251555205,100,100,10.0,25,24.0,100,2026-03-15,2026-06-01,0.35,10m raster values weighted by exact clipped pixel area
50m_15209_50472,50,2222.973683578571,89.537370938,22.80007992,0.17129687530956741,12.008871392810525,0.4245182735224008,0.17129687530956741,-0.25322139919912734,99.99999999989765,99.99999999989765,9.449847880516161,25,2.941021448794253,99.99999999989765,2026-03-15,2026-06-01,0.35,10m raster values weighted by exact clipped pixel area
50m_15210_50455,50,15.070685145839906,89.537480873,22.792526973,0.1157135290671066,0.0,0.19811709999157354,0.1157135290671066,-0.08240357149601557,98.35440888501608,98.35440888501608,9.0,2,69.31521750848228,98.35440888501608,2026-03-15,2026-06-01,0.35,10m raster values weighted by exact clipped pixel area
50m_15210_50456,50,137.26288136094809,89.537500901,22.7928559,0.28079631681800243,19.99999999966075,0.25511327302120784,0.28079631681800243,0.025683040318384878,99.99999999957593,99.99999999957593,10.0,5,0.0,99.99999999957593,2026-03-15,2026-06-01,0.35,10m raster values weighted by exact clipped pixel area
50m_15210_50457,50,290.8879657658626,89.53752994,22.793306809,0.13225355404185052,0.0,0.15776201831873882,0.13225355404185052,-0.025508462307963966,99.99999999994806,99.99999999994806,9.519342671518578,5,0.0,99.99999999994806,2026-03-15,2026-06-01,0.35,10m raster values weighted by exact clipped pixel area
50m_15210_50458,50,607.7021294622682,89.537574576,22.793757471,0.09128618247316853,0.0,0.095543358226221,0.09128618247316853,-0.004257174595197951,99.99999999998613,99.99999999998613,9.249067510284146,9,0.0,99.99999999998613,2026-03-15,2026-06-01,0.35,10m raster values weighted by exact clipped pixel area
50m_15210_50459,50,980.4325105505995,89.537619212,22.794208132,0.12310736673218516,0.0,0.05996681602914412,0.12310736673218516,0.06314055153754952,100,100,10.0,13,0.0,100,2026-03-15,2026-06-01,0.35,10m raster values weighted by exact clipped pixel area
50m_15210_50460,50,1353.162891638931,89.537663848,22.794658794,0.19947479967773138,0.0,0.21392959798113767,0.19947479967773138,-0.014454800273747443,100,100,10.0,16,0.0,100,2026-03-15,2026-06-01,0.35,10m raster values weighted by exact clipped pixel area
50m_15210_50461,50,1725.8932727272622,89.537708485,22.795109455,0.27249771193515554,22.03285773088757,0.4010816408130796,0.27249771193515554,-0.12858392846116587,100,100,10.0,20,49.30178482880081,100,2026-03-15,2026-06-01,0.35,10m raster values weighted by exact clipped pixel area
50m_15210_50462,50,2098.6236538214143,89.537753123,22.795560116,0.21996187469773995,14.721597504262087,0.2121135260879295,0.21996187469773995,0.00784834998795677,100,100,10.0,24,9.530055550255918,100,2026-03-15,2026-06-01,0.35,10m raster values weighted by exact clipped pixel area
50m_15210_50463,50,2437.984935770103,89.537782409,22.796011022,0.2596071649959335,28.712236475689494,0.2757878707207619,0.2596071649959335,-0.016180701377177652,100,100,9.999999999999998,25,4.101748067955642,100,2026-03-15,2026-06-01,0.35,10m raster values weighted by exact clipped pixel area
50m_15210_50464,50,2500.0,89.537790766,22.796462261,0.23502904504537583,24.0,0.17430261315777898,0.23502904504537583,0.060726433359086514,100,100,10.0,25,0.0,100,2026-03-15,2026-06-01,0.35,10m raster values weighted by exact clipped pixel area
50m_15210_50465,50,2500.0,89.537799124,22.796913499,0.30222303301095965,36.0,0.2741695308685303,0.30222303301095965,0.028053499846719204,100,100,10.0,25,8.0,100,2026-03-15,2026-06-01,0.35,10m raster values weighted by exact clipped pixel area
50m_15210_50466,50,2500.0,89.537807482,22.797364738,0.42540508091449736,68.0,0.49604242980480195,0.42540508091449736,-0.07063735304400325,100,100,10.0,25,36.0,100,2026-03-15,2026-06-01,0.35,10m raster values weighted by exact clipped pixel area
50m_15210_50467,50,2500.0,89.537815841,22.797815977,0.3655696493387222,48.0,0.3554601985216141,0.3655696493387222,0.01010945398826152,100,100,10.0,25,0.0,100,2026-03-15,2026-06-01,0.35,10m raster values weighted by exact clipped pixel area
50m_15210_50468,50,2500.0,89.537824199,22.798267215,0.21635267317295073,16.0,0.22672203242778777,0.21635267317295073,-0.010369359609903768,100,100,10.0,25,12.0,100,2026-03-15,2026-06-01,0.35,10m raster values weighted by exact clipped pixel area
50m_15210_50469,50,2500.0,89.537832558,22.798718454,0.40520845144987105,52.0,0.3934059603512287,0.40520845144987105,0.01180249810218811,100,100,10.0,25,28.000000000000004,100,2026-03-15,2026-06-01,0.35,10m raster values weighted by exact clipped pixel area
50m_15210_50470,50,2500.0,89.537840917,22.799169693,0.35573916740715505,60.0,0.3664318858273327,0.35573916740715505,-0.010692719593644142,100,100,10.0,25,40.0,100,2026-03-15,2026-06-01,0.35,10m raster values weighted by exact clipped pixel area
50m_15210_50471,50,2500.0,89.537849276,22.799620931,0.2884352217614651,28.000000000000004,0.33228825956583025,0.2884352217614651,-0.04385303890798241,100,100,9.84,25,16.0,100,2026-03-15,2026-06-01,0.35,10m raster values weighted by exact clipped pixel area
50m_15210_50472,50,2500.0,89.537857636,22.80007217,0.09163566023111343,0.0,0.18307631995528936,0.09163566023111343,-0.09144066104665399,100,100,9.0,25,0.0,100,2026-03-15,2026-06-01,0.35,10m raster values weighted by exact clipped pixel area
50m_15210_50473,50,323.2522615464404,89.537862858,22.800354028,0.25137266721204676,21.642609478133107,0.6538952640236698,0.25137266721204676,-0.4025225890943439,99.99736003996001,99.99736003996001,9.0,6,100.0,99.99736003996001,2026-03-15,2026-06-01,0.35,10m raster values weighted by exact clipped pixel area
50m_15211_50463,50,33.36909913963118,89.538043513,22.796137052,0.17402985445184818,0.0,0.2473173609816055,0.17402985445184818,-0.07328750044438735,99.7008026955856,99.7008026955856,10.0,2,0.0,99.7008026955856,2026-03-15,2026-06-01,0.35,10m raster values weighted by exact clipped pixel area
50m_15211_50464,50,344.084415998077,89.538085741,22.796457564,0.12610548118677162,0.0,0.07687104038342972,0.12610548118677162,0.049234443331052376,99.99999999997192,99.99999999997192,10.000000000000002,6,0.0,99.99999999997192,2026-03-15,2026-06-01,0.35,10m raster values weighted by exact clipped pixel area
50m_15211_50465,50,716.8147970864084,89.538130381,22.796908224,0.11038397106557701,0.0,0.10585881538970142,0.11038397106557701,0.004525158637572753,100,100,10.0,10,0.0,100,2026-03-15,2026-06-01,0.35,10m raster values weighted by exact clipped pixel area
50m_15211_50466,50,1089.5451781805605,89.538175021,22.797358885,0.14534285964188765,0.0,0.19590490656390702,0.14534285964188765,-0.05056205001263658,99.99999999999278,99.99999999999278,10.0,14,0.0,99.99999999999278,2026-03-15,2026-06-01,0.35,10m raster values weighted by exact clipped pixel area
50m_15211_50467,50,1462.2755592688918,89.538219661,22.797809546,0.17020841033442546,0.0,0.25072784754375615,0.17020841033442546,-0.08051943652137002,99.99999999998816,99.99999999998816,9.685916919485571,17,0.0,99.99999999998816,2026-03-15,2026-06-01,0.35,10m raster values weighted by exact clipped pixel area
50m_15211_50468,50,1835.0059403572232,89.538264302,22.798260207,0.16403060035153993,5.4495736390111364,0.20498132262865534,0.16403060035153993,-0.04095071906378707,100,100,9.902698156503071,21,10.899147278022273,100,2026-03-15,2026-06-01,0.35,10m raster values weighted by exact clipped pixel area
50m_15211_50469,50,2207.7363214455545,89.538308943,22.798710867,0.4572698971462614,62.02595053114466,0.43158194141455614,0.4572698971462614,0.025687954579040894,100,100,10.0,25,67.94289632458683,100,2026-03-15,2026-06-01,0.35,10m raster values weighted by exact clipped pixel area
50m_15211_50470,50,2484.9562977276637,89.538327612,22.799161942,0.47494116289245497,60.363234611872464,0.5099319350017102,0.47494116289245497,-0.03499076974283821,100,100,9.67806274873668,25,60.363234611872464,100,2026-03-15,2026-06-01,0.35,10m raster values weighted by exact clipped pixel area
50m_15211_50471,50,2500.0,89.538335973,22.79961318,0.18021381735801698,12.0,0.14407368898391723,0.18021381735801698,0.036140130939893426,100,100,9.04,25,0.0,100,2026-03-15,2026-06-01,0.35,10m raster values weighted by exact clipped pixel area
50m_15211_50472,50,2500.0,89.538344334,22.800064419,0.08576671272516251,0.0,0.09314263701438903,0.08576671272516251,-0.007375924256630242,100,100,9.0,25,0.0,100,2026-03-15,2026-06-01,0.35,10m raster values weighted by exact clipped pixel area
50m_15211_50473,50,923.0767428642139,89.53835056,22.80040041,0.14038254882189344,3.9681846986404716,0.29922715658783683,0.14038254882189344,-0.1588446048019674,99.9999999997506,99.9999999997506,9.0,12,20.660759402123723,99.9999999997506,2026-03-15,2026-06-01,0.35,10m raster values weighted by exact clipped pixel area
50m_15212_50470,50,95.5104048107956,89.53859812,22.799221754,0.09265338686159154,0.0,0.4980027474797631,0.09265338686159154,-0.4053493732562413,100,100,10.000000000000002,4,35.08025473738257,100,2026-03-15,2026-06-01,0.35,10m raster values weighted by exact clipped pixel area
50m_15212_50471,50,453.19708362803794,89.538641576,22.799608312,0.07944104627229759,0.0,0.35732570552830306,0.07944104627229759,-0.27788465415655794,100,100,10.0,7,0.0,100,2026-03-15,2026-06-01,0.35,10m raster values weighted by exact clipped pixel area
50m_15212_50472,50,825.9274647163693,89.538686219,22.800058973,0.0881571099181255,0.0,0.07215689879366051,0.0881571099181255,0.016000211346144752,99.97545716612765,99.97545716612765,10.0,10,0.0,99.97545716612765,2026-03-15,2026-06-01,0.35,10m raster values weighted by exact clipped pixel area
50m_15212_50473,50,610.8320220626108,89.538715006,22.800421439,0.15971055349611182,0.0,0.14111423704742898,0.15971055349611182,0.018596318838969134,99.94604223239062,99.94604223239062,9.447698264667684,9,0.0,99.94604223239062,2026-03-15,2026-06-01,0.35,10m raster values weighted by exact clipped pixel area
