{
  "type": "FeatureCollection",
  "features": [
    {
      "type": "Feature",
      "geometry": {
        "type": "Polygon",
        "coordinates": [
          [
            [
              89.528816202,
              22.798184712
            ],
            [
              89.528574439,
              22.798188548
            ],
            [
              89.528808066,
              22.797743914
            ],
            [
              89.528816202,
              22.798184712
            ]
          ]
        ]
      },
      "properties": {
        "cell_id": "50m_15191_50467",
        "grid_m": 50,
        "projected_area_m2": 606.5606275244605,
        "lon": 89.528691252,
        "lat": 22.797966231,
        "NDVI_S2_median": 0.08914261391371416,
        "vegetation_pct_valid": 0.0,
        "NDVI_2019": 0.11915878086074976,
        "NDVI_2026": 0.08914261391371416,
        "delta_NDVI": -0.03001616635080512,
        "optical_valid_pct": 100,
        "common_valid_pct": 100,
        "S2_nobs": 8.0,
        "valid_10m_pixels": 9,
        "tree_class_pct_2021": 0.0,
        "tree_context_valid_pct": 100,
        "period_start": "2026-03-15",
        "period_end_exclusive": "2026-06-01",
        "veg_ndvi_threshold": 0.35,
        "aggregation": "10m raster values weighted by exact clipped pixel area"
      }
    },
    {
      "type": "Feature",
      "geometry": {
        "type": "Polygon",
        "coordinates": [
          [
            [
              89.528816202,
              22.798184712
            ],
            [
              89.528821954,
              22.79849634
            ],
            [
              89.528452638,
              22.798420356
            ],
            [
              89.528574439,
              22.798188548
            ],
            [
              89.528816202,
              22.798184712
            ]
          ]
        ]
      },
      "properties": {
        "cell_id": "50m_15191_50468",
        "grid_m": 50,
        "projected_area_m2": 968.6026194989307,
        "lon": 89.528635175,
        "lat": 22.798343444,
        "NDVI_S2_median": 0.19168077284872154,
        "vegetation_pct_valid": 17.943159705532846,
        "NDVI_2019": 0.24818168001471919,
        "NDVI_2026": 0.19168077284872154,
        "delta_NDVI": -0.056500904505473626,
        "optical_valid_pct": 99.9999999997832,
        "common_valid_pct": 99.9999999997832,
        "S2_nobs": 8.0,
        "valid_10m_pixels": 13,
        "tree_class_pct_2021": 0.0,
        "tree_context_valid_pct": 99.9999999997832,
        "period_start": "2026-03-15",
        "period_end_exclusive": "2026-06-01",
        "veg_ndvi_threshold": 0.35,
        "aggregation": "10m raster values weighted by exact clipped pixel area"
      }
    },
    {
      "type": "Feature",
      "geometry": {
        "type": "Polygon",
        "coordinates": [
          [
            [
              89.529286236,
              22.797274506
            ],
            [
              89.529052761,
              22.797278211
            ],
            [
              89.529278377,
              22.796848816
            ],
            [
              89.529286236,
              22.797274506
            ]
          ]
        ]
      },
      "properties": {
        "cell_id": "50m_15192_50465",
        "grid_m": 50,
        "projected_area_m2": 565.693629652241,
        "lon": 89.529165569,
        "lat": 22.797063513,
        "NDVI_S2_median": 0.11514433279936176,
        "vegetation_pct_valid": 0.0,
        "NDVI_2019": 0.10576303003753412,
        "NDVI_2026": 0.11514433279936176,
        "delta_NDVI": 0.009381302755698592,
        "optical_valid_pct": 100,
        "common_valid_pct": 100,
        "S2_nobs": 8.0,
        "valid_10m_pixels": 9,
        "tree_class_pct_2021": 0.0,
        "tree_context_valid_pct": 100,
        "period_start": "2026-03-15",
        "period_end_exclusive": "2026-06-01",
        "veg_ndvi_threshold": 0.35,
        "aggregation": "10m raster values weighted by exact clipped pixel area"
      }
    },
    {
      "type": "Feature",
      "geometry": {
        "type": "Polygon",
        "coordinates": [
          [
            [
              89.529286236,
              22.797274506
            ],
            [
              89.529294566,
              22.797725748
            ],
            [
              89.528813601,
              22.79773338
            ],
            [
              89.529052761,
              22.797278211
            ],
            [
              89.529286236,
              22.797274506
            ]
          ]
        ]
      },
      "properties": {
        "cell_id": "50m_15192_50466",
        "grid_m": 50,
        "projected_area_m2": 1834.9378727230942,
        "lon": 89.529049919,
        "lat": 22.797503943,
        "NDVI_S2_median": 0.10035416973770074,
        "vegetation_pct_valid": 0.0,
        "NDVI_2019": 0.12096042818063474,
        "NDVI_2026": 0.10035416973770074,
        "delta_NDVI": -0.020606258903025542,
        "optical_valid_pct": 99.99999999981085,
        "common_valid_pct": 99.99999999981085,
        "S2_nobs": 7.463291669828626,
        "valid_10m_pixels": 21,
        "tree_class_pct_2021": 0.0,
        "tree_context_valid_pct": 99.99999999981085,
        "period_start": "2026-03-15",
        "period_end_exclusive": "2026-06-01",
        "veg_ndvi_threshold": 0.35,
        "aggregation": "10m raster values weighted by exact clipped pixel area"
      }
    },
    {
      "type": "Feature",
      "geometry": {
        "type": "Polygon",
        "coordinates": [
          [
            [
              89.529294566,
              22.797725748
            ],
            [
              89.529302897,
              22.798176989
            ],
            [
              89.528816202,
              22.798184712
            ],
            [
              89.528808066,
              22.797743914
            ],
            [
              89.528813601,
              22.79773338
            ],
            [
              89.529294566,
              22.797725748
            ]
          ]
        ]
      },
      "properties": {
        "cell_id": "50m_15192_50467",
        "grid_m": 50,
        "projected_area_m2": 2499.6595588991104,
        "lon": 89.529055384,
        "lat": 22.79795523,
        "NDVI_S2_median": 0.061290275123579256,
        "vegetation_pct_valid": 0.0,
        "NDVI_2019": 0.09199626446510259,
        "NDVI_2026": 0.061290275123579256,
        "delta_NDVI": -0.03070598995627995,
        "optical_valid_pct": 100,
        "common_valid_pct": 100,
        "S2_nobs": 7.919989104401048,
        "valid_10m_pixels": 25,
        "tree_class_pct_2021": 0.0,
        "tree_context_valid_pct": 100,
        "period_start": "2026-03-15",
        "period_end_exclusive": "2026-06-01",
        "veg_ndvi_threshold": 0.35,
        "aggregation": "10m raster values weighted by exact clipped pixel area"
      }
    },
    {
      "type": "Feature",
      "geometry": {
        "type": "Polygon",
        "coordinates": [
          [
            [
              89.529302897,
              22.798176989
            ],
            [
              89.529310649,
              22.798596883
            ],
            [
              89.528821954,
              22.79849634
            ],
            [
              89.528816202,
              22.798184712
            ],
            [
              89.529302897,
              22.798176989
            ]
          ]
        ]
      },
      "properties": {
        "cell_id": "50m_15192_50468",
        "grid_m": 50,
        "projected_area_m2": 2026.4115976868197,
        "lon": 89.529063425,
        "lat": 22.798390798,
        "NDVI_S2_median": 0.06338145512916378,
        "vegetation_pct_valid": 0.0,
        "NDVI_2019": 0.03804945805290653,
        "NDVI_2026": 0.06338145512916378,
        "delta_NDVI": 0.025331997498419658,
        "optical_valid_pct": 99.99999999988738,
        "common_valid_pct": 99.99999999988738,
        "S2_nobs": 8.0,
        "valid_10m_pixels": 23,
        "tree_class_pct_2021": 0.0,
        "tree_context_valid_pct": 99.99999999988738,
        "period_start": "2026-03-15",
        "period_end_exclusive": "2026-06-01",
        "veg_ndvi_threshold": 0.35,
        "aggregation": "10m raster values weighted by exact clipped pixel area"
      }
    },
    {
      "type": "Feature",
      "geometry": {
        "type": "Polygon",
        "coordinates": [
          [
            [
              89.529756264,
              22.796364299
            ],
            [
              89.529531077,
              22.796367873
            ],
            [
              89.529748683,
              22.795953717
            ],
            [
              89.529756264,
              22.796364299
            ]
          ]
        ]
      },
      "properties": {
        "cell_id": "50m_15193_50463",
        "grid_m": 50,
        "projected_area_m2": 526.2517656542493,
        "lon": 89.52963988,
        "lat": 22.796160795,
        "NDVI_S2_median": 0.1886668859526611,
        "vegetation_pct_valid": 0.0,
        "NDVI_2019": 0.1567675819577659,
        "NDVI_2026": 0.1886668859526611,
        "delta_NDVI": 0.031899307063208183,
        "optical_valid_pct": 100,
        "common_valid_pct": 100,
        "S2_nobs": 8.0,
        "valid_10m_pixels": 9,
        "tree_class_pct_2021": 0.0,
        "tree_context_valid_pct": 100,
        "period_start": "2026-03-15",
        "period_end_exclusive": "2026-06-01",
        "veg_ndvi_threshold": 0.35,
        "aggregation": "10m raster values weighted by exact clipped pixel area"
      }
    },
    {
      "type": "Feature",
      "geometry": {
        "type": "Polygon",
        "coordinates": [
          [
            [
              89.529756264,
              22.796364299
            ],
            [
              89.529764595,
              22.79681554
            ],
            [
              89.52929192,
              22.796823042
            ],
            [
              89.529531077,
              22.796367873
            ],
            [
              89.529756264,
              22.796364299
            ]
          ]
        ]
      },
      "properties": {
        "cell_id": "50m_15193_50464",
        "grid_m": 50,
        "projected_area_m2": 1792.3732453054981,
        "lon": 89.529524092,
        "lat": 22.79659367,
        "NDVI_S2_median": 0.1465648121869033,
        "vegetation_pct_valid": 0.0,
        "NDVI_2019": 0.11900976679995398,
        "NDVI_2026": 0.1465648121869033,
        "delta_NDVI": 0.02755504556075649,
        "optical_valid_pct": 99.99999999990494,
        "common_valid_pct": 99.99999999990494,
        "S2_nobs": 8.0,
        "valid_10m_pixels": 21,
        "tree_class_pct_2021": 0.0,
        "tree_context_valid_pct": 99.99999999990494,
        "period_start": "2026-03-15",
        "period_end_exclusive": "2026-06-01",
        "veg_ndvi_threshold": 0.35,
        "aggregation": "10m raster values weighted by exact clipped pixel area"
      }
    },
    {
      "type": "Feature",
      "geometry": {
        "type": "Polygon",
        "coordinates": [
          [
            [
              89.529764595,
              22.79681554
            ],
            [
              89.529772927,
              22.797266782
            ],
            [
              89.529286236,
              22.797274506
            ],
            [
              89.529278377,
              22.796848816
            ],
            [
              89.52929192,
              22.796823042
            ],
            [
              89.529764595,
              22.79681554
            ]
          ]
        ]
      },
      "properties": {
        "cell_id": "50m_15193_50465",
        "grid_m": 50,
        "projected_area_m2": 2497.9619293680685,
        "lon": 89.529525416,
        "lat": 22.797045023,
        "NDVI_S2_median": 0.22887188087597132,
        "vegetation_pct_valid": 20.016317867842343,
        "NDVI_2019": 0.17183373249808806,
        "NDVI_2026": 0.22887188087597132,
        "delta_NDVI": 0.05703814905202202,
        "optical_valid_pct": 100,
        "common_valid_pct": 100,
        "S2_nobs": 8.0,
        "valid_10m_pixels": 25,
        "tree_class_pct_2021": 0.0,
        "tree_context_valid_pct": 100,
        "period_start": "2026-03-15",
        "period_end_exclusive": "2026-06-01",
        "veg_ndvi_threshold": 0.35,
        "aggregation": "10m raster values weighted by exact clipped pixel area"
      }
    },
    {
      "type": "Feature",
      "geometry": {
        "type": "Polygon",
        "coordinates": [
          [
            [
              89.529772927,
              22.797266782
            ],
            [
              89.529781259,
              22.797718023
            ],
            [
              89.529294566,
              22.797725748
            ],
            [
              89.529286236,
              22.797274506
            ],
            [
              89.529772927,
              22.797266782
            ]
          ]
        ]
      },
      "properties": {
        "cell_id": "50m_15193_50466",
        "grid_m": 50,
        "projected_area_m2": 2500.0,
        "lon": 89.529533747,
        "lat": 22.797496265,
        "NDVI_S2_median": 0.4222523809969425,
        "vegetation_pct_valid": 60.0,
        "NDVI_2019": 0.34290845960378646,
        "NDVI_2026": 0.4222523809969425,
        "delta_NDVI": 0.07934392283670605,
        "optical_valid_pct": 100,
        "common_valid_pct": 100,
        "S2_nobs": 7.92,
        "valid_10m_pixels": 25,
        "tree_class_pct_2021": 4.0,
        "tree_context_valid_pct": 100,
        "period_start": "2026-03-15",
        "period_end_exclusive": "2026-06-01",
        "veg_ndvi_threshold": 0.35,
        "aggregation": "10m raster values weighted by exact clipped pixel area"
      }
    },
    {
      "type": "Feature",
      "geometry": {
        "type": "Polygon",
        "coordinates": [
          [
            [
              89.529781259,
              22.797718023
            ],
            [
              89.529789591,
              22.798169265
            ],
            [
              89.529302897,
              22.798176989
            ],
            [
              89.529294566,
              22.797725748
            ],
            [
              89.529781259,
              22.797718023
            ]
          ]
        ]
      },
      "properties": {
        "cell_id": "50m_15193_50467",
        "grid_m": 50,
        "projected_area_m2": 2500.0,
        "lon": 89.529542078,
        "lat": 22.797947506,
        "NDVI_S2_median": 0.24413714431226252,
        "vegetation_pct_valid": 36.0,
        "NDVI_2019": 0.33631176739931107,
        "NDVI_2026": 0.24413714431226252,
        "delta_NDVI": -0.09217462301254273,
        "optical_valid_pct": 100,
        "common_valid_pct": 100,
        "S2_nobs": 8.0,
        "valid_10m_pixels": 25,
        "tree_class_pct_2021": 0.0,
        "tree_context_valid_pct": 100,
        "period_start": "2026-03-15",
        "period_end_exclusive": "2026-06-01",
        "veg_ndvi_threshold": 0.35,
        "aggregation": "10m raster values weighted by exact clipped pixel area"
      }
    },
    {
      "type": "Feature",
      "geometry": {
        "type": "Polygon",
        "coordinates": [
          [
            [
              89.529789591,
              22.798169265
            ],
            [
              89.529797923,
              22.798620506
            ],
            [
              89.529452148,
              22.798625994
            ],
            [
              89.529310649,
              22.798596883
            ],
            [
              89.529302897,
              22.798176989
            ],
            [
              89.529789591,
              22.798169265
            ]
          ]
        ]
      },
      "properties": {
        "cell_id": "50m_15193_50468",
        "grid_m": 50,
        "projected_area_m2": 2474.856470468957,
        "lon": 89.52955041,
        "lat": 22.798398748,
        "NDVI_S2_median": 0.1421093198739065,
        "vegetation_pct_valid": 4.040638364012991,
        "NDVI_2019": 0.11160951359871511,
        "NDVI_2026": 0.1421093198739065,
        "delta_NDVI": 0.030499805631838135,
        "optical_valid_pct": 99.99999999997348,
        "common_valid_pct": 99.99999999997348,
        "S2_nobs": 8.0,
        "valid_10m_pixels": 25,
        "tree_class_pct_2021": 0.0,
        "tree_context_valid_pct": 99.99999999997348,
        "period_start": "2026-03-15",
        "period_end_exclusive": "2026-06-01",
        "veg_ndvi_threshold": 0.35,
        "aggregation": "10m raster values weighted by exact clipped pixel area"
      }
    },
    {
      "type": "Feature",
      "geometry": {
        "type": "Polygon",
        "coordinates": [
          [
            [
              89.529797923,
              22.798620506
            ],
            [
              89.529799344,
              22.798697425
            ],
            [
              89.529452148,
              22.798625994
            ],
            [
              89.529797923,
              22.798620506
            ]
          ]
        ]
      },
      "properties": {
        "cell_id": "50m_15193_50469",
        "grid_m": 50,
        "projected_area_m2": 151.3796085588296,
        "lon": 89.529625746,
        "lat": 22.79866171,
        "NDVI_S2_median": 0.32231118757274163,
        "vegetation_pct_valid": 32.527627418754065,
        "NDVI_2019": -0.006612777197417058,
        "NDVI_2026": 0.32231118757274163,
        "delta_NDVI": 0.3289239429559403,
        "optical_valid_pct": 99.99999999938818,
        "common_valid_pct": 99.99999999938818,
        "S2_nobs": 8.0,
        "valid_10m_pixels": 4,
        "tree_class_pct_2021": 0.0,
        "tree_context_valid_pct": 99.99999999938818,
        "period_start": "2026-03-15",
        "period_end_exclusive": "2026-06-01",
        "veg_ndvi_threshold": 0.35,
        "aggregation": "10m raster values weighted by exact clipped pixel area"
      }
    },
    {
      "type": "Feature",
      "geometry": {
        "type": "Polygon",
        "coordinates": [
          [
            [
              89.530226286,
              22.79545409
            ],
            [
              89.530009387,
              22.795457533
            ],
            [
              89.530218984,
              22.795058617
            ],
            [
              89.530226286,
              22.79545409
            ]
          ]
        ]
      },
      "properties": {
        "cell_id": "50m_15194_50461",
        "grid_m": 50,
        "projected_area_m2": 488.2350355550869,
        "lon": 89.530114185,
        "lat": 22.795258075,
        "NDVI_S2_median": 0.1966626593525296,
        "vegetation_pct_valid": 0.0,
        "NDVI_2019": 0.31794546026440634,
        "NDVI_2026": 0.1966626593525296,
        "delta_NDVI": -0.12128280255691694,
        "optical_valid_pct": 100,
        "common_valid_pct": 100,
        "S2_nobs": 8.0,
        "valid_10m_pixels": 9,
        "tree_class_pct_2021": 0.0,
        "tree_context_valid_pct": 100,
        "period_start": "2026-03-15",
        "period_end_exclusive": "2026-06-01",
        "veg_ndvi_threshold": 0.35,
        "aggregation": "10m raster values weighted by exact clipped pixel area"
      }
    },
    {
      "type": "Feature",
      "geometry": {
        "type": "Polygon",
        "coordinates": [
          [
            [
              89.530226286,
              22.79545409
            ],
            [
              89.530234619,
              22.795905332
            ],
            [
              89.529770233,
              22.795912703
            ],
            [
              89.530009387,
              22.795457533
            ],
            [
              89.530226286,
              22.79545409
            ]
          ]
        ]
      },
      "properties": {
        "cell_id": "50m_15194_50462",
        "grid_m": 50,
        "projected_area_m2": 1749.8086178995436,
        "lon": 89.52999826,
        "lat": 22.795683397,
        "NDVI_S2_median": 0.20287538012871584,
        "vegetation_pct_valid": 0.386866246929883,
        "NDVI_2019": 0.21820082928482326,
        "NDVI_2026": 0.20287538012871584,
        "delta_NDVI": -0.015325449016386192,
        "optical_valid_pct": 99.99999999992828,
        "common_valid_pct": 99.99999999992828,
        "S2_nobs": 8.0,
        "valid_10m_pixels": 21,
        "tree_class_pct_2021": 0.0,
        "tree_context_valid_pct": 99.99999999992828,
        "period_start": "2026-03-15",
        "period_end_exclusive": "2026-06-01",
        "veg_ndvi_threshold": 0.35,
        "aggregation": "10m raster values weighted by exact clipped pixel area"
      }
    },
    {
      "type": "Feature",
      "geometry": {
        "type": "Polygon",
        "coordinates": [
          [
            [
              89.530234619,
              22.795905332
            ],
            [
              89.530242952,
              22.796356573
            ],
            [
              89.529756264,
              22.796364299
            ],
            [
              89.529748683,
              22.795953717
            ],
            [
              89.529770233,
              22.795912703
            ],
            [
              89.530234619,
              22.795905332
            ]
          ]
        ]
      },
      "properties": {
        "cell_id": "50m_15194_50463",
        "grid_m": 50,
        "projected_area_m2": 2494.839165949544,
        "lon": 89.529995442,
        "lat": 22.796134815,
        "NDVI_S2_median": 0.2869328833247549,
        "vegetation_pct_valid": 24.049646493810673,
        "NDVI_2019": 0.2715593001509071,
        "NDVI_2026": 0.2869328833247549,
        "delta_NDVI": 0.015373587425291527,
        "optical_valid_pct": 100,
        "common_valid_pct": 100,
        "S2_nobs": 8.0,
        "valid_10m_pixels": 25,
        "tree_class_pct_2021": 8.016548831270224,
        "tree_context_valid_pct": 100,
        "period_start": "2026-03-15",
        "period_end_exclusive": "2026-06-01",
        "veg_ndvi_threshold": 0.35,
        "aggregation": "10m raster values weighted by exact clipped pixel area"
      }
    },
    {
      "type": "Feature",
      "geometry": {
        "type": "Polygon",
        "coordinates": [
          [
            [
              89.530242952,
              22.796356573
            ],
            [
              89.530251285,
              22.796807815
            ],
            [
              89.529764595,
              22.79681554
            ],
            [
              89.529756264,
              22.796364299
            ],
            [
              89.530242952,
              22.796356573
            ]
          ]
        ]
      },
      "properties": {
        "cell_id": "50m_15194_50464",
        "grid_m": 50,
        "projected_area_m2": 2500.0,
        "lon": 89.530003774,
        "lat": 22.796586057,
        "NDVI_S2_median": 0.19934398852288723,
        "vegetation_pct_valid": 24.0,
        "NDVI_2019": 0.20021081544458866,
        "NDVI_2026": 0.19934398852288723,
        "delta_NDVI": -0.0008668252965435385,
        "optical_valid_pct": 100,
        "common_valid_pct": 100,
        "S2_nobs": 8.0,
        "valid_10m_pixels": 25,
        "tree_class_pct_2021": 12.0,
        "tree_context_valid_pct": 100,
        "period_start": "2026-03-15",
        "period_end_exclusive": "2026-06-01",
        "veg_ndvi_threshold": 0.35,
        "aggregation": "10m raster values weighted by exact clipped pixel area"
      }
    },
    {
      "type": "Feature",
      "geometry": {
        "type": "Polygon",
        "coordinates": [
          [
            [
              89.530251285,
              22.796807815
            ],
            [
              89.530259618,
              22.797259056
            ],
            [
              89.529772927,
              22.797266782
            ],
            [
              89.529764595,
              22.79681554
            ],
            [
              89.530251285,
              22.796807815
            ]
          ]
        ]
      },
      "properties": {
        "cell_id": "50m_15194_50465",
        "grid_m": 50,
        "projected_area_m2": 2500.0,
        "lon": 89.530012106,
        "lat": 22.797037298,
        "NDVI_S2_median": 0.40982589036226275,
        "vegetation_pct_valid": 56.00000000000001,
        "NDVI_2019": 0.47154320605099204,
        "NDVI_2026": 0.40982589036226275,
        "delta_NDVI": -0.06171731684356928,
        "optical_valid_pct": 100,
        "common_valid_pct": 100,
        "S2_nobs": 8.0,
        "valid_10m_pixels": 25,
        "tree_class_pct_2021": 56.00000000000001,
        "tree_context_valid_pct": 100,
        "period_start": "2026-03-15",
        "period_end_exclusive": "2026-06-01",
        "veg_ndvi_threshold": 0.35,
        "aggregation": "10m raster values weighted by exact clipped pixel area"
      }
    },
    {
      "type": "Feature",
      "geometry": {
        "type": "Polygon",
        "coordinates": [
          [
            [
              89.530259618,
              22.797259056
            ],
            [
              89.530267952,
              22.797710297
            ],
            [
              89.529781259,
              22.797718023
            ],
            [
              89.529772927,
              22.797266782
            ],
            [
              89.530259618,
              22.797259056
            ]
          ]
        ]
      },
      "properties": {
        "cell_id": "50m_15194_50466",
        "grid_m": 50,
        "projected_area_m2": 2500.0,
        "lon": 89.530020439,
        "lat": 22.79748854,
        "NDVI_S2_median": 0.7129664373397827,
        "vegetation_pct_valid": 100.0,
        "NDVI_2019": 0.680541205406189,
        "NDVI_2026": 0.7129664373397827,
        "delta_NDVI": 0.03242522870190442,
        "optical_valid_pct": 100,
        "common_valid_pct": 100,
        "S2_nobs": 8.64,
        "valid_10m_pixels": 25,
        "tree_class_pct_2021": 76.0,
        "tree_context_valid_pct": 100,
        "period_start": "2026-03-15",
        "period_end_exclusive": "2026-06-01",
        "veg_ndvi_threshold": 0.35,
        "aggregation": "10m raster values weighted by exact clipped pixel area"
      }
    },
    {
      "type": "Feature",
      "geometry": {
        "type": "Polygon",
        "coordinates": [
          [
            [
              89.530267952,
              22.797710297
            ],
            [
              89.530276285,
              22.798161539
            ],
            [
              89.529789591,
              22.798169265
            ],
            [
              89.529781259,
              22.797718023
            ],
            [
              89.530267952,
              22.797710297
            ]
          ]
        ]
      },
      "properties": {
        "cell_id": "50m_15194_50467",
        "grid_m": 50,
        "projected_area_m2": 2500.0,
        "lon": 89.530028772,
        "lat": 22.797939781,
        "NDVI_S2_median": 0.545122594833374,
        "vegetation_pct_valid": 88.0,
        "NDVI_2019": 0.545231100320816,
        "NDVI_2026": 0.545122594833374,
        "delta_NDVI": -0.00010851753875613213,
        "optical_valid_pct": 100,
        "common_valid_pct": 100,
        "S2_nobs": 8.08,
        "valid_10m_pixels": 25,
        "tree_class_pct_2021": 20.0,
        "tree_context_valid_pct": 100,
        "period_start": "2026-03-15",
        "period_end_exclusive": "2026-06-01",
        "veg_ndvi_threshold": 0.35,
        "aggregation": "10m raster values weighted by exact clipped pixel area"
      }
    },
    {
      "type": "Feature",
      "geometry": {
        "type": "Polygon",
        "coordinates": [
          [
            [
              89.530276285,
              22.798161539
            ],
            [
              89.530284619,
              22.79861278
            ],
            [
              89.529797923,
              22.798620506
            ],
            [
              89.529789591,
              22.798169265
            ],
            [
              89.530276285,
              22.798161539
            ]
          ]
        ]
      },
      "properties": {
        "cell_id": "50m_15194_50468",
        "grid_m": 50,
        "projected_area_m2": 2500.0,
        "lon": 89.530037105,
        "lat": 22.798391023,
        "NDVI_S2_median": 0.23503411084413528,
        "vegetation_pct_valid": 16.0,
        "NDVI_2019": 0.3354119464755058,
        "NDVI_2026": 0.23503411084413528,
        "delta_NDVI": -0.10037783402949571,
        "optical_valid_pct": 100,
        "common_valid_pct": 100,
        "S2_nobs": 8.0,
        "valid_10m_pixels": 25,
        "tree_class_pct_2021": 0.0,
        "tree_context_valid_pct": 100,
        "period_start": "2026-03-15",
        "period_end_exclusive": "2026-06-01",
        "veg_ndvi_threshold": 0.35,
        "aggregation": "10m raster values weighted by exact clipped pixel area"
      }
    },
    {
      "type": "Feature",
      "geometry": {
        "type": "Polygon",
        "coordinates": [
          [
            [
              89.530284619,
              22.79861278
            ],
            [
              89.53028804,
              22.798797965
            ],
            [
              89.529799344,
              22.798697425
            ],
            [
              89.529797923,
              22.798620506
            ],
            [
              89.530284619,
              22.79861278
            ]
          ]
        ]
      },
      "properties": {
        "cell_id": "50m_15194_50469",
        "grid_m": 50,
        "projected_area_m2": 726.0605603456497,
        "lon": 89.530042981,
        "lat": 22.798709236,
        "NDVI_S2_median": 0.25553598631362595,
        "vegetation_pct_valid": 22.30754439312731,
        "NDVI_2019": 0.40091328111699615,
        "NDVI_2026": 0.25553598631362595,
        "delta_NDVI": -0.1453772907459965,
        "optical_valid_pct": 99.92255193907167,
        "common_valid_pct": 99.92255193907167,
        "S2_nobs": 8.0,
        "valid_10m_pixels": 10,
        "tree_class_pct_2021": 0.0,
        "tree_context_valid_pct": 99.92255193907167,
        "period_start": "2026-03-15",
        "period_end_exclusive": "2026-06-01",
        "veg_ndvi_threshold": 0.35,
        "aggregation": "10m raster values weighted by exact clipped pixel area"
      }
    },
    {
      "type": "Feature",
      "geometry": {
        "type": "Polygon",
        "coordinates": [
          [
            [
              89.530696303,
              22.794543881
            ],
            [
              89.530487691,
              22.794547193
            ],
            [
              89.530689278,
              22.794163516
            ],
            [
              89.530696303,
              22.794543881
            ]
          ]
        ]
      },
      "properties": {
        "cell_id": "50m_15195_50459",
        "grid_m": 50,
        "projected_area_m2": 451.6434393436779,
        "lon": 89.530588485,
        "lat": 22.794355355,
        "NDVI_S2_median": 0.26584596982736375,
        "vegetation_pct_valid": 0.7058593120958583,
        "NDVI_2019": 0.409573822596445,
        "NDVI_2026": 0.26584596982736375,
        "delta_NDVI": -0.14372785685632267,
        "optical_valid_pct": 99.99999999945133,
        "common_valid_pct": 99.99999999945133,
        "S2_nobs": 8.007058593120957,
        "valid_10m_pixels": 9,
        "tree_class_pct_2021": 0.0,
        "tree_context_valid_pct": 99.99999999945133,
        "period_start": "2026-03-15",
        "period_end_exclusive": "2026-06-01",
        "veg_ndvi_threshold": 0.35,
        "aggregation": "10m raster values weighted by exact clipped pixel area"
      }
    },
    {
      "type": "Feature",
      "geometry": {
        "type": "Polygon",
        "coordinates": [
          [
            [
              89.530696303,
              22.794543881
            ],
            [
              89.530704637,
              22.794995123
            ],
            [
              89.53024854,
              22.795002363
            ],
            [
              89.530487691,
              22.794547193
            ],
            [
              89.530696303,
              22.794543881
            ]
          ]
        ]
      },
      "properties": {
        "cell_id": "50m_15195_50460",
        "grid_m": 50,
        "projected_area_m2": 1707.2439904964995,
        "lon": 89.530472422,
        "lat": 22.794773122,
        "NDVI_S2_median": 0.29666462096243795,
        "vegetation_pct_valid": 19.729945347761753,
        "NDVI_2019": 0.3860581522761529,
        "NDVI_2026": 0.29666462096243795,
        "delta_NDVI": -0.08939352586251356,
        "optical_valid_pct": 99.99999999985157,
        "common_valid_pct": 99.99999999985157,
        "S2_nobs": 8.312452782996633,
        "valid_10m_pixels": 21,
        "tree_class_pct_2021": 0.0,
        "tree_context_valid_pct": 99.99999999985157,
        "period_start": "2026-03-15",
        "period_end_exclusive": "2026-06-01",
        "veg_ndvi_threshold": 0.35,
        "aggregation": "10m raster values weighted by exact clipped pixel area"
      }
    },
    {
      "type": "Feature",
      "geometry": {
        "type": "Polygon",
        "coordinates": [
          [
            [
              89.530704637,
              22.794995123
            ],
            [
              89.530712971,
              22.795446364
            ],
            [
              89.530226286,
              22.79545409
            ],
            [
              89.530218984,
              22.795058617
            ],
            [
              89.53024854,
              22.795002363
            ],
            [
              89.530704637,
              22.794995123
            ]
          ]
        ]
      },
      "properties": {
        "cell_id": "50m_15195_50461",
        "grid_m": 50,
        "projected_area_m2": 2490.2912686436266,
        "lon": 89.530465462,
        "lat": 22.795224607,
        "NDVI_S2_median": 0.4017266414324435,
        "vegetation_pct_valid": 60.23391797124988,
        "NDVI_2019": 0.3451101286576289,
        "NDVI_2026": 0.4017266414324435,
        "delta_NDVI": 0.05661650931748382,
        "optical_valid_pct": 100,
        "common_valid_pct": 100,
        "S2_nobs": 8.321247562513333,
        "valid_10m_pixels": 25,
        "tree_class_pct_2021": 0.0,
        "tree_context_valid_pct": 100,
        "period_start": "2026-03-15",
        "period_end_exclusive": "2026-06-01",
        "veg_ndvi_threshold": 0.35,
        "aggregation": "10m raster values weighted by exact clipped pixel area"
      }
    },
    {
      "type": "Feature",
      "geometry": {
        "type": "Polygon",
        "coordinates": [
          [
            [
              89.530712971,
              22.795446364
            ],
            [
              89.530721305,
              22.795897605
            ],
            [
              89.530234619,
              22.795905332
            ],
            [
              89.530226286,
              22.79545409
            ],
            [
              89.530712971,
              22.795446364
            ]
          ]
        ]
      },
      "properties": {
        "cell_id": "50m_15195_50462",
        "grid_m": 50,
        "projected_area_m2": 2500.0,
        "lon": 89.530473795,
        "lat": 22.795675848,
        "NDVI_S2_median": 0.13336616702377796,
        "vegetation_pct_valid": 0.0,
        "NDVI_2019": 0.1788027781061828,
        "NDVI_2026": 0.13336616702377796,
        "delta_NDVI": -0.04543661091011018,
        "optical_valid_pct": 100,
        "common_valid_pct": 100,
        "S2_nobs": 8.0,
        "valid_10m_pixels": 25,
        "tree_class_pct_2021": 0.0,
        "tree_context_valid_pct": 100,
        "period_start": "2026-03-15",
        "period_end_exclusive": "2026-06-01",
        "veg_ndvi_threshold": 0.35,
        "aggregation": "10m raster values weighted by exact clipped pixel area"
      }
    },
    {
      "type": "Feature",
      "geometry": {
        "type": "Polygon",
        "coordinates": [
          [
            [
              89.530721305,
              22.795897605
            ],
            [
              89.53072964,
              22.796348847
            ],
            [
              89.530242952,
              22.796356573
            ],
            [
              89.530234619,
              22.795905332
            ],
            [
              89.530721305,
              22.795897605
            ]
          ]
        ]
      },
      "properties": {
        "cell_id": "50m_15195_50463",
        "grid_m": 50,
        "projected_area_m2": 2500.0,
        "lon": 89.530482129,
        "lat": 22.796127089,
        "NDVI_S2_median": 0.30879430890083315,
        "vegetation_pct_valid": 44.0,
        "NDVI_2019": 0.3486564403772354,
        "NDVI_2026": 0.30879430890083315,
        "delta_NDVI": -0.039862133564893154,
        "optical_valid_pct": 100,
        "common_valid_pct": 100,
        "S2_nobs": 8.0,
        "valid_10m_pixels": 25,
        "tree_class_pct_2021": 12.0,
        "tree_context_valid_pct": 100,
        "period_start": "2026-03-15",
        "period_end_exclusive": "2026-06-01",
        "veg_ndvi_threshold": 0.35,
        "aggregation": "10m raster values weighted by exact clipped pixel area"
      }
    },
    {
      "type": "Feature",
      "geometry": {
        "type": "Polygon",
        "coordinates": [
          [
            [
              89.53072964,
              22.796348847
            ],
            [
              89.530737974,
              22.796800088
            ],
            [
              89.530251285,
              22.796807815
            ],
            [
              89.530242952,
              22.796356573
            ],
            [
              89.53072964,
              22.796348847
            ]
          ]
        ]
      },
      "properties": {
        "cell_id": "50m_15195_50464",
        "grid_m": 50,
        "projected_area_m2": 2500.0,
        "lon": 89.530490463,
        "lat": 22.796578331,
        "NDVI_S2_median": 0.3401888997852802,
        "vegetation_pct_valid": 48.0,
        "NDVI_2019": 0.4829066383838654,
        "NDVI_2026": 0.3401888997852802,
        "delta_NDVI": -0.14271773042157293,
        "optical_valid_pct": 100,
        "common_valid_pct": 100,
        "S2_nobs": 8.0,
        "valid_10m_pixels": 25,
        "tree_class_pct_2021": 56.00000000000001,
        "tree_context_valid_pct": 100,
        "period_start": "2026-03-15",
        "period_end_exclusive": "2026-06-01",
        "veg_ndvi_threshold": 0.35,
        "aggregation": "10m raster values weighted by exact clipped pixel area"
      }
    },
    {
      "type": "Feature",
      "geometry": {
        "type": "Polygon",
        "coordinates": [
          [
            [
              89.530737974,
              22.796800088
            ],
            [
              89.530746309,
              22.797251329
            ],
            [
              89.530259618,
              22.797259056
            ],
            [
              89.530251285,
              22.796807815
            ],
            [
              89.530737974,
              22.796800088
            ]
          ]
        ]
      },
      "properties": {
        "cell_id": "50m_15195_50465",
        "grid_m": 50,
        "projected_area_m2": 2500.0,
        "lon": 89.530498797,
        "lat": 22.797029572,
        "NDVI_S2_median": 0.43921820640563963,
        "vegetation_pct_valid": 72.0,
        "NDVI_2019": 0.4125655406713486,
        "NDVI_2026": 0.43921820640563963,
        "delta_NDVI": 0.026652660984545946,
        "optical_valid_pct": 100,
        "common_valid_pct": 100,
        "S2_nobs": 8.0,
        "valid_10m_pixels": 25,
        "tree_class_pct_2021": 60.0,
        "tree_context_valid_pct": 100,
        "period_start": "2026-03-15",
        "period_end_exclusive": "2026-06-01",
        "veg_ndvi_threshold": 0.35,
        "aggregation": "10m raster values weighted by exact clipped pixel area"
      }
    },
    {
      "type": "Feature",
      "geometry": {
        "type": "Polygon",
        "coordinates": [
          [
            [
              89.530746309,
              22.797251329
            ],
            [
              89.530754644,
              22.79770257
            ],
            [
              89.530267952,
              22.797710297
            ],
            [
              89.530259618,
              22.797259056
            ],
            [
              89.530746309,
              22.797251329
            ]
          ]
        ]
      },
      "properties": {
        "cell_id": "50m_15195_50466",
        "grid_m": 50,
        "projected_area_m2": 2500.0,
        "lon": 89.530507131,
        "lat": 22.797480813,
        "NDVI_S2_median": 0.29928254038095475,
        "vegetation_pct_valid": 24.0,
        "NDVI_2019": 0.2517772459983826,
        "NDVI_2026": 0.29928254038095475,
        "delta_NDVI": 0.047505292566493156,
        "optical_valid_pct": 100,
        "common_valid_pct": 100,
        "S2_nobs": 8.16,
        "valid_10m_pixels": 25,
        "tree_class_pct_2021": 40.0,
        "tree_context_valid_pct": 100,
        "period_start": "2026-03-15",
        "period_end_exclusive": "2026-06-01",
        "veg_ndvi_threshold": 0.35,
        "aggregation": "10m raster values weighted by exact clipped pixel area"
      }
    },
    {
      "type": "Feature",
      "geometry": {
        "type": "Polygon",
        "coordinates": [
          [
            [
              89.530754644,
              22.79770257
            ],
            [
              89.530762979,
              22.798153811
            ],
            [
              89.530276285,
              22.798161539
            ],
            [
              89.530267952,
              22.797710297
            ],
            [
              89.530754644,
              22.79770257
            ]
          ]
        ]
      },
      "properties": {
        "cell_id": "50m_15195_50467",
        "grid_m": 50,
        "projected_area_m2": 2500.0,
        "lon": 89.530515465,
        "lat": 22.797932055,
        "NDVI_S2_median": 0.4007320195436478,
        "vegetation_pct_valid": 60.0,
        "NDVI_2019": 0.5359801912307739,
        "NDVI_2026": 0.4007320195436478,
        "delta_NDVI": -0.1352481737243943,
        "optical_valid_pct": 100,
        "common_valid_pct": 100,
        "S2_nobs": 8.56,
        "valid_10m_pixels": 25,
        "tree_class_pct_2021": 8.0,
        "tree_context_valid_pct": 100,
        "period_start": "2026-03-15",
        "period_end_exclusive": "2026-06-01",
        "veg_ndvi_threshold": 0.35,
        "aggregation": "10m raster values weighted by exact clipped pixel area"
      }
    },
    {
      "type": "Feature",
      "geometry": {
        "type": "Polygon",
        "coordinates": [
          [
            [
              89.530762979,
              22.798153811
            ],
            [
              89.530771315,
              22.798605052
            ],
            [
              89.530284619,
              22.79861278
            ],
            [
              89.530276285,
              22.798161539
            ],
            [
              89.530762979,
              22.798153811
            ]
          ]
        ]
      },
      "properties": {
        "cell_id": "50m_15195_50468",
        "grid_m": 50,
        "projected_area_m2": 2500.0,
        "lon": 89.5305238,
        "lat": 22.798383296,
        "NDVI_S2_median": 0.17334462136030196,
        "vegetation_pct_valid": 0.0,
        "NDVI_2019": 0.124918043166399,
        "NDVI_2026": 0.17334462136030196,
        "delta_NDVI": 0.04842657670378685,
        "optical_valid_pct": 100,
        "common_valid_pct": 100,
        "S2_nobs": 8.64,
        "valid_10m_pixels": 25,
        "tree_class_pct_2021": 0.0,
        "tree_context_valid_pct": 100,
        "period_start": "2026-03-15",
        "period_end_exclusive": "2026-06-01",
        "veg_ndvi_threshold": 0.35,
        "aggregation": "10m raster values weighted by exact clipped pixel area"
      }
    },
    {
      "type": "Feature",
      "geometry": {
        "type": "Polygon",
        "coordinates": [
          [
            [
              89.530771315,
              22.798605052
            ],
            [
              89.530776736,
              22.798898503
            ],
            [
              89.53028804,
              22.798797965
            ],
            [
              89.530284619,
              22.79861278
            ],
            [
              89.530771315,
              22.798605052
            ]
          ]
        ]
      },
      "properties": {
        "cell_id": "50m_15195_50469",
        "grid_m": 50,
        "projected_area_m2": 1325.8850416634232,
        "lon": 89.530530677,
        "lat": 22.798755642,
        "NDVI_S2_median": 0.22934048769359644,
        "vegetation_pct_valid": 16.04198413643229,
        "NDVI_2019": 0.47389741449085004,
        "NDVI_2026": 0.22934048769359644,
        "delta_NDVI": -0.244556928201177,
        "optical_valid_pct": 99.9978613854889,
        "common_valid_pct": 99.9978613854889,
        "S2_nobs": 8.0,
        "valid_10m_pixels": 16,
        "tree_class_pct_2021": 0.9927895659187179,
        "tree_context_valid_pct": 99.9978613854889,
        "period_start": "2026-03-15",
        "period_end_exclusive": "2026-06-01",
        "veg_ndvi_threshold": 0.35,
        "aggregation": "10m raster values weighted by exact clipped pixel area"
      }
    },
    {
      "type": "Feature",
      "geometry": {
        "type": "Polygon",
        "coordinates": [
          [
            [
              89.531166314,
              22.793633671
            ],
            [
              89.53096599,
              22.793636852
            ],
            [
              89.531159567,
              22.793268414
            ],
            [
              89.531166314,
              22.793633671
            ]
          ]
        ]
      },
      "properties": {
        "cell_id": "50m_15196_50457",
        "grid_m": 50,
        "projected_area_m2": 416.4769770200225,
        "lon": 89.531062779,
        "lat": 22.793452633,
        "NDVI_S2_median": 0.5751207525394766,
        "vegetation_pct_valid": 100.0,
        "NDVI_2019": 0.5633683595039665,
        "NDVI_2026": 0.5751207525394766,
        "delta_NDVI": 0.01175238421483182,
        "optical_valid_pct": 99.94658859723182,
        "common_valid_pct": 99.94658859723182,
        "S2_nobs": 7.000000000000001,
        "valid_10m_pixels": 7,
        "tree_class_pct_2021": 49.57107205955278,
        "tree_context_valid_pct": 99.94658859723182,
        "period_start": "2026-03-15",
        "period_end_exclusive": "2026-06-01",
        "veg_ndvi_threshold": 0.35,
        "aggregation": "10m raster values weighted by exact clipped pixel area"
      }
    },
    {
      "type": "Feature",
      "geometry": {
        "type": "Polygon",
        "coordinates": [
          [
            [
              89.531166314,
              22.793633671
            ],
            [
              89.531174649,
              22.794084912
            ],
            [
              89.530726841,
              22.794092023
            ],
            [
              89.53096599,
              22.793636852
            ],
            [
              89.531166314,
              22.793633671
            ]
          ]
        ]
      },
      "properties": {
        "cell_id": "50m_15196_50458",
        "grid_m": 50,
        "projected_area_m2": 1664.679363090545,
        "lon": 89.530946578,
        "lat": 22.793862847,
        "NDVI_S2_median": 0.3996788208628951,
        "vegetation_pct_valid": 69.00973849978809,
        "NDVI_2019": 0.5310245245344047,
        "NDVI_2026": 0.3996788208628951,
        "delta_NDVI": -0.13134571060284758,
        "optical_valid_pct": 99.99999999992255,
        "common_valid_pct": 99.99999999992255,
        "S2_nobs": 6.639903382774557,
        "valid_10m_pixels": 21,
        "tree_class_pct_2021": 14.145247004173594,
        "tree_context_valid_pct": 99.99999999992255,
        "period_start": "2026-03-15",
        "period_end_exclusive": "2026-06-01",
        "veg_ndvi_threshold": 0.35,
        "aggregation": "10m raster values weighted by exact clipped pixel area"
      }
    },
    {
      "type": "Feature",
      "geometry": {
        "type": "Polygon",
        "coordinates": [
          [
            [
              89.531174649,
              22.794084912
            ],
            [
              89.531182984,
              22.794536154
            ],
            [
              89.530696303,
              22.794543881
            ],
            [
              89.530689278,
              22.794163516
            ],
            [
              89.530726841,
              22.794092023
            ],
            [
              89.531174649,
              22.794084912
            ]
          ]
        ]
      },
      "properties": {
        "cell_id": "50m_15196_50459",
        "grid_m": 50,
        "projected_area_m2": 2484.318237449693,
        "lon": 89.530935476,
        "lat": 22.794314397,
        "NDVI_S2_median": 0.3711849322610159,
        "vegetation_pct_valid": 51.697009589565525,
        "NDVI_2019": 0.49092706055518287,
        "NDVI_2026": 0.3711849322610159,
        "delta_NDVI": -0.11974212705437769,
        "optical_valid_pct": 100,
        "common_valid_pct": 100,
        "S2_nobs": 7.2415149520521735,
        "valid_10m_pixels": 25,
        "tree_class_pct_2021": 16.10099680347816,
        "tree_context_valid_pct": 100,
        "period_start": "2026-03-15",
        "period_end_exclusive": "2026-06-01",
        "veg_ndvi_threshold": 0.35,
        "aggregation": "10m raster values weighted by exact clipped pixel area"
      }
    },
    {
      "type": "Feature",
      "geometry": {
        "type": "Polygon",
        "coordinates": [
          [
            [
              89.531182984,
              22.794536154
            ],
            [
              89.531191319,
              22.794987395
            ],
            [
              89.530704637,
              22.794995123
            ],
            [
              89.530696303,
              22.794543881
            ],
            [
              89.531182984,
              22.794536154
            ]
          ]
        ]
      },
      "properties": {
        "cell_id": "50m_15196_50460",
        "grid_m": 50,
        "projected_area_m2": 2500.0,
        "lon": 89.530943811,
        "lat": 22.794765638,
        "NDVI_S2_median": 0.28275799095630644,
        "vegetation_pct_valid": 24.0,
        "NDVI_2019": 0.5546476483345032,
        "NDVI_2026": 0.28275799095630644,
        "delta_NDVI": -0.2718896593153477,
        "optical_valid_pct": 100,
        "common_valid_pct": 100,
        "S2_nobs": 8.84,
        "valid_10m_pixels": 25,
        "tree_class_pct_2021": 76.0,
        "tree_context_valid_pct": 100,
        "period_start": "2026-03-15",
        "period_end_exclusive": "2026-06-01",
        "veg_ndvi_threshold": 0.35,
        "aggregation": "10m raster values weighted by exact clipped pixel area"
      }
    },
    {
      "type": "Feature",
      "geometry": {
        "type": "Polygon",
        "coordinates": [
          [
            [
              89.531191319,
              22.794987395
            ],
            [
              89.531199655,
              22.795438636
            ],
            [
              89.530712971,
              22.795446364
            ],
            [
              89.530704637,
              22.794995123
            ],
            [
              89.531191319,
              22.794987395
            ]
          ]
        ]
      },
      "properties": {
        "cell_id": "50m_15196_50461",
        "grid_m": 50,
        "projected_area_m2": 2500.0,
        "lon": 89.530952146,
        "lat": 22.79521688,
        "NDVI_S2_median": 0.4346466690301895,
        "vegetation_pct_valid": 72.0,
        "NDVI_2019": 0.6051612049341202,
        "NDVI_2026": 0.4346466690301895,
        "delta_NDVI": -0.17051453694701194,
        "optical_valid_pct": 100,
        "common_valid_pct": 100,
        "S2_nobs": 9.56,
        "valid_10m_pixels": 25,
        "tree_class_pct_2021": 96.0,
        "tree_context_valid_pct": 100,
        "period_start": "2026-03-15",
        "period_end_exclusive": "2026-06-01",
        "veg_ndvi_threshold": 0.35,
        "aggregation": "10m raster values weighted by exact clipped pixel area"
      }
    },
    {
      "type": "Feature",
      "geometry": {
        "type": "Polygon",
        "coordinates": [
          [
            [
              89.531199655,
              22.795438636
            ],
            [
              89.531207991,
              22.795889877
            ],
            [
              89.530721305,
              22.795897605
            ],
            [
              89.530712971,
              22.795446364
            ],
            [
              89.531199655,
              22.795438636
            ]
          ]
        ]
      },
      "properties": {
        "cell_id": "50m_15196_50462",
        "grid_m": 50,
        "projected_area_m2": 2500.0,
        "lon": 89.53096048,
        "lat": 22.795668121,
        "NDVI_S2_median": 0.12976047411561012,
        "vegetation_pct_valid": 0.0,
        "NDVI_2019": 0.3944638192653656,
        "NDVI_2026": 0.12976047411561012,
        "delta_NDVI": -0.2647033403394744,
        "optical_valid_pct": 100,
        "common_valid_pct": 100,
        "S2_nobs": 8.76,
        "valid_10m_pixels": 25,
        "tree_class_pct_2021": 24.0,
        "tree_context_valid_pct": 100,
        "period_start": "2026-03-15",
        "period_end_exclusive": "2026-06-01",
        "veg_ndvi_threshold": 0.35,
        "aggregation": "10m raster values weighted by exact clipped pixel area"
      }
    },
    {
      "type": "Feature",
      "geometry": {
        "type": "Polygon",
        "coordinates": [
          [
            [
              89.531207991,
              22.795889877
            ],
            [
              89.531216327,
              22.796341118
            ],
            [
              89.53072964,
              22.796348847
            ],
            [
              89.530721305,
              22.795897605
            ],
            [
              89.531207991,
              22.795889877
            ]
          ]
        ]
      },
      "properties": {
        "cell_id": "50m_15196_50463",
        "grid_m": 50,
        "projected_area_m2": 2500.0,
        "lon": 89.530968816,
        "lat": 22.796119362,
        "NDVI_S2_median": 0.34791324943304064,
        "vegetation_pct_valid": 48.0,
        "NDVI_2019": 0.5434790503978729,
        "NDVI_2026": 0.34791324943304064,
        "delta_NDVI": -0.19556580144912006,
        "optical_valid_pct": 100,
        "common_valid_pct": 100,
        "S2_nobs": 8.28,
        "valid_10m_pixels": 25,
        "tree_class_pct_2021": 60.0,
        "tree_context_valid_pct": 100,
        "period_start": "2026-03-15",
        "period_end_exclusive": "2026-06-01",
        "veg_ndvi_threshold": 0.35,
        "aggregation": "10m raster values weighted by exact clipped pixel area"
      }
    },
    {
      "type": "Feature",
      "geometry": {
        "type": "Polygon",
        "coordinates": [
          [
            [
              89.531216327,
              22.796341118
            ],
            [
              89.531224663,
              22.796792359
            ],
            [
              89.530737974,
              22.796800088
            ],
            [
              89.53072964,
              22.796348847
            ],
            [
              89.531216327,
              22.796341118
            ]
          ]
        ]
      },
      "properties": {
        "cell_id": "50m_15196_50464",
        "grid_m": 50,
        "projected_area_m2": 2500.0,
        "lon": 89.530977151,
        "lat": 22.796570603,
        "NDVI_S2_median": 0.5219751274585724,
        "vegetation_pct_valid": 88.0,
        "NDVI_2019": 0.5790200126171112,
        "NDVI_2026": 0.5219751274585724,
        "delta_NDVI": -0.057044886481016875,
        "optical_valid_pct": 100,
        "common_valid_pct": 100,
        "S2_nobs": 8.12,
        "valid_10m_pixels": 25,
        "tree_class_pct_2021": 72.0,
        "tree_context_valid_pct": 100,
        "period_start": "2026-03-15",
        "period_end_exclusive": "2026-06-01",
        "veg_ndvi_threshold": 0.35,
        "aggregation": "10m raster values weighted by exact clipped pixel area"
      }
    },
    {
      "type": "Feature",
      "geometry": {
        "type": "Polygon",
        "coordinates": [
          [
            [
              89.531224663,
              22.796792359
            ],
            [
              89.531233,
              22.7972436
            ],
            [
              89.530746309,
              22.797251329
            ],
            [
              89.530737974,
              22.796800088
            ],
            [
              89.531224663,
              22.796792359
            ]
          ]
        ]
      },
      "properties": {
        "cell_id": "50m_15196_50465",
        "grid_m": 50,
        "projected_area_m2": 2500.0,
        "lon": 89.530985487,
        "lat": 22.797021844,
        "NDVI_S2_median": 0.4650613307952881,
        "vegetation_pct_valid": 72.0,
        "NDVI_2019": 0.6125386786460877,
        "NDVI_2026": 0.4650613307952881,
        "delta_NDVI": -0.147477340772748,
        "optical_valid_pct": 100,
        "common_valid_pct": 100,
        "S2_nobs": 8.12,
        "valid_10m_pixels": 25,
        "tree_class_pct_2021": 84.0,
        "tree_context_valid_pct": 100,
        "period_start": "2026-03-15",
        "period_end_exclusive": "2026-06-01",
        "veg_ndvi_threshold": 0.35,
        "aggregation": "10m raster values weighted by exact clipped pixel area"
      }
    },
    {
      "type": "Feature",
      "geometry": {
        "type": "Polygon",
        "coordinates": [
          [
            [
              89.531233,
              22.7972436
            ],
            [
              89.531241336,
              22.797694841
            ],
            [
              89.530754644,
              22.79770257
            ],
            [
              89.530746309,
              22.797251329
            ],
            [
              89.531233,
              22.7972436
            ]
          ]
        ]
      },
      "properties": {
        "cell_id": "50m_15196_50466",
        "grid_m": 50,
        "projected_area_m2": 2500.0,
        "lon": 89.530993822,
        "lat": 22.797473085,
        "NDVI_S2_median": 0.5299206078052521,
        "vegetation_pct_valid": 88.0,
        "NDVI_2019": 0.5793652129173279,
        "NDVI_2026": 0.5299206078052521,
        "delta_NDVI": -0.04944460431230255,
        "optical_valid_pct": 100,
        "common_valid_pct": 100,
        "S2_nobs": 9.0,
        "valid_10m_pixels": 25,
        "tree_class_pct_2021": 52.0,
        "tree_context_valid_pct": 100,
        "period_start": "2026-03-15",
        "period_end_exclusive": "2026-06-01",
        "veg_ndvi_threshold": 0.35,
        "aggregation": "10m raster values weighted by exact clipped pixel area"
      }
    },
    {
      "type": "Feature",
      "geometry": {
        "type": "Polygon",
        "coordinates": [
          [
            [
              89.531241336,
              22.797694841
            ],
            [
              89.531249673,
              22.798146082
            ],
            [
              89.530762979,
              22.798153811
            ],
            [
              89.530754644,
              22.79770257
            ],
            [
              89.531241336,
              22.797694841
            ]
          ]
        ]
      },
      "properties": {
        "cell_id": "50m_15196_50467",
        "grid_m": 50,
        "projected_area_m2": 2500.0,
        "lon": 89.531002158,
        "lat": 22.797924326,
        "NDVI_S2_median": 0.35184374362230303,
        "vegetation_pct_valid": 44.0,
        "NDVI_2019": 0.5755477702617645,
        "NDVI_2026": 0.35184374362230303,
        "delta_NDVI": -0.22370402455329896,
        "optical_valid_pct": 100,
        "common_valid_pct": 100,
        "S2_nobs": 9.0,
        "valid_10m_pixels": 25,
        "tree_class_pct_2021": 40.0,
        "tree_context_valid_pct": 100,
        "period_start": "2026-03-15",
        "period_end_exclusive": "2026-06-01",
        "veg_ndvi_threshold": 0.35,
        "aggregation": "10m raster values weighted by exact clipped pixel area"
      }
    },
    {
      "type": "Feature",
      "geometry": {
        "type": "Polygon",
        "coordinates": [
          [
            [
              89.531249673,
              22.798146082
            ],
            [
              89.53125801,
              22.798597323
            ],
            [
              89.530771315,
              22.798605052
            ],
            [
              89.530762979,
              22.798153811
            ],
            [
              89.531249673,
              22.798146082
            ]
          ]
        ]
      },
      "properties": {
        "cell_id": "50m_15196_50468",
        "grid_m": 50,
        "projected_area_m2": 2500.0,
        "lon": 89.531010495,
        "lat": 22.798375568,
        "NDVI_S2_median": 0.22386422634124756,
        "vegetation_pct_valid": 16.0,
        "NDVI_2019": 0.20469435576349496,
        "NDVI_2026": 0.22386422634124756,
        "delta_NDVI": 0.019169872384518383,
        "optical_valid_pct": 100,
        "common_valid_pct": 100,
        "S2_nobs": 8.4,
        "valid_10m_pixels": 25,
        "tree_class_pct_2021": 0.0,
        "tree_context_valid_pct": 100,
        "period_start": "2026-03-15",
        "period_end_exclusive": "2026-06-01",
        "veg_ndvi_threshold": 0.35,
        "aggregation": "10m raster values weighted by exact clipped pixel area"
      }
    },
    {
      "type": "Feature",
      "geometry": {
        "type": "Polygon",
        "coordinates": [
          [
            [
              89.53125801,
              22.798597323
            ],
            [
              89.531265433,
              22.79899904
            ],
            [
              89.530776736,
              22.798898503
            ],
            [
              89.530771315,
              22.798605052
            ],
            [
              89.53125801,
              22.798597323
            ]
          ]
        ]
      },
      "properties": {
        "cell_id": "50m_15196_50469",
        "grid_m": 50,
        "projected_area_m2": 1925.7095230044797,
        "lon": 89.531018374,
        "lat": 22.798802046,
        "NDVI_S2_median": 0.20777690941824128,
        "vegetation_pct_valid": 1.7202938818694329,
        "NDVI_2019": 0.47063000353603845,
        "NDVI_2026": 0.20777690941824128,
        "delta_NDVI": -0.26285309225762166,
        "optical_valid_pct": 99.99999999988039,
        "common_valid_pct": 99.99999999988039,
        "S2_nobs": 8.0,
        "valid_10m_pixels": 22,
        "tree_class_pct_2021": 0.0,
        "tree_context_valid_pct": 99.99999999988039,
        "period_start": "2026-03-15",
        "period_end_exclusive": "2026-06-01",
        "veg_ndvi_threshold": 0.35,
        "aggregation": "10m raster values weighted by exact clipped pixel area"
      }
    },
    {
      "type": "Feature",
      "geometry": {
        "type": "Polygon",
        "coordinates": [
          [
            [
              89.531636319,
              22.79272346
            ],
            [
              89.531444282,
              22.79272651
            ],
            [
              89.53162985,
              22.792373312
            ],
            [
              89.531636319,
              22.79272346
            ]
          ]
        ]
      },
      "properties": {
        "cell_id": "50m_15197_50455",
        "grid_m": 50,
        "projected_area_m2": 382.73564858637894,
        "lon": 89.531537066,
        "lat": 22.792549911,
        "NDVI_S2_median": 0.4615755645267701,
        "vegetation_pct_valid": 100.0,
        "NDVI_2019": 0.5733691853516522,
        "NDVI_2026": 0.4615755645267701,
        "delta_NDVI": -0.11179361792607218,
        "optical_valid_pct": 100,
        "common_valid_pct": 100,
        "S2_nobs": 8.999999999999998,
        "valid_10m_pixels": 6,
        "tree_class_pct_2021": 47.79452600129828,
        "tree_context_valid_pct": 100,
        "period_start": "2026-03-15",
        "period_end_exclusive": "2026-06-01",
        "veg_ndvi_threshold": 0.35,
        "aggregation": "10m raster values weighted by exact clipped pixel area"
      }
    },
    {
      "type": "Feature",
      "geometry": {
        "type": "Polygon",
        "coordinates": [
          [
            [
              89.531636319,
              22.79272346
            ],
            [
              89.531644655,
              22.793174701
            ],
            [
              89.531205137,
              22.793181681
            ],
            [
              89.531444282,
              22.79272651
            ],
            [
              89.531636319,
              22.79272346
            ]
          ]
        ]
      },
      "properties": {
        "cell_id": "50m_15197_50456",
        "grid_m": 50,
        "projected_area_m2": 1622.1147356875008,
        "lon": 89.531420728,
        "lat": 22.792952571,
        "NDVI_S2_median": 0.5064837841654738,
        "vegetation_pct_valid": 93.83518966186165,
        "NDVI_2019": 0.6280718265365044,
        "NDVI_2026": 0.5064837841654738,
        "delta_NDVI": -0.12158804610133929,
        "optical_valid_pct": 99.99970307875307,
        "common_valid_pct": 99.99970307875307,
        "S2_nobs": 8.32206051060566,
        "valid_10m_pixels": 19,
        "tree_class_pct_2021": 75.34075864744662,
        "tree_context_valid_pct": 99.99970307875307,
        "period_start": "2026-03-15",
        "period_end_exclusive": "2026-06-01",
        "veg_ndvi_threshold": 0.35,
        "aggregation": "10m raster values weighted by exact clipped pixel area"
      }
    },
    {
      "type": "Feature",
      "geometry": {
        "type": "Polygon",
        "coordinates": [
          [
            [
              89.531644655,
              22.793174701
            ],
            [
              89.531652991,
              22.793625942
            ],
            [
              89.531166314,
              22.793633671
            ],
            [
              89.531159567,
              22.793268414
            ],
            [
              89.531205137,
              22.793181681
            ],
            [
              89.531644655,
              22.793174701
            ]
          ]
        ]
      },
      "properties": {
        "cell_id": "50m_15197_50457",
        "grid_m": 50,
        "projected_area_m2": 2476.9200723680055,
        "lon": 89.531405485,
        "lat": 22.793404186,
        "NDVI_S2_median": 0.4069339486777142,
        "vegetation_pct_valid": 71.73909615376567,
        "NDVI_2019": 0.44198741511255324,
        "NDVI_2026": 0.4069339486777142,
        "delta_NDVI": -0.03505346710869304,
        "optical_valid_pct": 100,
        "common_valid_pct": 100,
        "S2_nobs": 8.0714274450523,
        "valid_10m_pixels": 25,
        "tree_class_pct_2021": 35.40364835146438,
        "tree_context_valid_pct": 100,
        "period_start": "2026-03-15",
        "period_end_exclusive": "2026-06-01",
        "veg_ndvi_threshold": 0.35,
        "aggregation": "10m raster values weighted by exact clipped pixel area"
      }
    },
    {
      "type": "Feature",
      "geometry": {
        "type": "Polygon",
        "coordinates": [
          [
            [
              89.531652991,
              22.793625942
            ],
            [
              89.531661328,
              22.794077184
            ],
            [
              89.531174649,
              22.794084912
            ],
            [
              89.531166314,
              22.793633671
            ],
            [
              89.531652991,
              22.793625942
            ]
          ]
        ]
      },
      "properties": {
        "cell_id": "50m_15197_50458",
        "grid_m": 50,
        "projected_area_m2": 2500.0,
        "lon": 89.531413821,
        "lat": 22.793855428,
        "NDVI_S2_median": 0.48162025690078736,
        "vegetation_pct_valid": 84.0,
        "NDVI_2019": 0.4879763680696487,
        "NDVI_2026": 0.48162025690078736,
        "delta_NDVI": -0.006356118619441986,
        "optical_valid_pct": 100,
        "common_valid_pct": 100,
        "S2_nobs": 8.12,
        "valid_10m_pixels": 25,
        "tree_class_pct_2021": 64.0,
        "tree_context_valid_pct": 100,
        "period_start": "2026-03-15",
        "period_end_exclusive": "2026-06-01",
        "veg_ndvi_threshold": 0.35,
        "aggregation": "10m raster values weighted by exact clipped pixel area"
      }
    },
    {
      "type": "Feature",
      "geometry": {
        "type": "Polygon",
        "coordinates": [
          [
            [
              89.531661328,
              22.794077184
            ],
            [
              89.531669665,
              22.794528425
            ],
            [
              89.531182984,
              22.794536154
            ],
            [
              89.531174649,
              22.794084912
            ],
            [
              89.531661328,
              22.794077184
            ]
          ]
        ]
      },
      "properties": {
        "cell_id": "50m_15197_50459",
        "grid_m": 50,
        "projected_area_m2": 2500.0,
        "lon": 89.531422156,
        "lat": 22.794306669,
        "NDVI_S2_median": 0.46061694383621216,
        "vegetation_pct_valid": 84.0,
        "NDVI_2019": 0.525112031698227,
        "NDVI_2026": 0.46061694383621216,
        "delta_NDVI": -0.06449508050456643,
        "optical_valid_pct": 100,
        "common_valid_pct": 100,
        "S2_nobs": 7.92,
        "valid_10m_pixels": 25,
        "tree_class_pct_2021": 48.0,
        "tree_context_valid_pct": 100,
        "period_start": "2026-03-15",
        "period_end_exclusive": "2026-06-01",
        "veg_ndvi_threshold": 0.35,
        "aggregation": "10m raster values weighted by exact clipped pixel area"
      }
    },
    {
      "type": "Feature",
      "geometry": {
        "type": "Polygon",
        "coordinates": [
          [
            [
              89.531669665,
              22.794528425
            ],
            [
              89.531678002,
              22.794979666
            ],
            [
              89.531191319,
              22.794987395
            ],
            [
              89.531182984,
              22.794536154
            ],
            [
              89.531669665,
              22.794528425
            ]
          ]
        ]
      },
      "properties": {
        "cell_id": "50m_15197_50460",
        "grid_m": 50,
        "projected_area_m2": 2500.0,
        "lon": 89.531430493,
        "lat": 22.79475791,
        "NDVI_S2_median": 0.5578361427783967,
        "vegetation_pct_valid": 88.0,
        "NDVI_2019": 0.5088319355249404,
        "NDVI_2026": 0.5578361427783967,
        "delta_NDVI": 0.049004193525761366,
        "optical_valid_pct": 100,
        "common_valid_pct": 100,
        "S2_nobs": 8.68,
        "valid_10m_pixels": 25,
        "tree_class_pct_2021": 52.0,
        "tree_context_valid_pct": 100,
        "period_start": "2026-03-15",
        "period_end_exclusive": "2026-06-01",
        "veg_ndvi_threshold": 0.35,
        "aggregation": "10m raster values weighted by exact clipped pixel area"
      }
    },
    {
      "type": "Feature",
      "geometry": {
        "type": "Polygon",
        "coordinates": [
          [
            [
              89.531678002,
              22.794979666
            ],
            [
              89.531686339,
              22.795430907
            ],
            [
              89.531199655,
              22.795438636
            ],
            [
              89.531191319,
              22.794987395
            ],
            [
              89.531678002,
              22.794979666
            ]
          ]
        ]
      },
      "properties": {
        "cell_id": "50m_15197_50461",
        "grid_m": 50,
        "projected_area_m2": 2500.0,
        "lon": 89.531438829,
        "lat": 22.795209151,
        "NDVI_S2_median": 0.6601772260665894,
        "vegetation_pct_valid": 100.0,
        "NDVI_2019": 0.6188186442852021,
        "NDVI_2026": 0.6601772260665894,
        "delta_NDVI": 0.04135858250781894,
        "optical_valid_pct": 100,
        "common_valid_pct": 100,
        "S2_nobs": 9.72,
        "valid_10m_pixels": 25,
        "tree_class_pct_2021": 56.00000000000001,
        "tree_context_valid_pct": 100,
        "period_start": "2026-03-15",
        "period_end_exclusive": "2026-06-01",
        "veg_ndvi_threshold": 0.35,
        "aggregation": "10m raster values weighted by exact clipped pixel area"
      }
    },
    {
      "type": "Feature",
      "geometry": {
        "type": "Polygon",
        "coordinates": [
          [
            [
              89.531686339,
              22.795430907
            ],
            [
              89.531694677,
              22.795882148
            ],
            [
              89.531207991,
              22.795889877
            ],
            [
              89.531199655,
              22.795438636
            ],
            [
              89.531686339,
              22.795430907
            ]
          ]
        ]
      },
      "properties": {
        "cell_id": "50m_15197_50462",
        "grid_m": 50,
        "projected_area_m2": 2500.0,
        "lon": 89.531447165,
        "lat": 22.795660392,
        "NDVI_S2_median": 0.451291915178299,
        "vegetation_pct_valid": 72.0,
        "NDVI_2019": 0.5120660418272018,
        "NDVI_2026": 0.451291915178299,
        "delta_NDVI": -0.0607741279900074,
        "optical_valid_pct": 100,
        "common_valid_pct": 100,
        "S2_nobs": 9.16,
        "valid_10m_pixels": 25,
        "tree_class_pct_2021": 48.0,
        "tree_context_valid_pct": 100,
        "period_start": "2026-03-15",
        "period_end_exclusive": "2026-06-01",
        "veg_ndvi_threshold": 0.35,
        "aggregation": "10m raster values weighted by exact clipped pixel area"
      }
    },
    {
      "type": "Feature",
      "geometry": {
        "type": "Polygon",
        "coordinates": [
          [
            [
              89.531694677,
              22.795882148
            ],
            [
              89.531703014,
              22.796333388
            ],
            [
              89.531216327,
              22.796341118
            ],
            [
              89.531207991,
              22.795889877
            ],
            [
              89.531694677,
              22.795882148
            ]
          ]
        ]
      },
      "properties": {
        "cell_id": "50m_15197_50463",
        "grid_m": 50,
        "projected_area_m2": 2500.0,
        "lon": 89.531455502,
        "lat": 22.796111633,
        "NDVI_S2_median": 0.408458930850029,
        "vegetation_pct_valid": 64.0,
        "NDVI_2019": 0.6132768571376801,
        "NDVI_2026": 0.408458930850029,
        "delta_NDVI": -0.20481793054845185,
        "optical_valid_pct": 100,
        "common_valid_pct": 100,
        "S2_nobs": 8.68,
        "valid_10m_pixels": 25,
        "tree_class_pct_2021": 36.0,
        "tree_context_valid_pct": 100,
        "period_start": "2026-03-15",
        "period_end_exclusive": "2026-06-01",
        "veg_ndvi_threshold": 0.35,
        "aggregation": "10m raster values weighted by exact clipped pixel area"
      }
    },
    {
      "type": "Feature",
      "geometry": {
        "type": "Polygon",
        "coordinates": [
          [
            [
              89.531703014,
              22.796333388
            ],
            [
              89.531711352,
              22.796784629
            ],
            [
              89.531224663,
              22.796792359
            ],
            [
              89.531216327,
              22.796341118
            ],
            [
              89.531703014,
              22.796333388
            ]
          ]
        ]
      },
      "properties": {
        "cell_id": "50m_15197_50464",
        "grid_m": 50,
        "projected_area_m2": 2500.0,
        "lon": 89.531463839,
        "lat": 22.796562874,
        "NDVI_S2_median": 0.5596656620502471,
        "vegetation_pct_valid": 92.0,
        "NDVI_2019": 0.5281956493854523,
        "NDVI_2026": 0.5596656620502471,
        "delta_NDVI": 0.03147001473931596,
        "optical_valid_pct": 100,
        "common_valid_pct": 100,
        "S2_nobs": 8.76,
        "valid_10m_pixels": 25,
        "tree_class_pct_2021": 64.0,
        "tree_context_valid_pct": 100,
        "period_start": "2026-03-15",
        "period_end_exclusive": "2026-06-01",
        "veg_ndvi_threshold": 0.35,
        "aggregation": "10m raster values weighted by exact clipped pixel area"
      }
    },
    {
      "type": "Feature",
      "geometry": {
        "type": "Polygon",
        "coordinates": [
          [
            [
              89.531711352,
              22.796784629
            ],
            [
              89.53171969,
              22.79723587
            ],
            [
              89.531233,
              22.7972436
            ],
            [
              89.531224663,
              22.796792359
            ],
            [
              89.531711352,
              22.796784629
            ]
          ]
        ]
      },
      "properties": {
        "cell_id": "50m_15197_50465",
        "grid_m": 50,
        "projected_area_m2": 2500.0,
        "lon": 89.531472176,
        "lat": 22.797014115,
        "NDVI_S2_median": 0.49328833639621733,
        "vegetation_pct_valid": 72.0,
        "NDVI_2019": 0.5187780696153641,
        "NDVI_2026": 0.49328833639621733,
        "delta_NDVI": -0.02548973873257637,
        "optical_valid_pct": 100,
        "common_valid_pct": 100,
        "S2_nobs": 8.56,
        "valid_10m_pixels": 25,
        "tree_class_pct_2021": 44.0,
        "tree_context_valid_pct": 100,
        "period_start": "2026-03-15",
        "period_end_exclusive": "2026-06-01",
        "veg_ndvi_threshold": 0.35,
        "aggregation": "10m raster values weighted by exact clipped pixel area"
      }
    },
    {
      "type": "Feature",
      "geometry": {
        "type": "Polygon",
        "coordinates": [
          [
            [
              89.53171969,
              22.79723587
            ],
            [
              89.531728029,
              22.797687111
            ],
            [
              89.531241336,
              22.797694841
            ],
            [
              89.531233,
              22.7972436
            ],
            [
              89.53171969,
              22.79723587
            ]
          ]
        ]
      },
      "properties": {
        "cell_id": "50m_15197_50466",
        "grid_m": 50,
        "projected_area_m2": 2500.0,
        "lon": 89.531480514,
        "lat": 22.797465356,
        "NDVI_S2_median": 0.37267026245594026,
        "vegetation_pct_valid": 44.0,
        "NDVI_2019": 0.45621605932712556,
        "NDVI_2026": 0.37267026245594026,
        "delta_NDVI": -0.08354579009115697,
        "optical_valid_pct": 100,
        "common_valid_pct": 100,
        "S2_nobs": 8.28,
        "valid_10m_pixels": 25,
        "tree_class_pct_2021": 48.0,
        "tree_context_valid_pct": 100,
        "period_start": "2026-03-15",
        "period_end_exclusive": "2026-06-01",
        "veg_ndvi_threshold": 0.35,
        "aggregation": "10m raster values weighted by exact clipped pixel area"
      }
    },
    {
      "type": "Feature",
      "geometry": {
        "type": "Polygon",
        "coordinates": [
          [
            [
              89.531728029,
              22.797687111
            ],
            [
              89.531736367,
              22.798138352
            ],
            [
              89.531249673,
              22.798146082
            ],
            [
              89.531241336,
              22.797694841
            ],
            [
              89.531728029,
              22.797687111
            ]
          ]
        ]
      },
      "properties": {
        "cell_id": "50m_15197_50467",
        "grid_m": 50,
        "projected_area_m2": 2500.0,
        "lon": 89.531488851,
        "lat": 22.797916597,
        "NDVI_S2_median": 0.32688079416751864,
        "vegetation_pct_valid": 40.0,
        "NDVI_2019": 0.4953532332181931,
        "NDVI_2026": 0.32688079416751864,
        "delta_NDVI": -0.16847243309020996,
        "optical_valid_pct": 100,
        "common_valid_pct": 100,
        "S2_nobs": 8.4,
        "valid_10m_pixels": 25,
        "tree_class_pct_2021": 48.0,
        "tree_context_valid_pct": 100,
        "period_start": "2026-03-15",
        "period_end_exclusive": "2026-06-01",
        "veg_ndvi_threshold": 0.35,
        "aggregation": "10m raster values weighted by exact clipped pixel area"
      }
    },
    {
      "type": "Feature",
      "geometry": {
        "type": "Polygon",
        "coordinates": [
          [
            [
              89.531736367,
              22.798138352
            ],
            [
              89.531744706,
              22.798589593
            ],
            [
              89.53125801,
              22.798597323
            ],
            [
              89.531249673,
              22.798146082
            ],
            [
              89.531736367,
              22.798138352
            ]
          ]
        ]
      },
      "properties": {
        "cell_id": "50m_15197_50468",
        "grid_m": 50,
        "projected_area_m2": 2500.0,
        "lon": 89.531497189,
        "lat": 22.798367838,
        "NDVI_S2_median": 0.24389519333839416,
        "vegetation_pct_valid": 24.0,
        "NDVI_2019": 0.5771955782175064,
        "NDVI_2026": 0.24389519333839416,
        "delta_NDVI": -0.3333003863692284,
        "optical_valid_pct": 100,
        "common_valid_pct": 100,
        "S2_nobs": 8.28,
        "valid_10m_pixels": 25,
        "tree_class_pct_2021": 60.0,
        "tree_context_valid_pct": 100,
        "period_start": "2026-03-15",
        "period_end_exclusive": "2026-06-01",
        "veg_ndvi_threshold": 0.35,
        "aggregation": "10m raster values weighted by exact clipped pixel area"
      }
    },
    {
      "type": "Feature",
      "geometry": {
        "type": "Polygon",
        "coordinates": [
          [
            [
              89.531744706,
              22.798589593
            ],
            [
              89.531753045,
              22.799040833
            ],
            [
              89.531488978,
              22.799045028
            ],
            [
              89.531265433,
              22.79899904
            ],
            [
              89.53125801,
              22.798597323
            ],
            [
              89.531744706,
              22.798589593
            ]
          ]
        ]
      },
      "properties": {
        "cell_id": "50m_15197_50469",
        "grid_m": 50,
        "projected_area_m2": 2437.2454618643533,
        "lon": 89.531505527,
        "lat": 22.798819079,
        "NDVI_S2_median": 0.23495468628501187,
        "vegetation_pct_valid": 13.837156213411578,
        "NDVI_2019": 0.5528177312321154,
        "NDVI_2026": 0.23495468628501187,
        "delta_NDVI": -0.3178630473682682,
        "optical_valid_pct": 99.99999999990962,
        "common_valid_pct": 99.99999999990962,
        "S2_nobs": 8.0,
        "valid_10m_pixels": 25,
        "tree_class_pct_2021": 7.431086628097143,
        "tree_context_valid_pct": 99.99999999990962,
        "period_start": "2026-03-15",
        "period_end_exclusive": "2026-06-01",
        "veg_ndvi_threshold": 0.35,
        "aggregation": "10m raster values weighted by exact clipped pixel area"
      }
    },
    {
      "type": "Feature",
      "geometry": {
        "type": "Polygon",
        "coordinates": [
          [
            [
              89.531753045,
              22.799040833
            ],
            [
              89.53175413,
              22.799099575
            ],
            [
              89.531488978,
              22.799045028
            ],
            [
              89.531753045,
              22.799040833
            ]
          ]
        ]
      },
      "properties": {
        "cell_id": "50m_15197_50470",
        "grid_m": 50,
        "projected_area_m2": 88.28854245808249,
        "lon": 89.531621554,
        "lat": 22.799072302,
        "NDVI_S2_median": 0.4014138975420632,
        "vegetation_pct_valid": 100.0,
        "NDVI_2019": 0.7589358178865153,
        "NDVI_2026": 0.4014138975420632,
        "delta_NDVI": -0.35752192240219416,
        "optical_valid_pct": 100,
        "common_valid_pct": 100,
        "S2_nobs": 8.0,
        "valid_10m_pixels": 3,
        "tree_class_pct_2021": 100.0,
        "tree_context_valid_pct": 100,
        "period_start": "2026-03-15",
        "period_end_exclusive": "2026-06-01",
        "veg_ndvi_threshold": 0.35,
        "aggregation": "10m raster values weighted by exact clipped pixel area"
      }
    },
    {
      "type": "Feature",
      "geometry": {
        "type": "Polygon",
        "coordinates": [
          [
            [
              89.532106318,
              22.791813248
            ],
            [
              89.531922569,
              22.791816167
            ],
            [
              89.532100128,
              22.791478208
            ],
            [
              89.532106318,
              22.791813248
            ]
          ]
        ]
      },
      "properties": {
        "cell_id": "50m_15198_50453",
        "grid_m": 50,
        "projected_area_m2": 350.41945403813304,
        "lon": 89.532011349,
        "lat": 22.791647188,
        "NDVI_S2_median": 0.5413305180347051,
        "vegetation_pct_valid": 100.0,
        "NDVI_2019": 0.42800137069231836,
        "NDVI_2026": 0.5413305180347051,
        "delta_NDVI": 0.11332914679914333,
        "optical_valid_pct": 100,
        "common_valid_pct": 100,
        "S2_nobs": 7.000000000000001,
        "valid_10m_pixels": 6,
        "tree_class_pct_2021": 0.0,
        "tree_context_valid_pct": 100,
        "period_start": "2026-03-15",
        "period_end_exclusive": "2026-06-01",
        "veg_ndvi_threshold": 0.35,
        "aggregation": "10m raster values weighted by exact clipped pixel area"
      }
    },
    {
      "type": "Feature",
      "geometry": {
        "type": "Polygon",
        "coordinates": [
          [
            [
              89.532106318,
              22.791813248
            ],
            [
              89.532114656,
              22.792264489
            ],
            [
              89.531683426,
              22.792271339
            ],
            [
              89.531922569,
              22.791816167
            ],
            [
              89.532106318,
              22.791813248
            ]
          ]
        ]
      },
      "properties": {
        "cell_id": "50m_15198_50454",
        "grid_m": 50,
        "projected_area_m2": 1579.5501082815463,
        "lon": 89.531894873,
        "lat": 22.792042294,
        "NDVI_S2_median": 0.4656554250904873,
        "vegetation_pct_valid": 81.00725020198517,
        "NDVI_2019": 0.46149554956114525,
        "NDVI_2026": 0.4656554250904873,
        "delta_NDVI": 0.004159866876158076,
        "optical_valid_pct": 99.99999999993786,
        "common_valid_pct": 99.99999999993786,
        "S2_nobs": 7.74658357432739,
        "valid_10m_pixels": 19,
        "tree_class_pct_2021": 0.0,
        "tree_context_valid_pct": 99.99999999993786,
        "period_start": "2026-03-15",
        "period_end_exclusive": "2026-06-01",
        "veg_ndvi_threshold": 0.35,
        "aggregation": "10m raster values weighted by exact clipped pixel area"
      }
    },
    {
      "type": "Feature",
      "geometry": {
        "type": "Polygon",
        "coordinates": [
          [
            [
              89.532114656,
              22.792264489
            ],
            [
              89.532122993,
              22.79271573
            ],
            [
              89.531636319,
              22.79272346
            ],
            [
              89.53162985,
              22.792373312
            ],
            [
              89.531683426,
              22.792271339
            ],
            [
              89.532114656,
              22.792264489
            ]
          ]
        ]
      },
      "properties": {
        "cell_id": "50m_15198_50455",
        "grid_m": 50,
        "projected_area_m2": 2468.0967733985653,
        "lon": 89.531875488,
        "lat": 22.792493975,
        "NDVI_S2_median": 0.44236752329660506,
        "vegetation_pct_valid": 75.68977009058725,
        "NDVI_2019": 0.5109093550217582,
        "NDVI_2026": 0.44236752329660506,
        "delta_NDVI": -0.06854182171670528,
        "optical_valid_pct": 100,
        "common_valid_pct": 100,
        "S2_nobs": 8.49883334724439,
        "valid_10m_pixels": 25,
        "tree_class_pct_2021": 24.310229909412737,
        "tree_context_valid_pct": 100,
        "period_start": "2026-03-15",
        "period_end_exclusive": "2026-06-01",
        "veg_ndvi_threshold": 0.35,
        "aggregation": "10m raster values weighted by exact clipped pixel area"
      }
    },
    {
      "type": "Feature",
      "geometry": {
        "type": "Polygon",
        "coordinates": [
          [
            [
              89.532122993,
              22.79271573
            ],
            [
              89.532131331,
              22.793166971
            ],
            [
              89.531644655,
              22.793174701
            ],
            [
              89.531636319,
              22.79272346
            ],
            [
              89.532122993,
              22.79271573
            ]
          ]
        ]
      },
      "properties": {
        "cell_id": "50m_15198_50456",
        "grid_m": 50,
        "projected_area_m2": 2500.0,
        "lon": 89.531883824,
        "lat": 22.792945216,
        "NDVI_S2_median": 0.37917755216360094,
        "vegetation_pct_valid": 52.0,
        "NDVI_2019": 0.5677228927612304,
        "NDVI_2026": 0.37917755216360094,
        "delta_NDVI": -0.1885453400015831,
        "optical_valid_pct": 100,
        "common_valid_pct": 100,
        "S2_nobs": 8.68,
        "valid_10m_pixels": 25,
        "tree_class_pct_2021": 32.0,
        "tree_context_valid_pct": 100,
        "period_start": "2026-03-15",
        "period_end_exclusive": "2026-06-01",
        "veg_ndvi_threshold": 0.35,
        "aggregation": "10m raster values weighted by exact clipped pixel area"
      }
    },
    {
      "type": "Feature",
      "geometry": {
        "type": "Polygon",
        "coordinates": [
          [
            [
              89.532131331,
              22.793166971
            ],
            [
              89.532139669,
              22.793618212
            ],
            [
              89.531652991,
              22.793625942
            ],
            [
              89.531644655,
              22.793174701
            ],
            [
              89.532131331,
              22.793166971
            ]
          ]
        ]
      },
      "properties": {
        "cell_id": "50m_15198_50457",
        "grid_m": 50,
        "projected_area_m2": 2500.0,
        "lon": 89.531892162,
        "lat": 22.793396457,
        "NDVI_S2_median": 0.48173859000205993,
        "vegetation_pct_valid": 84.0,
        "NDVI_2019": 0.48328390121459963,
        "NDVI_2026": 0.48173859000205993,
        "delta_NDVI": -0.0015453124503255822,
        "optical_valid_pct": 100,
        "common_valid_pct": 100,
        "S2_nobs": 8.52,
        "valid_10m_pixels": 25,
        "tree_class_pct_2021": 28.000000000000004,
        "tree_context_valid_pct": 100,
        "period_start": "2026-03-15",
        "period_end_exclusive": "2026-06-01",
        "veg_ndvi_threshold": 0.35,
        "aggregation": "10m raster values weighted by exact clipped pixel area"
      }
    },
    {
      "type": "Feature",
      "geometry": {
        "type": "Polygon",
        "coordinates": [
          [
            [
              89.532139669,
              22.793618212
            ],
            [
              89.532148007,
              22.794069453
            ],
            [
              89.531661328,
              22.794077184
            ],
            [
              89.531652991,
              22.793625942
            ],
            [
              89.532139669,
              22.793618212
            ]
          ]
        ]
      },
      "properties": {
        "cell_id": "50m_15198_50458",
        "grid_m": 50,
        "projected_area_m2": 2500.0,
        "lon": 89.531900499,
        "lat": 22.793847698,
        "NDVI_S2_median": 0.4876866018772125,
        "vegetation_pct_valid": 92.0,
        "NDVI_2019": 0.5552002799510956,
        "NDVI_2026": 0.4876866018772125,
        "delta_NDVI": -0.06751367188990116,
        "optical_valid_pct": 100,
        "common_valid_pct": 100,
        "S2_nobs": 9.0,
        "valid_10m_pixels": 25,
        "tree_class_pct_2021": 72.0,
        "tree_context_valid_pct": 100,
        "period_start": "2026-03-15",
        "period_end_exclusive": "2026-06-01",
        "veg_ndvi_threshold": 0.35,
        "aggregation": "10m raster values weighted by exact clipped pixel area"
      }
    },
    {
      "type": "Feature",
      "geometry": {
        "type": "Polygon",
        "coordinates": [
          [
            [
              89.532148007,
              22.794069453
            ],
            [
              89.532156346,
              22.794520694
            ],
            [
              89.531669665,
              22.794528425
            ],
            [
              89.531661328,
              22.794077184
            ],
            [
              89.532148007,
              22.794069453
            ]
          ]
        ]
      },
      "properties": {
        "cell_id": "50m_15198_50459",
        "grid_m": 50,
        "projected_area_m2": 2500.0,
        "lon": 89.531908836,
        "lat": 22.794298939,
        "NDVI_S2_median": 0.47170177936553953,
        "vegetation_pct_valid": 76.0,
        "NDVI_2019": 0.5018701380491257,
        "NDVI_2026": 0.47170177936553953,
        "delta_NDVI": -0.030168358273804187,
        "optical_valid_pct": 100,
        "common_valid_pct": 100,
        "S2_nobs": 9.0,
        "valid_10m_pixels": 25,
        "tree_class_pct_2021": 36.0,
        "tree_context_valid_pct": 100,
        "period_start": "2026-03-15",
        "period_end_exclusive": "2026-06-01",
        "veg_ndvi_threshold": 0.35,
        "aggregation": "10m raster values weighted by exact clipped pixel area"
      }
    },
    {
      "type": "Feature",
      "geometry": {
        "type": "Polygon",
        "coordinates": [
          [
            [
              89.532156346,
              22.794520694
            ],
            [
              89.532164684,
              22.794971935
            ],
            [
              89.531678002,
              22.794979666
            ],
            [
              89.531669665,
              22.794528425
            ],
            [
              89.532156346,
              22.794520694
            ]
          ]
        ]
      },
      "properties": {
        "cell_id": "50m_15198_50460",
        "grid_m": 50,
        "projected_area_m2": 2500.0,
        "lon": 89.531917174,
        "lat": 22.79475018,
        "NDVI_S2_median": 0.5475720167160034,
        "vegetation_pct_valid": 76.0,
        "NDVI_2019": 0.46683725774288176,
        "NDVI_2026": 0.5475720167160034,
        "delta_NDVI": 0.08073475437704473,
        "optical_valid_pct": 100,
        "common_valid_pct": 100,
        "S2_nobs": 9.2,
        "valid_10m_pixels": 25,
        "tree_class_pct_2021": 60.0,
        "tree_context_valid_pct": 100,
        "period_start": "2026-03-15",
        "period_end_exclusive": "2026-06-01",
        "veg_ndvi_threshold": 0.35,
        "aggregation": "10m raster values weighted by exact clipped pixel area"
      }
    },
    {
      "type": "Feature",
      "geometry": {
        "type": "Polygon",
        "coordinates": [
          [
            [
              89.532164684,
              22.794971935
            ],
            [
              89.532173023,
              22.795423176
            ],
            [
              89.531686339,
              22.795430907
            ],
            [
              89.531678002,
              22.794979666
            ],
            [
              89.532164684,
              22.794971935
            ]
          ]
        ]
      },
      "properties": {
        "cell_id": "50m_15198_50461",
        "grid_m": 50,
        "projected_area_m2": 2500.0,
        "lon": 89.531925512,
        "lat": 22.795201421,
        "NDVI_S2_median": 0.6871226543188095,
        "vegetation_pct_valid": 92.0,
        "NDVI_2019": 0.6713158822059632,
        "NDVI_2026": 0.6871226543188095,
        "delta_NDVI": 0.01580677580088377,
        "optical_valid_pct": 100,
        "common_valid_pct": 100,
        "S2_nobs": 9.92,
        "valid_10m_pixels": 25,
        "tree_class_pct_2021": 60.0,
        "tree_context_valid_pct": 100,
        "period_start": "2026-03-15",
        "period_end_exclusive": "2026-06-01",
        "veg_ndvi_threshold": 0.35,
        "aggregation": "10m raster values weighted by exact clipped pixel area"
      }
    },
    {
      "type": "Feature",
      "geometry": {
        "type": "Polygon",
        "coordinates": [
          [
            [
              89.532173023,
              22.795423176
            ],
            [
              89.532181362,
              22.795874416
            ],
            [
              89.531694677,
              22.795882148
            ],
            [
              89.531686339,
              22.795430907
            ],
            [
              89.532173023,
              22.795423176
            ]
          ]
        ]
      },
      "properties": {
        "cell_id": "50m_15198_50462",
        "grid_m": 50,
        "projected_area_m2": 2500.0,
        "lon": 89.53193385,
        "lat": 22.795652662,
        "NDVI_S2_median": 0.4993256688117981,
        "vegetation_pct_valid": 80.0,
        "NDVI_2019": 0.6689047467708588,
        "NDVI_2026": 0.4993256688117981,
        "delta_NDVI": -0.16957907610572875,
        "optical_valid_pct": 100,
        "common_valid_pct": 100,
        "S2_nobs": 9.84,
        "valid_10m_pixels": 25,
        "tree_class_pct_2021": 56.00000000000001,
        "tree_context_valid_pct": 100,
        "period_start": "2026-03-15",
        "period_end_exclusive": "2026-06-01",
        "veg_ndvi_threshold": 0.35,
        "aggregation": "10m raster values weighted by exact clipped pixel area"
      }
    },
    {
      "type": "Feature",
      "geometry": {
        "type": "Polygon",
        "coordinates": [
          [
            [
              89.532181362,
              22.795874416
            ],
            [
              89.532189701,
              22.796325657
            ],
            [
              89.531703014,
              22.796333388
            ],
            [
              89.531694677,
              22.795882148
            ],
            [
              89.532181362,
              22.795874416
            ]
          ]
        ]
      },
      "properties": {
        "cell_id": "50m_15198_50463",
        "grid_m": 50,
        "projected_area_m2": 2500.0,
        "lon": 89.531942189,
        "lat": 22.796103903,
        "NDVI_S2_median": 0.5981676560640335,
        "vegetation_pct_valid": 84.0,
        "NDVI_2019": 0.5906904536485672,
        "NDVI_2026": 0.5981676560640335,
        "delta_NDVI": 0.00747719582170248,
        "optical_valid_pct": 100,
        "common_valid_pct": 100,
        "S2_nobs": 9.2,
        "valid_10m_pixels": 25,
        "tree_class_pct_2021": 88.0,
        "tree_context_valid_pct": 100,
        "period_start": "2026-03-15",
        "period_end_exclusive": "2026-06-01",
        "veg_ndvi_threshold": 0.35,
        "aggregation": "10m raster values weighted by exact clipped pixel area"
      }
    },
    {
      "type": "Feature",
      "geometry": {
        "type": "Polygon",
        "coordinates": [
          [
            [
              89.532189701,
              22.796325657
            ],
            [
              89.532198041,
              22.796776898
            ],
            [
              89.531711352,
              22.796784629
            ],
            [
              89.531703014,
              22.796333388
            ],
            [
              89.532189701,
              22.796325657
            ]
          ]
        ]
      },
      "properties": {
        "cell_id": "50m_15198_50464",
        "grid_m": 50,
        "projected_area_m2": 2500.0,
        "lon": 89.531950527,
        "lat": 22.796555143,
        "NDVI_S2_median": 0.5679171925783157,
        "vegetation_pct_valid": 88.0,
        "NDVI_2019": 0.46671790182590484,
        "NDVI_2026": 0.5679171925783157,
        "delta_NDVI": 0.1011992871761322,
        "optical_valid_pct": 100,
        "common_valid_pct": 100,
        "S2_nobs": 9.28,
        "valid_10m_pixels": 25,
        "tree_class_pct_2021": 68.0,
        "tree_context_valid_pct": 100,
        "period_start": "2026-03-15",
        "period_end_exclusive": "2026-06-01",
        "veg_ndvi_threshold": 0.35,
        "aggregation": "10m raster values weighted by exact clipped pixel area"
      }
    },
    {
      "type": "Feature",
      "geometry": {
        "type": "Polygon",
        "coordinates": [
          [
            [
              89.532198041,
              22.796776898
            ],
            [
              89.53220638,
              22.797228139
            ],
            [
              89.53171969,
              22.79723587
            ],
            [
              89.531711352,
              22.796784629
            ],
            [
              89.532198041,
              22.796776898
            ]
          ]
        ]
      },
      "properties": {
        "cell_id": "50m_15198_50465",
        "grid_m": 50,
        "projected_area_m2": 2500.0,
        "lon": 89.531958866,
        "lat": 22.797006384,
        "NDVI_S2_median": 0.42858440220355987,
        "vegetation_pct_valid": 72.0,
        "NDVI_2019": 0.39816250413656235,
        "NDVI_2026": 0.42858440220355987,
        "delta_NDVI": 0.030421899110078813,
        "optical_valid_pct": 100,
        "common_valid_pct": 100,
        "S2_nobs": 9.32,
        "valid_10m_pixels": 25,
        "tree_class_pct_2021": 32.0,
        "tree_context_valid_pct": 100,
        "period_start": "2026-03-15",
        "period_end_exclusive": "2026-06-01",
        "veg_ndvi_threshold": 0.35,
        "aggregation": "10m raster values weighted by exact clipped pixel area"
      }
    },
    {
      "type": "Feature",
      "geometry": {
        "type": "Polygon",
        "coordinates": [
          [
            [
              89.53220638,
              22.797228139
            ],
            [
              89.53221472,
              22.797679379
            ],
            [
              89.531728029,
              22.797687111
            ],
            [
              89.53171969,
              22.79723587
            ],
            [
              89.53220638,
              22.797228139
            ]
          ]
        ]
      },
      "properties": {
        "cell_id": "50m_15198_50466",
        "grid_m": 50,
        "projected_area_m2": 2500.0,
        "lon": 89.531967205,
        "lat": 22.797457625,
        "NDVI_S2_median": 0.5537084567546845,
        "vegetation_pct_valid": 100.0,
        "NDVI_2019": 0.5628176867961884,
        "NDVI_2026": 0.5537084567546845,
        "delta_NDVI": -0.009109230693429709,
        "optical_valid_pct": 100,
        "common_valid_pct": 100,
        "S2_nobs": 8.6,
        "valid_10m_pixels": 25,
        "tree_class_pct_2021": 68.0,
        "tree_context_valid_pct": 100,
        "period_start": "2026-03-15",
        "period_end_exclusive": "2026-06-01",
        "veg_ndvi_threshold": 0.35,
        "aggregation": "10m raster values weighted by exact clipped pixel area"
      }
    },
    {
      "type": "Feature",
      "geometry": {
        "type": "Polygon",
        "coordinates": [
          [
            [
              89.53221472,
              22.797679379
            ],
            [
              89.532223061,
              22.79813062
            ],
            [
              89.531736367,
              22.798138352
            ],
            [
              89.531728029,
              22.797687111
            ],
            [
              89.53221472,
              22.797679379
            ]
          ]
        ]
      },
      "properties": {
        "cell_id": "50m_15198_50467",
        "grid_m": 50,
        "projected_area_m2": 2500.0,
        "lon": 89.531975544,
        "lat": 22.797908866,
        "NDVI_S2_median": 0.38386706352233885,
        "vegetation_pct_valid": 56.00000000000001,
        "NDVI_2019": 0.31011757016181946,
        "NDVI_2026": 0.38386706352233885,
        "delta_NDVI": 0.07374949768185615,
        "optical_valid_pct": 100,
        "common_valid_pct": 100,
        "S2_nobs": 8.92,
        "valid_10m_pixels": 25,
        "tree_class_pct_2021": 12.0,
        "tree_context_valid_pct": 100,
        "period_start": "2026-03-15",
        "period_end_exclusive": "2026-06-01",
        "veg_ndvi_threshold": 0.35,
        "aggregation": "10m raster values weighted by exact clipped pixel area"
      }
    },
    {
      "type": "Feature",
      "geometry": {
        "type": "Polygon",
        "coordinates": [
          [
            [
              89.532223061,
              22.79813062
            ],
            [
              89.532231401,
              22.798581861
            ],
            [
              89.531744706,
              22.798589593
            ],
            [
              89.531736367,
              22.798138352
            ],
            [
              89.532223061,
              22.79813062
            ]
          ]
        ]
      },
      "properties": {
        "cell_id": "50m_15198_50468",
        "grid_m": 50,
        "projected_area_m2": 2500.0,
        "lon": 89.531983884,
        "lat": 22.798360106,
        "NDVI_S2_median": 0.35452394008636473,
        "vegetation_pct_valid": 48.0,
        "NDVI_2019": 0.4594878900051117,
        "NDVI_2026": 0.35452394008636473,
        "delta_NDVI": -0.10496394887566567,
        "optical_valid_pct": 100,
        "common_valid_pct": 100,
        "S2_nobs": 9.16,
        "valid_10m_pixels": 25,
        "tree_class_pct_2021": 44.0,
        "tree_context_valid_pct": 100,
        "period_start": "2026-03-15",
        "period_end_exclusive": "2026-06-01",
        "veg_ndvi_threshold": 0.35,
        "aggregation": "10m raster values weighted by exact clipped pixel area"
      }
    },
    {
      "type": "Feature",
      "geometry": {
        "type": "Polygon",
        "coordinates": [
          [
            [
              89.532231401,
              22.798581861
            ],
            [
              89.532239741,
              22.799033101
            ],
            [
              89.531753045,
              22.799040833
            ],
            [
              89.531744706,
              22.798589593
            ],
            [
              89.532231401,
              22.798581861
            ]
          ]
        ]
      },
      "properties": {
        "cell_id": "50m_15198_50469",
        "grid_m": 50,
        "projected_area_m2": 2500.0,
        "lon": 89.531992223,
        "lat": 22.798811347,
        "NDVI_S2_median": 0.1973656275868416,
        "vegetation_pct_valid": 12.0,
        "NDVI_2019": 0.5312692844867706,
        "NDVI_2026": 0.1973656275868416,
        "delta_NDVI": -0.3339036560803652,
        "optical_valid_pct": 100,
        "common_valid_pct": 100,
        "S2_nobs": 8.6,
        "valid_10m_pixels": 25,
        "tree_class_pct_2021": 12.0,
        "tree_context_valid_pct": 100,
        "period_start": "2026-03-15",
        "period_end_exclusive": "2026-06-01",
        "veg_ndvi_threshold": 0.35,
        "aggregation": "10m raster values weighted by exact clipped pixel area"
      }
    },
    {
      "type": "Feature",
      "geometry": {
        "type": "Polygon",
        "coordinates": [
          [
            [
              89.532239741,
              22.799033101
            ],
            [
              89.532242828,
              22.799200109
            ],
            [
              89.53175413,
              22.799099575
            ],
            [
              89.531753045,
              22.799040833
            ],
            [
              89.532239741,
              22.799033101
            ]
          ]
        ]
      },
      "properties": {
        "cell_id": "50m_15198_50470",
        "grid_m": 50,
        "projected_area_m2": 625.3584856400266,
        "lon": 89.531997936,
        "lat": 22.799120471,
        "NDVI_S2_median": 0.2887215449700553,
        "vegetation_pct_valid": 16.90553002022399,
        "NDVI_2019": 0.7469114336205935,
        "NDVI_2026": 0.2887215449700553,
        "delta_NDVI": -0.45818990642911606,
        "optical_valid_pct": 99.99999999962603,
        "common_valid_pct": 99.99999999962603,
        "S2_nobs": 8.715100281537993,
        "valid_10m_pixels": 9,
        "tree_class_pct_2021": 32.49914381739599,
        "tree_context_valid_pct": 99.99999999962603,
        "period_start": "2026-03-15",
        "period_end_exclusive": "2026-06-01",
        "veg_ndvi_threshold": 0.35,
        "aggregation": "10m raster values weighted by exact clipped pixel area"
      }
    },
    {
      "type": "Feature",
      "geometry": {
        "type": "Polygon",
        "coordinates": [
          [
            [
              89.532443766,
              22.790824138
            ],
            [
              89.532570345,
              22.790580137
            ],
            [
              89.532576312,
              22.790903036
            ],
            [
              89.53240085,
              22.790905823
            ],
            [
              89.532443766,
              22.790824138
            ]
          ]
        ]
      },
      "properties": {
        "cell_id": "50m_15199_50451",
        "grid_m": 50,
        "projected_area_m2": 321.74184713855584,
        "lon": 89.532485597,
        "lat": 22.79074298,
        "NDVI_S2_median": 0.49091294398450275,
        "vegetation_pct_valid": 100.0,
        "NDVI_2019": 0.4531646750698128,
        "NDVI_2026": 0.49091294398450275,
        "delta_NDVI": 0.03774826845645849,
        "optical_valid_pct": 99.9999999997637,
        "common_valid_pct": 99.9999999997637,
        "S2_nobs": 8.0,
        "valid_10m_pixels": 6,
        "tree_class_pct_2021": 0.0,
        "tree_context_valid_pct": 99.9999999997637,
        "period_start": "2026-03-15",
        "period_end_exclusive": "2026-06-01",
        "veg_ndvi_threshold": 0.35,
        "aggregation": "10m raster values weighted by exact clipped pixel area"
      }
    },
    {
      "type": "Feature",
      "geometry": {
        "type": "Polygon",
        "coordinates": [
          [
            [
              89.532576312,
              22.790903036
            ],
            [
              89.53258465,
              22.791354276
            ],
            [
              89.53216171,
              22.791360995
            ],
            [
              89.53240085,
              22.790905823
            ],
            [
              89.532576312,
              22.790903036
            ]
          ]
        ]
      },
      "properties": {
        "cell_id": "50m_15199_50452",
        "grid_m": 50,
        "projected_area_m2": 1536.9854808755917,
        "lon": 89.532369011,
        "lat": 22.791132015,
        "NDVI_S2_median": 0.45319419511707426,
        "vegetation_pct_valid": 80.48127300270792,
        "NDVI_2019": 0.5065138086411279,
        "NDVI_2026": 0.45319419511707426,
        "delta_NDVI": -0.05331961795271988,
        "optical_valid_pct": 99.99999999995877,
        "common_valid_pct": 99.99999999995877,
        "S2_nobs": 7.994079526850261,
        "valid_10m_pixels": 19,
        "tree_class_pct_2021": 29.496045053848785,
        "tree_context_valid_pct": 99.99999999995877,
        "period_start": "2026-03-15",
        "period_end_exclusive": "2026-06-01",
        "veg_ndvi_threshold": 0.35,
        "aggregation": "10m raster values weighted by exact clipped pixel area"
      }
    },
    {
      "type": "Feature",
      "geometry": {
        "type": "Polygon",
        "coordinates": [
          [
            [
              89.53258465,
              22.791354276
            ],
            [
              89.532592989,
              22.791805517
            ],
            [
              89.532106318,
              22.791813248
            ],
            [
              89.532100128,
              22.791478208
            ],
            [
              89.53216171,
              22.791360995
            ],
            [
              89.53258465,
              22.791354276
            ]
          ]
        ]
      },
      "properties": {
        "cell_id": "50m_15199_50453",
        "grid_m": 50,
        "projected_area_m2": 2457.8483405413713,
        "lon": 89.532345485,
        "lat": 22.791583763,
        "NDVI_S2_median": 0.4820659145084356,
        "vegetation_pct_valid": 79.65700357696292,
        "NDVI_2019": 0.5419520821281466,
        "NDVI_2026": 0.4820659145084356,
        "delta_NDVI": -0.05988616618816022,
        "optical_valid_pct": 99.99999999999848,
        "common_valid_pct": 99.99999999999848,
        "S2_nobs": 7.895091842613633,
        "valid_10m_pixels": 25,
        "tree_class_pct_2021": 28.480194992251924,
        "tree_context_valid_pct": 99.99999999999848,
        "period_start": "2026-03-15",
        "period_end_exclusive": "2026-06-01",
        "veg_ndvi_threshold": 0.35,
        "aggregation": "10m raster values weighted by exact clipped pixel area"
      }
    },
    {
      "type": "Feature",
      "geometry": {
        "type": "Polygon",
        "coordinates": [
          [
            [
              89.532592989,
              22.791805517
            ],
            [
              89.532601328,
              22.792256758
            ],
            [
              89.532114656,
              22.792264489
            ],
            [
              89.532106318,
              22.791813248
            ],
            [
              89.532592989,
              22.791805517
            ]
          ]
        ]
      },
      "properties": {
        "cell_id": "50m_15199_50454",
        "grid_m": 50,
        "projected_area_m2": 2500.0,
        "lon": 89.532353823,
        "lat": 22.792035004,
        "NDVI_S2_median": 0.387787361741066,
        "vegetation_pct_valid": 60.0,
        "NDVI_2019": 0.4112057840824127,
        "NDVI_2026": 0.387787361741066,
        "delta_NDVI": -0.02341842368245125,
        "optical_valid_pct": 100,
        "common_valid_pct": 100,
        "S2_nobs": 8.4,
        "valid_10m_pixels": 25,
        "tree_class_pct_2021": 20.0,
        "tree_context_valid_pct": 100,
        "period_start": "2026-03-15",
        "period_end_exclusive": "2026-06-01",
        "veg_ndvi_threshold": 0.35,
        "aggregation": "10m raster values weighted by exact clipped pixel area"
      }
    },
    {
      "type": "Feature",
      "geometry": {
        "type": "Polygon",
        "coordinates": [
          [
            [
              89.532601328,
              22.792256758
            ],
            [
              89.532609667,
              22.792707999
            ],
            [
              89.532122993,
              22.79271573
            ],
            [
              89.532114656,
              22.792264489
            ],
            [
              89.532601328,
              22.792256758
            ]
          ]
        ]
      },
      "properties": {
        "cell_id": "50m_15199_50455",
        "grid_m": 50,
        "projected_area_m2": 2500.0,
        "lon": 89.532362161,
        "lat": 22.792486244,
        "NDVI_S2_median": 0.5166917109489441,
        "vegetation_pct_valid": 92.0,
        "NDVI_2019": 0.49298533976078035,
        "NDVI_2026": 0.5166917109489441,
        "delta_NDVI": 0.023706374019384385,
        "optical_valid_pct": 100,
        "common_valid_pct": 100,
        "S2_nobs": 8.08,
        "valid_10m_pixels": 25,
        "tree_class_pct_2021": 80.0,
        "tree_context_valid_pct": 100,
        "period_start": "2026-03-15",
        "period_end_exclusive": "2026-06-01",
        "veg_ndvi_threshold": 0.35,
        "aggregation": "10m raster values weighted by exact clipped pixel area"
      }
    },
    {
      "type": "Feature",
      "geometry": {
        "type": "Polygon",
        "coordinates": [
          [
            [
              89.532609667,
              22.792707999
            ],
            [
              89.532618007,
              22.79315924
            ],
            [
              89.532131331,
              22.793166971
            ],
            [
              89.532122993,
              22.79271573
            ],
            [
              89.532609667,
              22.792707999
            ]
          ]
        ]
      },
      "properties": {
        "cell_id": "50m_15199_50456",
        "grid_m": 50,
        "projected_area_m2": 2500.0,
        "lon": 89.532370499,
        "lat": 22.792937485,
        "NDVI_S2_median": 0.6276403295993805,
        "vegetation_pct_valid": 92.0,
        "NDVI_2019": 0.5984598255157471,
        "NDVI_2026": 0.6276403295993805,
        "delta_NDVI": 0.02918050602078438,
        "optical_valid_pct": 100,
        "common_valid_pct": 100,
        "S2_nobs": 9.0,
        "valid_10m_pixels": 25,
        "tree_class_pct_2021": 0.0,
        "tree_context_valid_pct": 100,
        "period_start": "2026-03-15",
        "period_end_exclusive": "2026-06-01",
        "veg_ndvi_threshold": 0.35,
        "aggregation": "10m raster values weighted by exact clipped pixel area"
      }
    },
    {
      "type": "Feature",
      "geometry": {
        "type": "Polygon",
        "coordinates": [
          [
            [
              89.532618007,
              22.79315924
            ],
            [
              89.532626346,
              22.793610481
            ],
            [
              89.532139669,
              22.793618212
            ],
            [
              89.532131331,
              22.793166971
            ],
            [
              89.532618007,
              22.79315924
            ]
          ]
        ]
      },
      "properties": {
        "cell_id": "50m_15199_50457",
        "grid_m": 50,
        "projected_area_m2": 2500.0,
        "lon": 89.532378838,
        "lat": 22.793388726,
        "NDVI_S2_median": 0.5442645156383514,
        "vegetation_pct_valid": 92.0,
        "NDVI_2019": 0.514796131849289,
        "NDVI_2026": 0.5442645156383514,
        "delta_NDVI": 0.029468378871679305,
        "optical_valid_pct": 100,
        "common_valid_pct": 100,
        "S2_nobs": 9.0,
        "valid_10m_pixels": 25,
        "tree_class_pct_2021": 28.000000000000004,
        "tree_context_valid_pct": 100,
        "period_start": "2026-03-15",
        "period_end_exclusive": "2026-06-01",
        "veg_ndvi_threshold": 0.35,
        "aggregation": "10m raster values weighted by exact clipped pixel area"
      }
    },
    {
      "type": "Feature",
      "geometry": {
        "type": "Polygon",
        "coordinates": [
          [
            [
              89.532626346,
              22.793610481
            ],
            [
              89.532634686,
              22.794061721
            ],
            [
              89.532148007,
              22.794069453
            ],
            [
              89.532139669,
              22.793618212
            ],
            [
              89.532626346,
              22.793610481
            ]
          ]
        ]
      },
      "properties": {
        "cell_id": "50m_15199_50458",
        "grid_m": 50,
        "projected_area_m2": 2500.0,
        "lon": 89.532387177,
        "lat": 22.793839967,
        "NDVI_S2_median": 0.4751792669296265,
        "vegetation_pct_valid": 84.0,
        "NDVI_2019": 0.5554977226257324,
        "NDVI_2026": 0.4751792669296265,
        "delta_NDVI": -0.08031845357269049,
        "optical_valid_pct": 100,
        "common_valid_pct": 100,
        "S2_nobs": 9.0,
        "valid_10m_pixels": 25,
        "tree_class_pct_2021": 76.0,
        "tree_context_valid_pct": 100,
        "period_start": "2026-03-15",
        "period_end_exclusive": "2026-06-01",
        "veg_ndvi_threshold": 0.35,
        "aggregation": "10m raster values weighted by exact clipped pixel area"
      }
    },
    {
      "type": "Feature",
      "geometry": {
        "type": "Polygon",
        "coordinates": [
          [
            [
              89.532634686,
              22.794061721
            ],
            [
              89.532643026,
              22.794512962
            ],
            [
              89.532156346,
              22.794520694
            ],
            [
              89.532148007,
              22.794069453
            ],
            [
              89.532634686,
              22.794061721
            ]
          ]
        ]
      },
      "properties": {
        "cell_id": "50m_15199_50459",
        "grid_m": 50,
        "projected_area_m2": 2500.0,
        "lon": 89.532395516,
        "lat": 22.794291208,
        "NDVI_S2_median": 0.532887932062149,
        "vegetation_pct_valid": 100.0,
        "NDVI_2019": 0.5950497841835022,
        "NDVI_2026": 0.532887932062149,
        "delta_NDVI": -0.06216185730183497,
        "optical_valid_pct": 100,
        "common_valid_pct": 100,
        "S2_nobs": 9.16,
        "valid_10m_pixels": 25,
        "tree_class_pct_2021": 64.0,
        "tree_context_valid_pct": 100,
        "period_start": "2026-03-15",
        "period_end_exclusive": "2026-06-01",
        "veg_ndvi_threshold": 0.35,
        "aggregation": "10m raster values weighted by exact clipped pixel area"
      }
    },
    {
      "type": "Feature",
      "geometry": {
        "type": "Polygon",
        "coordinates": [
          [
            [
              89.532643026,
              22.794512962
            ],
            [
              89.532651366,
              22.794964203
            ],
            [
              89.532164684,
              22.794971935
            ],
            [
              89.532156346,
              22.794520694
            ],
            [
              89.532643026,
              22.794512962
            ]
          ]
        ]
      },
      "properties": {
        "cell_id": "50m_15199_50460",
        "grid_m": 50,
        "projected_area_m2": 2500.0,
        "lon": 89.532403855,
        "lat": 22.794742449,
        "NDVI_S2_median": 0.5850325095653534,
        "vegetation_pct_valid": 92.0,
        "NDVI_2019": 0.5865026605129242,
        "NDVI_2026": 0.5850325095653534,
        "delta_NDVI": -0.0014701524702832103,
        "optical_valid_pct": 100,
        "common_valid_pct": 100,
        "S2_nobs": 9.92,
        "valid_10m_pixels": 25,
        "tree_class_pct_2021": 84.0,
        "tree_context_valid_pct": 100,
        "period_start": "2026-03-15",
        "period_end_exclusive": "2026-06-01",
        "veg_ndvi_threshold": 0.35,
        "aggregation": "10m raster values weighted by exact clipped pixel area"
      }
    },
    {
      "type": "Feature",
      "geometry": {
        "type": "Polygon",
        "coordinates": [
          [
            [
              89.532651366,
              22.794964203
            ],
            [
              89.532659707,
              22.795415443
            ],
            [
              89.532173023,
              22.795423176
            ],
            [
              89.532164684,
              22.794971935
            ],
            [
              89.532651366,
              22.794964203
            ]
          ]
        ]
      },
      "properties": {
        "cell_id": "50m_15199_50461",
        "grid_m": 50,
        "projected_area_m2": 2500.0,
        "lon": 89.532412195,
        "lat": 22.795193689,
        "NDVI_S2_median": 0.7011909854412078,
        "vegetation_pct_valid": 100.0,
        "NDVI_2019": 0.6564086997509002,
        "NDVI_2026": 0.7011909854412078,
        "delta_NDVI": 0.044782278714701536,
        "optical_valid_pct": 100,
        "common_valid_pct": 100,
        "S2_nobs": 10.0,
        "valid_10m_pixels": 25,
        "tree_class_pct_2021": 100.0,
        "tree_context_valid_pct": 100,
        "period_start": "2026-03-15",
        "period_end_exclusive": "2026-06-01",
        "veg_ndvi_threshold": 0.35,
        "aggregation": "10m raster values weighted by exact clipped pixel area"
      }
    },
    {
      "type": "Feature",
      "geometry": {
        "type": "Polygon",
        "coordinates": [
          [
            [
              89.532659707,
              22.795415443
            ],
            [
              89.532668047,
              22.795866684
            ],
            [
              89.532181362,
              22.795874416
            ],
            [
              89.532173023,
              22.795423176
            ],
            [
              89.532659707,
              22.795415443
            ]
          ]
        ]
      },
      "properties": {
        "cell_id": "50m_15199_50462",
        "grid_m": 50,
        "projected_area_m2": 2500.0,
        "lon": 89.532420535,
        "lat": 22.79564493,
        "NDVI_S2_median": 0.6261447083950042,
        "vegetation_pct_valid": 100.0,
        "NDVI_2019": 0.6140822684764862,
        "NDVI_2026": 0.6261447083950042,
        "delta_NDVI": 0.012062442572787404,
        "optical_valid_pct": 100,
        "common_valid_pct": 100,
        "S2_nobs": 10.0,
        "valid_10m_pixels": 25,
        "tree_class_pct_2021": 96.0,
        "tree_context_valid_pct": 100,
        "period_start": "2026-03-15",
        "period_end_exclusive": "2026-06-01",
        "veg_ndvi_threshold": 0.35,
        "aggregation": "10m raster values weighted by exact clipped pixel area"
      }
    },
    {
      "type": "Feature",
      "geometry": {
        "type": "Polygon",
        "coordinates": [
          [
            [
              89.532668047,
              22.795866684
            ],
            [
              89.532676388,
              22.796317924
            ],
            [
              89.532189701,
              22.796325657
            ],
            [
              89.532181362,
              22.795874416
            ],
            [
              89.532668047,
              22.795866684
            ]
          ]
        ]
      },
      "properties": {
        "cell_id": "50m_15199_50463",
        "grid_m": 50,
        "projected_area_m2": 2500.0,
        "lon": 89.532428875,
        "lat": 22.796096171,
        "NDVI_S2_median": 0.6156861156225204,
        "vegetation_pct_valid": 84.0,
        "NDVI_2019": 0.5775704681873322,
        "NDVI_2026": 0.6156861156225204,
        "delta_NDVI": 0.03811565104871988,
        "optical_valid_pct": 100,
        "common_valid_pct": 100,
        "S2_nobs": 10.0,
        "valid_10m_pixels": 25,
        "tree_class_pct_2021": 80.0,
        "tree_context_valid_pct": 100,
        "period_start": "2026-03-15",
        "period_end_exclusive": "2026-06-01",
        "veg_ndvi_threshold": 0.35,
        "aggregation": "10m raster values weighted by exact clipped pixel area"
      }
    },
    {
      "type": "Feature",
      "geometry": {
        "type": "Polygon",
        "coordinates": [
          [
            [
              89.532676388,
              22.796317924
            ],
            [
              89.532684729,
              22.796769165
            ],
            [
              89.532198041,
              22.796776898
            ],
            [
              89.532189701,
              22.796325657
            ],
            [
              89.532676388,
              22.796317924
            ]
          ]
        ]
      },
      "properties": {
        "cell_id": "50m_15199_50464",
        "grid_m": 50,
        "projected_area_m2": 2500.0,
        "lon": 89.532437215,
        "lat": 22.796547411,
        "NDVI_S2_median": 0.38067795693874357,
        "vegetation_pct_valid": 44.0,
        "NDVI_2019": 0.45608454406261445,
        "NDVI_2026": 0.38067795693874357,
        "delta_NDVI": -0.07540658311918377,
        "optical_valid_pct": 100,
        "common_valid_pct": 100,
        "S2_nobs": 10.0,
        "valid_10m_pixels": 25,
        "tree_class_pct_2021": 28.000000000000004,
        "tree_context_valid_pct": 100,
        "period_start": "2026-03-15",
        "period_end_exclusive": "2026-06-01",
        "veg_ndvi_threshold": 0.35,
        "aggregation": "10m raster values weighted by exact clipped pixel area"
      }
    },
    {
      "type": "Feature",
      "geometry": {
        "type": "Polygon",
        "coordinates": [
          [
            [
              89.532684729,
              22.796769165
            ],
            [
              89.532693071,
              22.797220406
            ],
            [
              89.53220638,
              22.797228139
            ],
            [
              89.532198041,
              22.796776898
            ],
            [
              89.532684729,
              22.796769165
            ]
          ]
        ]
      },
      "properties": {
        "cell_id": "50m_15199_50465",
        "grid_m": 50,
        "projected_area_m2": 2500.0,
        "lon": 89.532445555,
        "lat": 22.796998652,
        "NDVI_S2_median": 0.38932023882865907,
        "vegetation_pct_valid": 56.00000000000001,
        "NDVI_2019": 0.39883730351924895,
        "NDVI_2026": 0.38932023882865907,
        "delta_NDVI": -0.00951706373714842,
        "optical_valid_pct": 100,
        "common_valid_pct": 100,
        "S2_nobs": 10.0,
        "valid_10m_pixels": 25,
        "tree_class_pct_2021": 36.0,
        "tree_context_valid_pct": 100,
        "period_start": "2026-03-15",
        "period_end_exclusive": "2026-06-01",
        "veg_ndvi_threshold": 0.35,
        "aggregation": "10m raster values weighted by exact clipped pixel area"
      }
    },
    {
      "type": "Feature",
      "geometry": {
        "type": "Polygon",
        "coordinates": [
          [
            [
              89.532693071,
              22.797220406
            ],
            [
              89.532701412,
              22.797671646
            ],
            [
              89.53221472,
              22.797679379
            ],
            [
              89.53220638,
              22.797228139
            ],
            [
              89.532693071,
              22.797220406
            ]
          ]
        ]
      },
      "properties": {
        "cell_id": "50m_15199_50466",
        "grid_m": 50,
        "projected_area_m2": 2500.0,
        "lon": 89.532453896,
        "lat": 22.797449893,
        "NDVI_S2_median": 0.49899992227554324,
        "vegetation_pct_valid": 84.0,
        "NDVI_2019": 0.45161312222480776,
        "NDVI_2026": 0.49899992227554324,
        "delta_NDVI": 0.04738679989241064,
        "optical_valid_pct": 100,
        "common_valid_pct": 100,
        "S2_nobs": 9.64,
        "valid_10m_pixels": 25,
        "tree_class_pct_2021": 36.0,
        "tree_context_valid_pct": 100,
        "period_start": "2026-03-15",
        "period_end_exclusive": "2026-06-01",
        "veg_ndvi_threshold": 0.35,
        "aggregation": "10m raster values weighted by exact clipped pixel area"
      }
    },
    {
      "type": "Feature",
      "geometry": {
        "type": "Polygon",
        "coordinates": [
          [
            [
              89.532701412,
              22.797671646
            ],
            [
              89.532709754,
              22.798122887
            ],
            [
              89.532223061,
              22.79813062
            ],
            [
              89.53221472,
              22.797679379
            ],
            [
              89.532701412,
              22.797671646
            ]
          ]
        ]
      },
      "properties": {
        "cell_id": "50m_15199_50467",
        "grid_m": 50,
        "projected_area_m2": 2500.0,
        "lon": 89.532462237,
        "lat": 22.797901133,
        "NDVI_S2_median": 0.24087017642334105,
        "vegetation_pct_valid": 36.0,
        "NDVI_2019": 0.32748896412551404,
        "NDVI_2026": 0.24087017642334105,
        "delta_NDVI": -0.08661879393737763,
        "optical_valid_pct": 100,
        "common_valid_pct": 100,
        "S2_nobs": 9.6,
        "valid_10m_pixels": 25,
        "tree_class_pct_2021": 0.0,
        "tree_context_valid_pct": 100,
        "period_start": "2026-03-15",
        "period_end_exclusive": "2026-06-01",
        "veg_ndvi_threshold": 0.35,
        "aggregation": "10m raster values weighted by exact clipped pixel area"
      }
    },
    {
      "type": "Feature",
      "geometry": {
        "type": "Polygon",
        "coordinates": [
          [
            [
              89.532709754,
              22.798122887
            ],
            [
              89.532718096,
              22.798574127
            ],
            [
              89.532231401,
              22.798581861
            ],
            [
              89.532223061,
              22.79813062
            ],
            [
              89.532709754,
              22.798122887
            ]
          ]
        ]
      },
      "properties": {
        "cell_id": "50m_15199_50468",
        "grid_m": 50,
        "projected_area_m2": 2500.0,
        "lon": 89.532470578,
        "lat": 22.798352374,
        "NDVI_S2_median": 0.3008795987069607,
        "vegetation_pct_valid": 36.0,
        "NDVI_2019": 0.26153129488229754,
        "NDVI_2026": 0.3008795987069607,
        "delta_NDVI": 0.039348299931734804,
        "optical_valid_pct": 100,
        "common_valid_pct": 100,
        "S2_nobs": 9.92,
        "valid_10m_pixels": 25,
        "tree_class_pct_2021": 4.0,
        "tree_context_valid_pct": 100,
        "period_start": "2026-03-15",
        "period_end_exclusive": "2026-06-01",
        "veg_ndvi_threshold": 0.35,
        "aggregation": "10m raster values weighted by exact clipped pixel area"
      }
    },
    {
      "type": "Feature",
      "geometry": {
        "type": "Polygon",
        "coordinates": [
          [
            [
              89.532718096,
              22.798574127
            ],
            [
              89.532726438,
              22.799025367
            ],
            [
              89.532239741,
              22.799033101
            ],
            [
              89.532231401,
              22.798581861
            ],
            [
              89.532718096,
              22.798574127
            ]
          ]
        ]
      },
      "properties": {
        "cell_id": "50m_15199_50469",
        "grid_m": 50,
        "projected_area_m2": 2500.0,
        "lon": 89.532478919,
        "lat": 22.798803614,
        "NDVI_S2_median": 0.23979133248329162,
        "vegetation_pct_valid": 12.0,
        "NDVI_2019": 0.31134465157985686,
        "NDVI_2026": 0.23979133248329162,
        "delta_NDVI": -0.07155331937596202,
        "optical_valid_pct": 100,
        "common_valid_pct": 100,
        "S2_nobs": 9.8,
        "valid_10m_pixels": 25,
        "tree_class_pct_2021": 0.0,
        "tree_context_valid_pct": 100,
        "period_start": "2026-03-15",
        "period_end_exclusive": "2026-06-01",
        "veg_ndvi_threshold": 0.35,
        "aggregation": "10m raster values weighted by exact clipped pixel area"
      }
    },
    {
      "type": "Feature",
      "geometry": {
        "type": "Polygon",
        "coordinates": [
          [
            [
              89.532726438,
              22.799025367
            ],
            [
              89.532731527,
              22.799300641
            ],
            [
              89.532242828,
              22.799200109
            ],
            [
              89.532239741,
              22.799033101
            ],
            [
              89.532726438,
              22.799025367
            ]
          ]
        ]
      },
      "properties": {
        "cell_id": "50m_15199_50470",
        "grid_m": 50,
        "projected_area_m2": 1225.1829669578,
        "lon": 89.532485634,
        "lat": 22.799166871,
        "NDVI_S2_median": 0.2278602207131299,
        "vegetation_pct_valid": 18.72466325539997,
        "NDVI_2019": 0.5766553920935777,
        "NDVI_2026": 0.2278602207131299,
        "delta_NDVI": -0.34879517748313676,
        "optical_valid_pct": 99.95715240456472,
        "common_valid_pct": 99.95715240456472,
        "S2_nobs": 9.839097418219614,
        "valid_10m_pixels": 15,
        "tree_class_pct_2021": 0.0,
        "tree_context_valid_pct": 99.95715240456472,
        "period_start": "2026-03-15",
        "period_end_exclusive": "2026-06-01",
        "veg_ndvi_threshold": 0.35,
        "aggregation": "10m raster values weighted by exact clipped pixel area"
      }
    },
    {
      "type": "Feature",
      "geometry": {
        "type": "Polygon",
        "coordinates": [
          [
            [
              89.532873598,
              22.789995566
            ],
            [
              89.533040408,
              22.789674012
            ],
            [
              89.5330463,
              22.789992822
            ],
            [
              89.532873598,
              22.789995566
            ]
          ]
        ]
      },
      "properties": {
        "cell_id": "50m_15200_50449",
        "grid_m": 50,
        "projected_area_m2": 313.4003254492287,
        "lon": 89.532957003,
        "lat": 22.789834789,
        "NDVI_S2_median": 0.3058554752480197,
        "vegetation_pct_valid": 18.822037270035715,
        "NDVI_2019": 0.298563455717477,
        "NDVI_2026": 0.3058554752480197,
        "delta_NDVI": 0.00729201460430784,
        "optical_valid_pct": 100,
        "common_valid_pct": 100,
        "S2_nobs": 8.378672986346043,
        "valid_10m_pixels": 6,
        "tree_class_pct_2021": 4.624054142146599,
        "tree_context_valid_pct": 100,
        "period_start": "2026-03-15",
        "period_end_exclusive": "2026-06-01",
        "veg_ndvi_threshold": 0.35,
        "aggregation": "10m raster values weighted by exact clipped pixel area"
      }
    },
    {
      "type": "Feature",
      "geometry": {
        "type": "Polygon",
        "coordinates": [
          [
            [
              89.532637497,
              22.79045069
            ],
            [
              89.532873598,
              22.789995566
            ],
            [
              89.5330463,
              22.789992822
            ],
            [
              89.533054639,
              22.790444063
            ],
            [
              89.532637497,
              22.79045069
            ]
          ]
        ]
      },
      "properties": {
        "cell_id": "50m_15200_50450",
        "grid_m": 50,
        "projected_area_m2": 1515.0123502564384,
        "lon": 89.532841899,
        "lat": 22.790221756,
        "NDVI_S2_median": 0.31599115711700293,
        "vegetation_pct_valid": 33.23125358579952,
        "NDVI_2019": 0.38055051692507497,
        "NDVI_2026": 0.31599115711700293,
        "delta_NDVI": -0.06455936467074395,
        "optical_valid_pct": 100,
        "common_valid_pct": 100,
        "S2_nobs": 8.26630647327837,
        "valid_10m_pixels": 19,
        "tree_class_pct_2021": 7.13698811754429,
        "tree_context_valid_pct": 100,
        "period_start": "2026-03-15",
        "period_end_exclusive": "2026-06-01",
        "veg_ndvi_threshold": 0.35,
        "aggregation": "10m raster values weighted by exact clipped pixel area"
      }
    },
    {
      "type": "Feature",
      "geometry": {
        "type": "Polygon",
        "coordinates": [
          [
            [
              89.532576312,
              22.790903036
            ],
            [
              89.532570345,
              22.790580137
            ],
            [
              89.532637497,
              22.79045069
            ],
            [
              89.533054639,
              22.790444063
            ],
            [
              89.533062979,
              22.790895303
            ],
            [
              89.532576312,
              22.790903036
            ]
          ]
        ]
      },
      "properties": {
        "cell_id": "50m_15200_50451",
        "grid_m": 50,
        "projected_area_m2": 2449.2106741901866,
        "lon": 89.532815476,
        "lat": 22.790673549,
        "NDVI_S2_median": 0.4802243806691956,
        "vegetation_pct_valid": 95.91705192804419,
        "NDVI_2019": 0.47384889730413704,
        "NDVI_2026": 0.4802243806691956,
        "delta_NDVI": 0.00637547590375816,
        "optical_valid_pct": 100,
        "common_valid_pct": 100,
        "S2_nobs": 8.408294807195581,
        "valid_10m_pixels": 25,
        "tree_class_pct_2021": 28.580636503690627,
        "tree_context_valid_pct": 100,
        "period_start": "2026-03-15",
        "period_end_exclusive": "2026-06-01",
        "veg_ndvi_threshold": 0.35,
        "aggregation": "10m raster values weighted by exact clipped pixel area"
      }
    },
    {
      "type": "Feature",
      "geometry": {
        "type": "Polygon",
        "coordinates": [
          [
            [
              89.53258465,
              22.791354276
            ],
            [
              89.532576312,
              22.790903036
            ],
            [
              89.533062979,
              22.790895303
            ],
            [
              89.533071319,
              22.791346544
            ],
            [
              89.53258465,
              22.791354276
            ]
          ]
        ]
      },
      "properties": {
        "cell_id": "50m_15200_50452",
        "grid_m": 50,
        "projected_area_m2": 2500.0,
        "lon": 89.532823815,
        "lat": 22.79112479,
        "NDVI_S2_median": 0.5039746630191803,
        "vegetation_pct_valid": 96.0,
        "NDVI_2019": 0.6788613975048066,
        "NDVI_2026": 0.5039746630191803,
        "delta_NDVI": -0.1748867355217226,
        "optical_valid_pct": 100,
        "common_valid_pct": 100,
        "S2_nobs": 8.28,
        "valid_10m_pixels": 25,
        "tree_class_pct_2021": 92.0,
        "tree_context_valid_pct": 100,
        "period_start": "2026-03-15",
        "period_end_exclusive": "2026-06-01",
        "veg_ndvi_threshold": 0.35,
        "aggregation": "10m raster values weighted by exact clipped pixel area"
      }
    },
    {
      "type": "Feature",
      "geometry": {
        "type": "Polygon",
        "coordinates": [
          [
            [
              89.532592989,
              22.791805517
            ],
            [
              89.53258465,
              22.791354276
            ],
            [
              89.533071319,
              22.791346544
            ],
            [
              89.53307966,
              22.791797785
            ],
            [
              89.532592989,
              22.791805517
            ]
          ]
        ]
      },
      "properties": {
        "cell_id": "50m_15200_50453",
        "grid_m": 50,
        "projected_area_m2": 2500.0,
        "lon": 89.532832155,
        "lat": 22.791576031,
        "NDVI_S2_median": 0.47249134719371794,
        "vegetation_pct_valid": 80.0,
        "NDVI_2019": 0.6349974405765534,
        "NDVI_2026": 0.47249134719371794,
        "delta_NDVI": -0.16250609412789344,
        "optical_valid_pct": 100,
        "common_valid_pct": 100,
        "S2_nobs": 8.56,
        "valid_10m_pixels": 25,
        "tree_class_pct_2021": 84.0,
        "tree_context_valid_pct": 100,
        "period_start": "2026-03-15",
        "period_end_exclusive": "2026-06-01",
        "veg_ndvi_threshold": 0.35,
        "aggregation": "10m raster values weighted by exact clipped pixel area"
      }
    },
    {
      "type": "Feature",
      "geometry": {
        "type": "Polygon",
        "coordinates": [
          [
            [
              89.532601328,
              22.792256758
            ],
            [
              89.532592989,
              22.791805517
            ],
            [
              89.53307966,
              22.791797785
            ],
            [
              89.533088,
              22.792249025
            ],
            [
              89.532601328,
              22.792256758
            ]
          ]
        ]
      },
      "properties": {
        "cell_id": "50m_15200_50454",
        "grid_m": 50,
        "projected_area_m2": 2500.0,
        "lon": 89.532840494,
        "lat": 22.792027272,
        "NDVI_S2_median": 0.4423448532819748,
        "vegetation_pct_valid": 72.0,
        "NDVI_2019": 0.37525209099054335,
        "NDVI_2026": 0.4423448532819748,
        "delta_NDVI": 0.06709276499226689,
        "optical_valid_pct": 100,
        "common_valid_pct": 100,
        "S2_nobs": 8.44,
        "valid_10m_pixels": 25,
        "tree_class_pct_2021": 56.00000000000001,
        "tree_context_valid_pct": 100,
        "period_start": "2026-03-15",
        "period_end_exclusive": "2026-06-01",
        "veg_ndvi_threshold": 0.35,
        "aggregation": "10m raster values weighted by exact clipped pixel area"
      }
    },
    {
      "type": "Feature",
      "geometry": {
        "type": "Polygon",
        "coordinates": [
          [
            [
              89.532609667,
              22.792707999
            ],
            [
              89.532601328,
              22.792256758
            ],
            [
              89.533088,
              22.792249025
            ],
            [
              89.533096341,
              22.792700266
            ],
            [
              89.532609667,
              22.792707999
            ]
          ]
        ]
      },
      "properties": {
        "cell_id": "50m_15200_50455",
        "grid_m": 50,
        "projected_area_m2": 2500.0,
        "lon": 89.532848834,
        "lat": 22.792478512,
        "NDVI_S2_median": 0.5301269918680191,
        "vegetation_pct_valid": 92.0,
        "NDVI_2019": 0.4970712983608246,
        "NDVI_2026": 0.5301269918680191,
        "delta_NDVI": 0.0330556945130229,
        "optical_valid_pct": 100,
        "common_valid_pct": 100,
        "S2_nobs": 8.48,
        "valid_10m_pixels": 25,
        "tree_class_pct_2021": 16.0,
        "tree_context_valid_pct": 100,
        "period_start": "2026-03-15",
        "period_end_exclusive": "2026-06-01",
        "veg_ndvi_threshold": 0.35,
        "aggregation": "10m raster values weighted by exact clipped pixel area"
      }
    },
    {
      "type": "Feature",
      "geometry": {
        "type": "Polygon",
        "coordinates": [
          [
            [
              89.532618007,
              22.79315924
            ],
            [
              89.532609667,
              22.792707999
            ],
            [
              89.533096341,
              22.792700266
            ],
            [
              89.533104682,
              22.793151507
            ],
            [
              89.532618007,
              22.79315924
            ]
          ]
        ]
      },
      "properties": {
        "cell_id": "50m_15200_50456",
        "grid_m": 50,
        "projected_area_m2": 2500.0,
        "lon": 89.532857174,
        "lat": 22.792929753,
        "NDVI_S2_median": 0.6721722459793091,
        "vegetation_pct_valid": 96.0,
        "NDVI_2019": 0.5911631572246552,
        "NDVI_2026": 0.6721722459793091,
        "delta_NDVI": 0.08100908063352108,
        "optical_valid_pct": 100,
        "common_valid_pct": 100,
        "S2_nobs": 9.0,
        "valid_10m_pixels": 25,
        "tree_class_pct_2021": 0.0,
        "tree_context_valid_pct": 100,
        "period_start": "2026-03-15",
        "period_end_exclusive": "2026-06-01",
        "veg_ndvi_threshold": 0.35,
        "aggregation": "10m raster values weighted by exact clipped pixel area"
      }
    },
    {
      "type": "Feature",
      "geometry": {
        "type": "Polygon",
        "coordinates": [
          [
            [
              89.532626346,
              22.793610481
            ],
            [
              89.532618007,
              22.79315924
            ],
            [
              89.533104682,
              22.793151507
            ],
            [
              89.533113023,
              22.793602747
            ],
            [
              89.532626346,
              22.793610481
            ]
          ]
        ]
      },
      "properties": {
        "cell_id": "50m_15200_50457",
        "grid_m": 50,
        "projected_area_m2": 2500.0,
        "lon": 89.532865514,
        "lat": 22.793380994,
        "NDVI_S2_median": 0.5946036267280579,
        "vegetation_pct_valid": 96.0,
        "NDVI_2019": 0.5895329248905182,
        "NDVI_2026": 0.5946036267280579,
        "delta_NDVI": 0.005070695279864594,
        "optical_valid_pct": 100,
        "common_valid_pct": 100,
        "S2_nobs": 9.0,
        "valid_10m_pixels": 25,
        "tree_class_pct_2021": 12.0,
        "tree_context_valid_pct": 100,
        "period_start": "2026-03-15",
        "period_end_exclusive": "2026-06-01",
        "veg_ndvi_threshold": 0.35,
        "aggregation": "10m raster values weighted by exact clipped pixel area"
      }
    },
    {
      "type": "Feature",
      "geometry": {
        "type": "Polygon",
        "coordinates": [
          [
            [
              89.532634686,
              22.794061721
            ],
            [
              89.532626346,
              22.793610481
            ],
            [
              89.533113023,
              22.793602747
            ],
            [
              89.533121365,
              22.794053988
            ],
            [
              89.532634686,
              22.794061721
            ]
          ]
        ]
      },
      "properties": {
        "cell_id": "50m_15200_50458",
        "grid_m": 50,
        "projected_area_m2": 2500.0,
        "lon": 89.532873855,
        "lat": 22.793832234,
        "NDVI_S2_median": 0.5934077668190002,
        "vegetation_pct_valid": 100.0,
        "NDVI_2019": 0.5931678736209869,
        "NDVI_2026": 0.5934077668190002,
        "delta_NDVI": 0.00023988504894077777,
        "optical_valid_pct": 100,
        "common_valid_pct": 100,
        "S2_nobs": 9.0,
        "valid_10m_pixels": 25,
        "tree_class_pct_2021": 72.0,
        "tree_context_valid_pct": 100,
        "period_start": "2026-03-15",
        "period_end_exclusive": "2026-06-01",
        "veg_ndvi_threshold": 0.35,
        "aggregation": "10m raster values weighted by exact clipped pixel area"
      }
    },
    {
      "type": "Feature",
      "geometry": {
        "type": "Polygon",
        "coordinates": [
          [
            [
              89.532643026,
              22.794512962
            ],
            [
              89.532634686,
              22.794061721
            ],
            [
              89.533121365,
              22.794053988
            ],
            [
              89.533129706,
              22.794505228
            ],
            [
              89.532643026,
              22.794512962
            ]
          ]
        ]
      },
      "properties": {
        "cell_id": "50m_15200_50459",
        "grid_m": 50,
        "projected_area_m2": 2500.0,
        "lon": 89.532882196,
        "lat": 22.794283475,
        "NDVI_S2_median": 0.4413697463274002,
        "vegetation_pct_valid": 68.0,
        "NDVI_2019": 0.5934665977954865,
        "NDVI_2026": 0.4413697463274002,
        "delta_NDVI": -0.15209685342386364,
        "optical_valid_pct": 100,
        "common_valid_pct": 100,
        "S2_nobs": 9.0,
        "valid_10m_pixels": 25,
        "tree_class_pct_2021": 32.0,
        "tree_context_valid_pct": 100,
        "period_start": "2026-03-15",
        "period_end_exclusive": "2026-06-01",
        "veg_ndvi_threshold": 0.35,
        "aggregation": "10m raster values weighted by exact clipped pixel area"
      }
    },
    {
      "type": "Feature",
      "geometry": {
        "type": "Polygon",
        "coordinates": [
          [
            [
              89.532651366,
              22.794964203
            ],
            [
              89.532643026,
              22.794512962
            ],
            [
              89.533129706,
              22.794505228
            ],
            [
              89.533138048,
              22.794956469
            ],
            [
              89.532651366,
              22.794964203
            ]
          ]
        ]
      },
      "properties": {
        "cell_id": "50m_15200_50460",
        "grid_m": 50,
        "projected_area_m2": 2500.0,
        "lon": 89.532890537,
        "lat": 22.794734716,
        "NDVI_S2_median": 0.606647584438324,
        "vegetation_pct_valid": 100.0,
        "NDVI_2019": 0.6869431066513062,
        "NDVI_2026": 0.606647584438324,
        "delta_NDVI": -0.08029552273452283,
        "optical_valid_pct": 100,
        "common_valid_pct": 100,
        "S2_nobs": 9.56,
        "valid_10m_pixels": 25,
        "tree_class_pct_2021": 80.0,
        "tree_context_valid_pct": 100,
        "period_start": "2026-03-15",
        "period_end_exclusive": "2026-06-01",
        "veg_ndvi_threshold": 0.35,
        "aggregation": "10m raster values weighted by exact clipped pixel area"
      }
    },
    {
      "type": "Feature",
      "geometry": {
        "type": "Polygon",
        "coordinates": [
          [
            [
              89.532659707,
              22.795415443
            ],
            [
              89.532651366,
              22.794964203
            ],
            [
              89.533138048,
              22.794956469
            ],
            [
              89.53314639,
              22.795407709
            ],
            [
              89.532659707,
              22.795415443
            ]
          ]
        ]
      },
      "properties": {
        "cell_id": "50m_15200_50461",
        "grid_m": 50,
        "projected_area_m2": 2500.0,
        "lon": 89.532898878,
        "lat": 22.795185956,
        "NDVI_S2_median": 0.6521108424663544,
        "vegetation_pct_valid": 96.0,
        "NDVI_2019": 0.6684415233135224,
        "NDVI_2026": 0.6521108424663544,
        "delta_NDVI": -0.016330673592165112,
        "optical_valid_pct": 100,
        "common_valid_pct": 100,
        "S2_nobs": 10.0,
        "valid_10m_pixels": 25,
        "tree_class_pct_2021": 100.0,
        "tree_context_valid_pct": 100,
        "period_start": "2026-03-15",
        "period_end_exclusive": "2026-06-01",
        "veg_ndvi_threshold": 0.35,
        "aggregation": "10m raster values weighted by exact clipped pixel area"
      }
    },
    {
      "type": "Feature",
      "geometry": {
        "type": "Polygon",
        "coordinates": [
          [
            [
              89.532668047,
              22.795866684
            ],
            [
              89.532659707,
              22.795415443
            ],
            [
              89.53314639,
              22.795407709
            ],
            [
              89.533154732,
              22.79585895
            ],
            [
              89.532668047,
              22.795866684
            ]
          ]
        ]
      },
      "properties": {
        "cell_id": "50m_15200_50462",
        "grid_m": 50,
        "projected_area_m2": 2500.0,
        "lon": 89.532907219,
        "lat": 22.795637197,
        "NDVI_S2_median": 0.4601328539848328,
        "vegetation_pct_valid": 84.0,
        "NDVI_2019": 0.5527050089836121,
        "NDVI_2026": 0.4601328539848328,
        "delta_NDVI": -0.09257215276360511,
        "optical_valid_pct": 100,
        "common_valid_pct": 100,
        "S2_nobs": 10.0,
        "valid_10m_pixels": 25,
        "tree_class_pct_2021": 92.0,
        "tree_context_valid_pct": 100,
        "period_start": "2026-03-15",
        "period_end_exclusive": "2026-06-01",
        "veg_ndvi_threshold": 0.35,
        "aggregation": "10m raster values weighted by exact clipped pixel area"
      }
    },
    {
      "type": "Feature",
      "geometry": {
        "type": "Polygon",
        "coordinates": [
          [
            [
              89.532676388,
              22.796317924
            ],
            [
              89.532668047,
              22.795866684
            ],
            [
              89.533154732,
              22.79585895
            ],
            [
              89.533163075,
              22.79631019
            ],
            [
              89.532676388,
              22.796317924
            ]
          ]
        ]
      },
      "properties": {
        "cell_id": "50m_15200_50463",
        "grid_m": 50,
        "projected_area_m2": 2500.0,
        "lon": 89.532915561,
        "lat": 22.796088437,
        "NDVI_S2_median": 0.4910690838098526,
        "vegetation_pct_valid": 84.0,
        "NDVI_2019": 0.4628439098596573,
        "NDVI_2026": 0.4910690838098526,
        "delta_NDVI": 0.02822517541004345,
        "optical_valid_pct": 100,
        "common_valid_pct": 100,
        "S2_nobs": 10.0,
        "valid_10m_pixels": 25,
        "tree_class_pct_2021": 80.0,
        "tree_context_valid_pct": 100,
        "period_start": "2026-03-15",
        "period_end_exclusive": "2026-06-01",
        "veg_ndvi_threshold": 0.35,
        "aggregation": "10m raster values weighted by exact clipped pixel area"
      }
    },
    {
      "type": "Feature",
      "geometry": {
        "type": "Polygon",
        "coordinates": [
          [
            [
              89.532684729,
              22.796769165
            ],
            [
              89.532676388,
              22.796317924
            ],
            [
              89.533163075,
              22.79631019
            ],
            [
              89.533171417,
              22.796761431
            ],
            [
              89.532684729,
              22.796769165
            ]
          ]
        ]
      },
      "properties": {
        "cell_id": "50m_15200_50464",
        "grid_m": 50,
        "projected_area_m2": 2500.0,
        "lon": 89.532923902,
        "lat": 22.796539678,
        "NDVI_S2_median": 0.5567478096485138,
        "vegetation_pct_valid": 84.0,
        "NDVI_2019": 0.6681558442115784,
        "NDVI_2026": 0.5567478096485138,
        "delta_NDVI": -0.11140803199261427,
        "optical_valid_pct": 100,
        "common_valid_pct": 100,
        "S2_nobs": 10.0,
        "valid_10m_pixels": 25,
        "tree_class_pct_2021": 60.0,
        "tree_context_valid_pct": 100,
        "period_start": "2026-03-15",
        "period_end_exclusive": "2026-06-01",
        "veg_ndvi_threshold": 0.35,
        "aggregation": "10m raster values weighted by exact clipped pixel area"
      }
    },
    {
      "type": "Feature",
      "geometry": {
        "type": "Polygon",
        "coordinates": [
          [
            [
              89.532693071,
              22.797220406
            ],
            [
              89.532684729,
              22.796769165
            ],
            [
              89.533171417,
              22.796761431
            ],
            [
              89.53317976,
              22.797212671
            ],
            [
              89.532693071,
              22.797220406
            ]
          ]
        ]
      },
      "properties": {
        "cell_id": "50m_15200_50465",
        "grid_m": 50,
        "projected_area_m2": 2500.0,
        "lon": 89.532932244,
        "lat": 22.796990918,
        "NDVI_S2_median": 0.38713435709476474,
        "vegetation_pct_valid": 48.0,
        "NDVI_2019": 0.400552858710289,
        "NDVI_2026": 0.38713435709476474,
        "delta_NDVI": -0.0134184976387769,
        "optical_valid_pct": 100,
        "common_valid_pct": 100,
        "S2_nobs": 10.0,
        "valid_10m_pixels": 25,
        "tree_class_pct_2021": 48.0,
        "tree_context_valid_pct": 100,
        "period_start": "2026-03-15",
        "period_end_exclusive": "2026-06-01",
        "veg_ndvi_threshold": 0.35,
        "aggregation": "10m raster values weighted by exact clipped pixel area"
      }
    },
    {
      "type": "Feature",
      "geometry": {
        "type": "Polygon",
        "coordinates": [
          [
            [
              89.532701412,
              22.797671646
            ],
            [
              89.532693071,
              22.797220406
            ],
            [
              89.53317976,
              22.797212671
            ],
            [
              89.533188103,
              22.797663911
            ],
            [
              89.532701412,
              22.797671646
            ]
          ]
        ]
      },
      "properties": {
        "cell_id": "50m_15200_50466",
        "grid_m": 50,
        "projected_area_m2": 2500.0,
        "lon": 89.532940587,
        "lat": 22.797442159,
        "NDVI_S2_median": 0.5002292203903198,
        "vegetation_pct_valid": 80.0,
        "NDVI_2019": 0.47087402135133744,
        "NDVI_2026": 0.5002292203903198,
        "delta_NDVI": 0.02935519229620695,
        "optical_valid_pct": 100,
        "common_valid_pct": 100,
        "S2_nobs": 10.0,
        "valid_10m_pixels": 25,
        "tree_class_pct_2021": 20.0,
        "tree_context_valid_pct": 100,
        "period_start": "2026-03-15",
        "period_end_exclusive": "2026-06-01",
        "veg_ndvi_threshold": 0.35,
        "aggregation": "10m raster values weighted by exact clipped pixel area"
      }
    },
    {
      "type": "Feature",
      "geometry": {
        "type": "Polygon",
        "coordinates": [
          [
            [
              89.532709754,
              22.798122887
            ],
            [
              89.532701412,
              22.797671646
            ],
            [
              89.533188103,
              22.797663911
            ],
            [
              89.533196447,
              22.798115152
            ],
            [
              89.532709754,
              22.798122887
            ]
          ]
        ]
      },
      "properties": {
        "cell_id": "50m_15200_50467",
        "grid_m": 50,
        "projected_area_m2": 2500.0,
        "lon": 89.532948929,
        "lat": 22.797893399,
        "NDVI_S2_median": 0.5420222961902619,
        "vegetation_pct_valid": 88.0,
        "NDVI_2019": 0.25469791680574416,
        "NDVI_2026": 0.5420222961902619,
        "delta_NDVI": 0.28732437346130607,
        "optical_valid_pct": 100,
        "common_valid_pct": 100,
        "S2_nobs": 10.0,
        "valid_10m_pixels": 25,
        "tree_class_pct_2021": 0.0,
        "tree_context_valid_pct": 100,
        "period_start": "2026-03-15",
        "period_end_exclusive": "2026-06-01",
        "veg_ndvi_threshold": 0.35,
        "aggregation": "10m raster values weighted by exact clipped pixel area"
      }
    },
    {
      "type": "Feature",
      "geometry": {
        "type": "Polygon",
        "coordinates": [
          [
            [
              89.532718096,
              22.798574127
            ],
            [
              89.532709754,
              22.798122887
            ],
            [
              89.533196447,
              22.798115152
            ],
            [
              89.53320479,
              22.798566392
            ],
            [
              89.532718096,
              22.798574127
            ]
          ]
        ]
      },
      "properties": {
        "cell_id": "50m_15200_50468",
        "grid_m": 50,
        "projected_area_m2": 2500.0,
        "lon": 89.532957272,
        "lat": 22.798344639,
        "NDVI_S2_median": 0.5045999991893768,
        "vegetation_pct_valid": 92.0,
        "NDVI_2019": 0.168765429854393,
        "NDVI_2026": 0.5045999991893768,
        "delta_NDVI": 0.3358345650881529,
        "optical_valid_pct": 100,
        "common_valid_pct": 100,
        "S2_nobs": 10.0,
        "valid_10m_pixels": 25,
        "tree_class_pct_2021": 0.0,
        "tree_context_valid_pct": 100,
        "period_start": "2026-03-15",
        "period_end_exclusive": "2026-06-01",
        "veg_ndvi_threshold": 0.35,
        "aggregation": "10m raster values weighted by exact clipped pixel area"
      }
    },
    {
      "type": "Feature",
      "geometry": {
        "type": "Polygon",
        "coordinates": [
          [
            [
              89.532726438,
              22.799025367
            ],
            [
              89.532718096,
              22.798574127
            ],
            [
              89.53320479,
              22.798566392
            ],
            [
              89.533213134,
              22.799017632
            ],
            [
              89.532726438,
              22.799025367
            ]
          ]
        ]
      },
      "properties": {
        "cell_id": "50m_15200_50469",
        "grid_m": 50,
        "projected_area_m2": 2500.0,
        "lon": 89.532965614,
        "lat": 22.79879588,
        "NDVI_S2_median": 0.22380908638238906,
        "vegetation_pct_valid": 12.0,
        "NDVI_2019": 0.36223766803741453,
        "NDVI_2026": 0.22380908638238906,
        "delta_NDVI": -0.13842858139425515,
        "optical_valid_pct": 100,
        "common_valid_pct": 100,
        "S2_nobs": 10.0,
        "valid_10m_pixels": 25,
        "tree_class_pct_2021": 16.0,
        "tree_context_valid_pct": 100,
        "period_start": "2026-03-15",
        "period_end_exclusive": "2026-06-01",
        "veg_ndvi_threshold": 0.35,
        "aggregation": "10m raster values weighted by exact clipped pixel area"
      }
    },
    {
      "type": "Feature",
      "geometry": {
        "type": "Polygon",
        "coordinates": [
          [
            [
              89.532726438,
              22.799025367
            ],
            [
              89.533213134,
              22.799017632
            ],
            [
              89.533220226,
              22.799401172
            ],
            [
              89.532731527,
              22.799300641
            ],
            [
              89.532726438,
              22.799025367
            ]
          ]
        ]
      },
      "properties": {
        "cell_id": "50m_15200_50470",
        "grid_m": 50,
        "projected_area_m2": 1825.0074482988566,
        "lon": 89.532973332,
        "lat": 22.79921327,
        "NDVI_S2_median": 0.2036123295880924,
        "vegetation_pct_valid": 12.328141842850254,
        "NDVI_2019": 0.5870982587108533,
        "NDVI_2026": 0.2036123295880924,
        "delta_NDVI": -0.38348593201922115,
        "optical_valid_pct": 99.99887867319941,
        "common_valid_pct": 99.99887867319941,
        "S2_nobs": 9.831247315434478,
        "valid_10m_pixels": 21,
        "tree_class_pct_2021": 11.066459901069637,
        "tree_context_valid_pct": 99.99887867319941,
        "period_start": "2026-03-15",
        "period_end_exclusive": "2026-06-01",
        "veg_ndvi_threshold": 0.35,
        "aggregation": "10m raster values weighted by exact clipped pixel area"
      }
    },
    {
      "type": "Feature",
      "geometry": {
        "type": "Polygon",
        "coordinates": [
          [
            [
              89.533345797,
              22.789085316
            ],
            [
              89.533510464,
              22.788767886
            ],
            [
              89.533516282,
              22.789082607
            ],
            [
              89.533345797,
              22.789085316
            ]
          ]
        ]
      },
      "properties": {
        "cell_id": "50m_15201_50447",
        "grid_m": 50,
        "projected_area_m2": 305.41300141617654,
        "lon": 89.533428131,
        "lat": 22.788926601,
        "NDVI_S2_median": 0.2716456038461649,
        "vegetation_pct_valid": 18.33824587374108,
        "NDVI_2019": 0.5683304913092067,
        "NDVI_2026": 0.2716456038461649,
        "delta_NDVI": -0.2966848850788643,
        "optical_valid_pct": 100,
        "common_valid_pct": 100,
        "S2_nobs": 8.0,
        "valid_10m_pixels": 6,
        "tree_class_pct_2021": 1.9525152892148339,
        "tree_context_valid_pct": 100,
        "period_start": "2026-03-15",
        "period_end_exclusive": "2026-06-01",
        "veg_ndvi_threshold": 0.35,
        "aggregation": "10m raster values weighted by exact clipped pixel area"
      }
    },
    {
      "type": "Feature",
      "geometry": {
        "type": "Polygon",
        "coordinates": [
          [
            [
              89.533109698,
              22.789540441
            ],
            [
              89.533345797,
              22.789085316
            ],
            [
              89.533516282,
              22.789082607
            ],
            [
              89.533524623,
              22.789533848
            ],
            [
              89.533109698,
              22.789540441
            ]
          ]
        ]
      },
      "properties": {
        "cell_id": "50m_15201_50448",
        "grid_m": 50,
        "projected_area_m2": 1503.634202296962,
        "lon": 89.53331299,
        "lat": 22.789311524,
        "NDVI_S2_median": 0.4355249119344333,
        "vegetation_pct_valid": 76.67178682789417,
        "NDVI_2019": 0.4333124766378942,
        "NDVI_2026": 0.4355249119344333,
        "delta_NDVI": 0.002212433156499966,
        "optical_valid_pct": 100,
        "common_valid_pct": 100,
        "S2_nobs": 8.605052428276675,
        "valid_10m_pixels": 19,
        "tree_class_pct_2021": 0.4577799373358067,
        "tree_context_valid_pct": 100,
        "period_start": "2026-03-15",
        "period_end_exclusive": "2026-06-01",
        "veg_ndvi_threshold": 0.35,
        "aggregation": "10m raster values weighted by exact clipped pixel area"
      }
    },
    {
      "type": "Feature",
      "geometry": {
        "type": "Polygon",
        "coordinates": [
          [
            [
              89.5330463,
              22.789992822
            ],
            [
              89.533040408,
              22.789674012
            ],
            [
              89.533109698,
              22.789540441
            ],
            [
              89.533524623,
              22.789533848
            ],
            [
              89.533532964,
              22.789985089
            ],
            [
              89.5330463,
              22.789992822
            ]
          ]
        ]
      },
      "properties": {
        "cell_id": "50m_15201_50449",
        "grid_m": 50,
        "projected_area_m2": 2445.922950827267,
        "lon": 89.533285461,
        "lat": 22.789763335,
        "NDVI_S2_median": 0.46695902702038694,
        "vegetation_pct_valid": 91.82312754650248,
        "NDVI_2019": 0.40140662260973997,
        "NDVI_2026": 0.46695902702038694,
        "delta_NDVI": 0.06555240855132806,
        "optical_valid_pct": 100,
        "common_valid_pct": 100,
        "S2_nobs": 8.591156377325122,
        "valid_10m_pixels": 25,
        "tree_class_pct_2021": 0.0,
        "tree_context_valid_pct": 100,
        "period_start": "2026-03-15",
        "period_end_exclusive": "2026-06-01",
        "veg_ndvi_threshold": 0.35,
        "aggregation": "10m raster values weighted by exact clipped pixel area"
      }
    },
    {
      "type": "Feature",
      "geometry": {
        "type": "Polygon",
        "coordinates": [
          [
            [
              89.533054639,
              22.790444063
            ],
            [
              89.5330463,
              22.789992822
            ],
            [
              89.533532964,
              22.789985089
            ],
            [
              89.533541305,
              22.790436329
            ],
            [
              89.533054639,
              22.790444063
            ]
          ]
        ]
      },
      "properties": {
        "cell_id": "50m_15201_50450",
        "grid_m": 50,
        "projected_area_m2": 2500.0,
        "lon": 89.533293802,
        "lat": 22.790214576,
        "NDVI_S2_median": 0.6372317004203797,
        "vegetation_pct_valid": 96.0,
        "NDVI_2019": 0.592954865694046,
        "NDVI_2026": 0.6372317004203797,
        "delta_NDVI": 0.044276835154742004,
        "optical_valid_pct": 100,
        "common_valid_pct": 100,
        "S2_nobs": 8.2,
        "valid_10m_pixels": 25,
        "tree_class_pct_2021": 88.0,
        "tree_context_valid_pct": 100,
        "period_start": "2026-03-15",
        "period_end_exclusive": "2026-06-01",
        "veg_ndvi_threshold": 0.35,
        "aggregation": "10m raster values weighted by exact clipped pixel area"
      }
    },
    {
      "type": "Feature",
      "geometry": {
        "type": "Polygon",
        "coordinates": [
          [
            [
              89.533062979,
              22.790895303
            ],
            [
              89.533054639,
              22.790444063
            ],
            [
              89.533541305,
              22.790436329
            ],
            [
              89.533549646,
              22.79088757
            ],
            [
              89.533062979,
              22.790895303
            ]
          ]
        ]
      },
      "properties": {
        "cell_id": "50m_15201_50451",
        "grid_m": 50,
        "projected_area_m2": 2500.0,
        "lon": 89.533302142,
        "lat": 22.790665816,
        "NDVI_S2_median": 0.47540162086486815,
        "vegetation_pct_valid": 80.0,
        "NDVI_2019": 0.5487116932868957,
        "NDVI_2026": 0.47540162086486815,
        "delta_NDVI": -0.07331006854772568,
        "optical_valid_pct": 100,
        "common_valid_pct": 100,
        "S2_nobs": 9.16,
        "valid_10m_pixels": 25,
        "tree_class_pct_2021": 88.0,
        "tree_context_valid_pct": 100,
        "period_start": "2026-03-15",
        "period_end_exclusive": "2026-06-01",
        "veg_ndvi_threshold": 0.35,
        "aggregation": "10m raster values weighted by exact clipped pixel area"
      }
    },
    {
      "type": "Feature",
      "geometry": {
        "type": "Polygon",
        "coordinates": [
          [
            [
              89.533071319,
              22.791346544
            ],
            [
              89.533062979,
              22.790895303
            ],
            [
              89.533549646,
              22.79088757
            ],
            [
              89.533557988,
              22.79133881
            ],
            [
              89.533071319,
              22.791346544
            ]
          ]
        ]
      },
      "properties": {
        "cell_id": "50m_15201_50452",
        "grid_m": 50,
        "projected_area_m2": 2500.0,
        "lon": 89.533310483,
        "lat": 22.791117057,
        "NDVI_S2_median": 0.6358948135375977,
        "vegetation_pct_valid": 96.0,
        "NDVI_2019": 0.6042415821552276,
        "NDVI_2026": 0.6358948135375977,
        "delta_NDVI": 0.03165322344750166,
        "optical_valid_pct": 100,
        "common_valid_pct": 100,
        "S2_nobs": 9.12,
        "valid_10m_pixels": 25,
        "tree_class_pct_2021": 96.0,
        "tree_context_valid_pct": 100,
        "period_start": "2026-03-15",
        "period_end_exclusive": "2026-06-01",
        "veg_ndvi_threshold": 0.35,
        "aggregation": "10m raster values weighted by exact clipped pixel area"
      }
    },
    {
      "type": "Feature",
      "geometry": {
        "type": "Polygon",
        "coordinates": [
          [
            [
              89.53307966,
              22.791797785
            ],
            [
              89.533071319,
              22.791346544
            ],
            [
              89.533557988,
              22.79133881
            ],
            [
              89.53356633,
              22.791790051
            ],
            [
              89.53307966,
              22.791797785
            ]
          ]
        ]
      },
      "properties": {
        "cell_id": "50m_15201_50453",
        "grid_m": 50,
        "projected_area_m2": 2500.0,
        "lon": 89.533318824,
        "lat": 22.791568298,
        "NDVI_S2_median": 0.5764775598049163,
        "vegetation_pct_valid": 100.0,
        "NDVI_2019": 0.6412427937984466,
        "NDVI_2026": 0.5764775598049163,
        "delta_NDVI": -0.06476523204706609,
        "optical_valid_pct": 100,
        "common_valid_pct": 100,
        "S2_nobs": 8.92,
        "valid_10m_pixels": 25,
        "tree_class_pct_2021": 100.0,
        "tree_context_valid_pct": 100,
        "period_start": "2026-03-15",
        "period_end_exclusive": "2026-06-01",
        "veg_ndvi_threshold": 0.35,
        "aggregation": "10m raster values weighted by exact clipped pixel area"
      }
    },
    {
      "type": "Feature",
      "geometry": {
        "type": "Polygon",
        "coordinates": [
          [
            [
              89.533088,
              22.792249025
            ],
            [
              89.53307966,
              22.791797785
            ],
            [
              89.53356633,
              22.791790051
            ],
            [
              89.533574672,
              22.792241291
            ],
            [
              89.533088,
              22.792249025
            ]
          ]
        ]
      },
      "properties": {
        "cell_id": "50m_15201_50454",
        "grid_m": 50,
        "projected_area_m2": 2500.0,
        "lon": 89.533327166,
        "lat": 22.792019538,
        "NDVI_S2_median": 0.4454190230369568,
        "vegetation_pct_valid": 72.0,
        "NDVI_2019": 0.35542022973299026,
        "NDVI_2026": 0.4454190230369568,
        "delta_NDVI": 0.0899987930059433,
        "optical_valid_pct": 100,
        "common_valid_pct": 100,
        "S2_nobs": 8.08,
        "valid_10m_pixels": 25,
        "tree_class_pct_2021": 76.0,
        "tree_context_valid_pct": 100,
        "period_start": "2026-03-15",
        "period_end_exclusive": "2026-06-01",
        "veg_ndvi_threshold": 0.35,
        "aggregation": "10m raster values weighted by exact clipped pixel area"
      }
    },
    {
      "type": "Feature",
      "geometry": {
        "type": "Polygon",
        "coordinates": [
          [
            [
              89.533096341,
              22.792700266
            ],
            [
              89.533088,
              22.792249025
            ],
            [
              89.533574672,
              22.792241291
            ],
            [
              89.533583015,
              22.792692532
            ],
            [
              89.533096341,
              22.792700266
            ]
          ]
        ]
      },
      "properties": {
        "cell_id": "50m_15201_50455",
        "grid_m": 50,
        "projected_area_m2": 2500.0,
        "lon": 89.533335507,
        "lat": 22.792470779,
        "NDVI_S2_median": 0.50440414249897,
        "vegetation_pct_valid": 88.0,
        "NDVI_2019": 0.5108726108074189,
        "NDVI_2026": 0.50440414249897,
        "delta_NDVI": -0.006468469167593867,
        "optical_valid_pct": 100,
        "common_valid_pct": 100,
        "S2_nobs": 8.88,
        "valid_10m_pixels": 25,
        "tree_class_pct_2021": 48.0,
        "tree_context_valid_pct": 100,
        "period_start": "2026-03-15",
        "period_end_exclusive": "2026-06-01",
        "veg_ndvi_threshold": 0.35,
        "aggregation": "10m raster values weighted by exact clipped pixel area"
      }
    },
    {
      "type": "Feature",
      "geometry": {
        "type": "Polygon",
        "coordinates": [
          [
            [
              89.533104682,
              22.793151507
            ],
            [
              89.533096341,
              22.792700266
            ],
            [
              89.533583015,
              22.792692532
            ],
            [
              89.533591357,
              22.793143772
            ],
            [
              89.533104682,
              22.793151507
            ]
          ]
        ]
      },
      "properties": {
        "cell_id": "50m_15201_50456",
        "grid_m": 50,
        "projected_area_m2": 2500.0,
        "lon": 89.533343849,
        "lat": 22.792922019,
        "NDVI_S2_median": 0.5919263446331025,
        "vegetation_pct_valid": 92.0,
        "NDVI_2019": 0.5278282707929611,
        "NDVI_2026": 0.5919263446331025,
        "delta_NDVI": 0.06409807225922122,
        "optical_valid_pct": 100,
        "common_valid_pct": 100,
        "S2_nobs": 9.0,
        "valid_10m_pixels": 25,
        "tree_class_pct_2021": 4.0,
        "tree_context_valid_pct": 100,
        "period_start": "2026-03-15",
        "period_end_exclusive": "2026-06-01",
        "veg_ndvi_threshold": 0.35,
        "aggregation": "10m raster values weighted by exact clipped pixel area"
      }
    },
    {
      "type": "Feature",
      "geometry": {
        "type": "Polygon",
        "coordinates": [
          [
            [
              89.533113023,
              22.793602747
            ],
            [
              89.533104682,
              22.793151507
            ],
            [
              89.533591357,
              22.793143772
            ],
            [
              89.5335997,
              22.793595013
            ],
            [
              89.533113023,
              22.793602747
            ]
          ]
        ]
      },
      "properties": {
        "cell_id": "50m_15201_50457",
        "grid_m": 50,
        "projected_area_m2": 2500.0,
        "lon": 89.533352191,
        "lat": 22.79337326,
        "NDVI_S2_median": 0.6819317674636841,
        "vegetation_pct_valid": 100.0,
        "NDVI_2019": 0.6440432739257812,
        "NDVI_2026": 0.6819317674636841,
        "delta_NDVI": 0.03788849254138768,
        "optical_valid_pct": 100,
        "common_valid_pct": 100,
        "S2_nobs": 8.88,
        "valid_10m_pixels": 25,
        "tree_class_pct_2021": 32.0,
        "tree_context_valid_pct": 100,
        "period_start": "2026-03-15",
        "period_end_exclusive": "2026-06-01",
        "veg_ndvi_threshold": 0.35,
        "aggregation": "10m raster values weighted by exact clipped pixel area"
      }
    },
    {
      "type": "Feature",
      "geometry": {
        "type": "Polygon",
        "coordinates": [
          [
            [
              89.533121365,
              22.794053988
            ],
            [
              89.533113023,
              22.793602747
            ],
            [
              89.5335997,
              22.793595013
            ],
            [
              89.533608043,
              22.794046253
            ],
            [
              89.533121365,
              22.794053988
            ]
          ]
        ]
      },
      "properties": {
        "cell_id": "50m_15201_50458",
        "grid_m": 50,
        "projected_area_m2": 2500.0,
        "lon": 89.533360533,
        "lat": 22.7938245,
        "NDVI_S2_median": 0.6140991878509522,
        "vegetation_pct_valid": 100.0,
        "NDVI_2019": 0.7425996255874634,
        "NDVI_2026": 0.6140991878509522,
        "delta_NDVI": -0.12850044148042797,
        "optical_valid_pct": 100,
        "common_valid_pct": 100,
        "S2_nobs": 9.0,
        "valid_10m_pixels": 25,
        "tree_class_pct_2021": 100.0,
        "tree_context_valid_pct": 100,
        "period_start": "2026-03-15",
        "period_end_exclusive": "2026-06-01",
        "veg_ndvi_threshold": 0.35,
        "aggregation": "10m raster values weighted by exact clipped pixel area"
      }
    },
    {
      "type": "Feature",
      "geometry": {
        "type": "Polygon",
        "coordinates": [
          [
            [
              89.533129706,
              22.794505228
            ],
            [
              89.533121365,
              22.794053988
            ],
            [
              89.533608043,
              22.794046253
            ],
            [
              89.533616386,
              22.794497493
            ],
            [
              89.533129706,
              22.794505228
            ]
          ]
        ]
      },
      "properties": {
        "cell_id": "50m_15201_50459",
        "grid_m": 50,
        "projected_area_m2": 2500.0,
        "lon": 89.533368875,
        "lat": 22.794275741,
        "NDVI_S2_median": 0.5499575340747833,
        "vegetation_pct_valid": 88.0,
        "NDVI_2019": 0.691777982711792,
        "NDVI_2026": 0.5499575340747833,
        "delta_NDVI": -0.14182045057415962,
        "optical_valid_pct": 100,
        "common_valid_pct": 100,
        "S2_nobs": 9.0,
        "valid_10m_pixels": 25,
        "tree_class_pct_2021": 68.0,
        "tree_context_valid_pct": 100,
        "period_start": "2026-03-15",
        "period_end_exclusive": "2026-06-01",
        "veg_ndvi_threshold": 0.35,
        "aggregation": "10m raster values weighted by exact clipped pixel area"
      }
    },
    {
      "type": "Feature",
      "geometry": {
        "type": "Polygon",
        "coordinates": [
          [
            [
              89.533138048,
              22.794956469
            ],
            [
              89.533129706,
              22.794505228
            ],
            [
              89.533616386,
              22.794497493
            ],
            [
              89.53362473,
              22.794948734
            ],
            [
              89.533138048,
              22.794956469
            ]
          ]
        ]
      },
      "properties": {
        "cell_id": "50m_15201_50460",
        "grid_m": 50,
        "projected_area_m2": 2500.0,
        "lon": 89.533377218,
        "lat": 22.794726981,
        "NDVI_S2_median": 0.6178253376483918,
        "vegetation_pct_valid": 88.0,
        "NDVI_2019": 0.6665441298484802,
        "NDVI_2026": 0.6178253376483918,
        "delta_NDVI": -0.048718790113925936,
        "optical_valid_pct": 100,
        "common_valid_pct": 100,
        "S2_nobs": 9.24,
        "valid_10m_pixels": 25,
        "tree_class_pct_2021": 88.0,
        "tree_context_valid_pct": 100,
        "period_start": "2026-03-15",
        "period_end_exclusive": "2026-06-01",
        "veg_ndvi_threshold": 0.35,
        "aggregation": "10m raster values weighted by exact clipped pixel area"
      }
    },
    {
      "type": "Feature",
      "geometry": {
        "type": "Polygon",
        "coordinates": [
          [
            [
              89.53314639,
              22.795407709
            ],
            [
              89.533138048,
              22.794956469
            ],
            [
              89.53362473,
              22.794948734
            ],
            [
              89.533633073,
              22.795399974
            ],
            [
              89.53314639,
              22.795407709
            ]
          ]
        ]
      },
      "properties": {
        "cell_id": "50m_15201_50461",
        "grid_m": 50,
        "projected_area_m2": 2500.0,
        "lon": 89.53338556,
        "lat": 22.795178222,
        "NDVI_S2_median": 0.665278582572937,
        "vegetation_pct_valid": 100.0,
        "NDVI_2019": 0.7027891635894775,
        "NDVI_2026": 0.665278582572937,
        "delta_NDVI": -0.03751057347282767,
        "optical_valid_pct": 100,
        "common_valid_pct": 100,
        "S2_nobs": 10.0,
        "valid_10m_pixels": 25,
        "tree_class_pct_2021": 48.0,
        "tree_context_valid_pct": 100,
        "period_start": "2026-03-15",
        "period_end_exclusive": "2026-06-01",
        "veg_ndvi_threshold": 0.35,
        "aggregation": "10m raster values weighted by exact clipped pixel area"
      }
    },
    {
      "type": "Feature",
      "geometry": {
        "type": "Polygon",
        "coordinates": [
          [
            [
              89.533154732,
              22.79585895
            ],
            [
              89.53314639,
              22.795407709
            ],
            [
              89.533633073,
              22.795399974
            ],
            [
              89.533641417,
              22.795851214
            ],
            [
              89.533154732,
              22.79585895
            ]
          ]
        ]
      },
      "properties": {
        "cell_id": "50m_15201_50462",
        "grid_m": 50,
        "projected_area_m2": 2500.0,
        "lon": 89.533393903,
        "lat": 22.795629462,
        "NDVI_S2_median": 0.4843363523483276,
        "vegetation_pct_valid": 76.0,
        "NDVI_2019": 0.637142481803894,
        "NDVI_2026": 0.4843363523483276,
        "delta_NDVI": -0.1528061304986477,
        "optical_valid_pct": 100,
        "common_valid_pct": 100,
        "S2_nobs": 10.0,
        "valid_10m_pixels": 25,
        "tree_class_pct_2021": 100.0,
        "tree_context_valid_pct": 100,
        "period_start": "2026-03-15",
        "period_end_exclusive": "2026-06-01",
        "veg_ndvi_threshold": 0.35,
        "aggregation": "10m raster values weighted by exact clipped pixel area"
      }
    },
    {
      "type": "Feature",
      "geometry": {
        "type": "Polygon",
        "coordinates": [
          [
            [
              89.533163075,
              22.79631019
            ],
            [
              89.533154732,
              22.79585895
            ],
            [
              89.533641417,
              22.795851214
            ],
            [
              89.533649761,
              22.796302455
            ],
            [
              89.533163075,
              22.79631019
            ]
          ]
        ]
      },
      "properties": {
        "cell_id": "50m_15201_50463",
        "grid_m": 50,
        "projected_area_m2": 2500.0,
        "lon": 89.533402246,
        "lat": 22.796080702,
        "NDVI_S2_median": 0.4709602677822113,
        "vegetation_pct_valid": 76.0,
        "NDVI_2019": 0.4489049917459488,
        "NDVI_2026": 0.4709602677822113,
        "delta_NDVI": 0.022055275812745093,
        "optical_valid_pct": 100,
        "common_valid_pct": 100,
        "S2_nobs": 10.0,
        "valid_10m_pixels": 25,
        "tree_class_pct_2021": 60.0,
        "tree_context_valid_pct": 100,
        "period_start": "2026-03-15",
        "period_end_exclusive": "2026-06-01",
        "veg_ndvi_threshold": 0.35,
        "aggregation": "10m raster values weighted by exact clipped pixel area"
      }
    },
    {
      "type": "Feature",
      "geometry": {
        "type": "Polygon",
        "coordinates": [
          [
            [
              89.533171417,
              22.796761431
            ],
            [
              89.533163075,
              22.79631019
            ],
            [
              89.533649761,
              22.796302455
            ],
            [
              89.533658106,
              22.796753695
            ],
            [
              89.533171417,
              22.796761431
            ]
          ]
        ]
      },
      "properties": {
        "cell_id": "50m_15201_50464",
        "grid_m": 50,
        "projected_area_m2": 2500.0,
        "lon": 89.53341059,
        "lat": 22.796531943,
        "NDVI_S2_median": 0.4784076511859894,
        "vegetation_pct_valid": 84.0,
        "NDVI_2019": 0.589905207157135,
        "NDVI_2026": 0.4784076511859894,
        "delta_NDVI": -0.1114975623600185,
        "optical_valid_pct": 100,
        "common_valid_pct": 100,
        "S2_nobs": 10.0,
        "valid_10m_pixels": 25,
        "tree_class_pct_2021": 52.0,
        "tree_context_valid_pct": 100,
        "period_start": "2026-03-15",
        "period_end_exclusive": "2026-06-01",
        "veg_ndvi_threshold": 0.35,
        "aggregation": "10m raster values weighted by exact clipped pixel area"
      }
    },
    {
      "type": "Feature",
      "geometry": {
        "type": "Polygon",
        "coordinates": [
          [
            [
              89.53317976,
              22.797212671
            ],
            [
              89.533171417,
              22.796761431
            ],
            [
              89.533658106,
              22.796753695
            ],
            [
              89.53366645,
              22.797204935
            ],
            [
              89.53317976,
              22.797212671
            ]
          ]
        ]
      },
      "properties": {
        "cell_id": "50m_15201_50465",
        "grid_m": 50,
        "projected_area_m2": 2500.0,
        "lon": 89.533418933,
        "lat": 22.796983183,
        "NDVI_S2_median": 0.4104999524354935,
        "vegetation_pct_valid": 64.0,
        "NDVI_2019": 0.4438648784160614,
        "NDVI_2026": 0.4104999524354935,
        "delta_NDVI": -0.033364925466885326,
        "optical_valid_pct": 100,
        "common_valid_pct": 100,
        "S2_nobs": 10.0,
        "valid_10m_pixels": 25,
        "tree_class_pct_2021": 48.0,
        "tree_context_valid_pct": 100,
        "period_start": "2026-03-15",
        "period_end_exclusive": "2026-06-01",
        "veg_ndvi_threshold": 0.35,
        "aggregation": "10m raster values weighted by exact clipped pixel area"
      }
    },
    {
      "type": "Feature",
      "geometry": {
        "type": "Polygon",
        "coordinates": [
          [
            [
              89.533188103,
              22.797663911
            ],
            [
              89.53317976,
              22.797212671
            ],
            [
              89.53366645,
              22.797204935
            ],
            [
              89.533674795,
              22.797656175
            ],
            [
              89.533188103,
              22.797663911
            ]
          ]
        ]
      },
      "properties": {
        "cell_id": "50m_15201_50466",
        "grid_m": 50,
        "projected_area_m2": 2500.0,
        "lon": 89.533427277,
        "lat": 22.797434423,
        "NDVI_S2_median": 0.22883365005254747,
        "vegetation_pct_valid": 20.0,
        "NDVI_2019": 0.38797289788722994,
        "NDVI_2026": 0.22883365005254747,
        "delta_NDVI": -0.15913924496620893,
        "optical_valid_pct": 100,
        "common_valid_pct": 100,
        "S2_nobs": 10.0,
        "valid_10m_pixels": 25,
        "tree_class_pct_2021": 28.000000000000004,
        "tree_context_valid_pct": 100,
        "period_start": "2026-03-15",
        "period_end_exclusive": "2026-06-01",
        "veg_ndvi_threshold": 0.35,
        "aggregation": "10m raster values weighted by exact clipped pixel area"
      }
    },
    {
      "type": "Feature",
      "geometry": {
        "type": "Polygon",
        "coordinates": [
          [
            [
              89.533196447,
              22.798115152
            ],
            [
              89.533188103,
              22.797663911
            ],
            [
              89.533674795,
              22.797656175
            ],
            [
              89.53368314,
              22.798107415
            ],
            [
              89.533196447,
              22.798115152
            ]
          ]
        ]
      },
      "properties": {
        "cell_id": "50m_15201_50467",
        "grid_m": 50,
        "projected_area_m2": 2500.0,
        "lon": 89.533435621,
        "lat": 22.797885663,
        "NDVI_S2_median": 0.5787417161464691,
        "vegetation_pct_valid": 100.0,
        "NDVI_2019": 0.4391633301973343,
        "NDVI_2026": 0.5787417161464691,
        "delta_NDVI": 0.13957839123904706,
        "optical_valid_pct": 100,
        "common_valid_pct": 100,
        "S2_nobs": 10.0,
        "valid_10m_pixels": 25,
        "tree_class_pct_2021": 60.0,
        "tree_context_valid_pct": 100,
        "period_start": "2026-03-15",
        "period_end_exclusive": "2026-06-01",
        "veg_ndvi_threshold": 0.35,
        "aggregation": "10m raster values weighted by exact clipped pixel area"
      }
    },
    {
      "type": "Feature",
      "geometry": {
        "type": "Polygon",
        "coordinates": [
          [
            [
              89.53320479,
              22.798566392
            ],
            [
              89.533196447,
              22.798115152
            ],
            [
              89.53368314,
              22.798107415
            ],
            [
              89.533691485,
              22.798558655
            ],
            [
              89.53320479,
              22.798566392
            ]
          ]
        ]
      },
      "properties": {
        "cell_id": "50m_15201_50468",
        "grid_m": 50,
        "projected_area_m2": 2500.0,
        "lon": 89.533443965,
        "lat": 22.798336904,
        "NDVI_S2_median": 0.48934721410274507,
        "vegetation_pct_valid": 76.0,
        "NDVI_2019": 0.38369749426841737,
        "NDVI_2026": 0.48934721410274507,
        "delta_NDVI": 0.10564972246065736,
        "optical_valid_pct": 100,
        "common_valid_pct": 100,
        "S2_nobs": 10.0,
        "valid_10m_pixels": 25,
        "tree_class_pct_2021": 52.0,
        "tree_context_valid_pct": 100,
        "period_start": "2026-03-15",
        "period_end_exclusive": "2026-06-01",
        "veg_ndvi_threshold": 0.35,
        "aggregation": "10m raster values weighted by exact clipped pixel area"
      }
    },
    {
      "type": "Feature",
      "geometry": {
        "type": "Polygon",
        "coordinates": [
          [
            [
              89.533213134,
              22.799017632
            ],
            [
              89.53320479,
              22.798566392
            ],
            [
              89.533691485,
              22.798558655
            ],
            [
              89.53369983,
              22.799009895
            ],
            [
              89.533213134,
              22.799017632
            ]
          ]
        ]
      },
      "properties": {
        "cell_id": "50m_15201_50469",
        "grid_m": 50,
        "projected_area_m2": 2500.0,
        "lon": 89.53345231,
        "lat": 22.798788144,
        "NDVI_S2_median": 0.252684669457376,
        "vegetation_pct_valid": 24.0,
        "NDVI_2019": 0.39580982804298404,
        "NDVI_2026": 0.252684669457376,
        "delta_NDVI": -0.143125159740448,
        "optical_valid_pct": 100,
        "common_valid_pct": 100,
        "S2_nobs": 10.0,
        "valid_10m_pixels": 25,
        "tree_class_pct_2021": 16.0,
        "tree_context_valid_pct": 100,
        "period_start": "2026-03-15",
        "period_end_exclusive": "2026-06-01",
        "veg_ndvi_threshold": 0.35,
        "aggregation": "10m raster values weighted by exact clipped pixel area"
      }
    },
    {
      "type": "Feature",
      "geometry": {
        "type": "Polygon",
        "coordinates": [
          [
            [
              89.533213134,
              22.799017632
            ],
            [
              89.53369983,
              22.799009895
            ],
            [
              89.533708176,
              22.799461135
            ],
            [
              89.533525818,
              22.799464034
            ],
            [
              89.533220226,
              22.799401172
            ],
            [
              89.533213134,
              22.799017632
            ]
          ]
        ]
      },
      "properties": {
        "cell_id": "50m_15201_50470",
        "grid_m": 50,
        "projected_area_m2": 2382.727994510442,
        "lon": 89.533460654,
        "lat": 22.799239384,
        "NDVI_S2_median": 0.2356656538846141,
        "vegetation_pct_valid": 20.267534570580644,
        "NDVI_2019": 0.39009701873168195,
        "NDVI_2026": 0.2356656538846141,
        "delta_NDVI": -0.15443136049088949,
        "optical_valid_pct": 99.9999999999329,
        "common_valid_pct": 99.9999999999329,
        "S2_nobs": 9.75543662732306,
        "valid_10m_pixels": 25,
        "tree_class_pct_2021": 20.25946711589918,
        "tree_context_valid_pct": 99.9999999999329,
        "period_start": "2026-03-15",
        "period_end_exclusive": "2026-06-01",
        "veg_ndvi_threshold": 0.35,
        "aggregation": "10m raster values weighted by exact clipped pixel area"
      }
    },
    {
      "type": "Feature",
      "geometry": {
        "type": "Polygon",
        "coordinates": [
          [
            [
              89.533708176,
              22.799461135
            ],
            [
              89.533708926,
              22.799501701
            ],
            [
              89.533525818,
              22.799464034
            ],
            [
              89.533708176,
              22.799461135
            ]
          ]
        ]
      },
      "properties": {
        "cell_id": "50m_15201_50471",
        "grid_m": 50,
        "projected_area_m2": 42.10393510594498,
        "lon": 89.533617372,
        "lat": 22.799482868,
        "NDVI_S2_median": 0.42107345455219014,
        "vegetation_pct_valid": 78.26428656983173,
        "NDVI_2019": 0.7184585979837819,
        "NDVI_2026": 0.42107345455219014,
        "delta_NDVI": -0.29738512010701684,
        "optical_valid_pct": 100,
        "common_valid_pct": 100,
        "S2_nobs": 9.0,
        "valid_10m_pixels": 2,
        "tree_class_pct_2021": 100.0,
        "tree_context_valid_pct": 100,
        "period_start": "2026-03-15",
        "period_end_exclusive": "2026-06-01",
        "veg_ndvi_threshold": 0.35,
        "aggregation": "10m raster values weighted by exact clipped pixel area"
      }
    },
    {
      "type": "Feature",
      "geometry": {
        "type": "Polygon",
        "coordinates": [
          [
            [
              89.533817989,
              22.788175066
            ],
            [
              89.533859967,
              22.788094145
            ],
            [
              89.533982439,
              22.787965835
            ],
            [
              89.533986258,
              22.788172392
            ],
            [
              89.533817989,
              22.788175066
            ]
          ]
        ]
      },
      "properties": {
        "cell_id": "50m_15202_50445",
        "grid_m": 50,
        "projected_area_m2": 223.59000088857283,
        "lon": 89.533900214,
        "lat": 22.788070451,
        "NDVI_S2_median": 0.6943797889786734,
        "vegetation_pct_valid": 100.0,
        "NDVI_2019": 0.7326988458859417,
        "NDVI_2026": 0.6943797889786734,
        "delta_NDVI": -0.038319052710843765,
        "optical_valid_pct": 99.99999999937906,
        "common_valid_pct": 99.99999999937906,
        "S2_nobs": 7.762452087179862,
        "valid_10m_pixels": 5,
        "tree_class_pct_2021": 100.0,
        "tree_context_valid_pct": 99.99999999937906,
        "period_start": "2026-03-15",
        "period_end_exclusive": "2026-06-01",
        "veg_ndvi_threshold": 0.35,
        "aggregation": "10m raster values weighted by exact clipped pixel area"
      }
    },
    {
      "type": "Feature",
      "geometry": {
        "type": "Polygon",
        "coordinates": [
          [
            [
              89.533581894,
              22.788630191
            ],
            [
              89.533817989,
              22.788175066
            ],
            [
              89.533986258,
              22.788172392
            ],
            [
              89.5339946,
              22.788623632
            ],
            [
              89.533581894,
              22.788630191
            ]
          ]
        ]
      },
      "properties": {
        "cell_id": "50m_15202_50446",
        "grid_m": 50,
        "projected_area_m2": 1492.2560543462168,
        "lon": 89.533784076,
        "lat": 22.788401292,
        "NDVI_S2_median": 0.542351430174226,
        "vegetation_pct_valid": 89.73949277838926,
        "NDVI_2019": 0.5697812135447932,
        "NDVI_2026": 0.542351430174226,
        "delta_NDVI": -0.027429782310653406,
        "optical_valid_pct": 100,
        "common_valid_pct": 100,
        "S2_nobs": 7.798676349532182,
        "valid_10m_pixels": 19,
        "tree_class_pct_2021": 29.725279333040007,
        "tree_context_valid_pct": 100,
        "period_start": "2026-03-15",
        "period_end_exclusive": "2026-06-01",
        "veg_ndvi_threshold": 0.35,
        "aggregation": "10m raster values weighted by exact clipped pixel area"
      }
    },
    {
      "type": "Feature",
      "geometry": {
        "type": "Polygon",
        "coordinates": [
          [
            [
              89.533516282,
              22.789082607
            ],
            [
              89.533510464,
              22.788767886
            ],
            [
              89.533581894,
              22.788630191
            ],
            [
              89.5339946,
              22.788623632
            ],
            [
              89.534002942,
              22.789074873
            ],
            [
              89.533516282,
              22.789082607
            ]
          ]
        ]
      },
      "properties": {
        "cell_id": "50m_15202_50447",
        "grid_m": 50,
        "projected_area_m2": 2442.5321269044753,
        "lon": 89.533755441,
        "lat": 22.78885312,
        "NDVI_S2_median": 0.6150341059385808,
        "vegetation_pct_valid": 95.90588803731646,
        "NDVI_2019": 0.5758726559774178,
        "NDVI_2026": 0.6150341059385808,
        "delta_NDVI": 0.03916145375454132,
        "optical_valid_pct": 100,
        "common_valid_pct": 100,
        "S2_nobs": 8.0,
        "valid_10m_pixels": 25,
        "tree_class_pct_2021": 50.87065644779746,
        "tree_context_valid_pct": 100,
        "period_start": "2026-03-15",
        "period_end_exclusive": "2026-06-01",
        "veg_ndvi_threshold": 0.35,
        "aggregation": "10m raster values weighted by exact clipped pixel area"
      }
    },
    {
      "type": "Feature",
      "geometry": {
        "type": "Polygon",
        "coordinates": [
          [
            [
              89.533524623,
              22.789533848
            ],
            [
              89.533516282,
              22.789082607
            ],
            [
              89.534002942,
              22.789074873
            ],
            [
              89.534011285,
              22.789526113
            ],
            [
              89.533524623,
              22.789533848
            ]
          ]
        ]
      },
      "properties": {
        "cell_id": "50m_15202_50448",
        "grid_m": 50,
        "projected_area_m2": 2500.0,
        "lon": 89.533763783,
        "lat": 22.78930436,
        "NDVI_S2_median": 0.5121788638830185,
        "vegetation_pct_valid": 84.0,
        "NDVI_2019": 0.5059344470500946,
        "NDVI_2026": 0.5121788638830185,
        "delta_NDVI": 0.006244416539557278,
        "optical_valid_pct": 100,
        "common_valid_pct": 100,
        "S2_nobs": 8.0,
        "valid_10m_pixels": 25,
        "tree_class_pct_2021": 16.0,
        "tree_context_valid_pct": 100,
        "period_start": "2026-03-15",
        "period_end_exclusive": "2026-06-01",
        "veg_ndvi_threshold": 0.35,
        "aggregation": "10m raster values weighted by exact clipped pixel area"
      }
    },
    {
      "type": "Feature",
      "geometry": {
        "type": "Polygon",
        "coordinates": [
          [
            [
              89.533532964,
              22.789985089
            ],
            [
              89.533524623,
              22.789533848
            ],
            [
              89.534011285,
              22.789526113
            ],
            [
              89.534019627,
              22.789977354
            ],
            [
              89.533532964,
              22.789985089
            ]
          ]
        ]
      },
      "properties": {
        "cell_id": "50m_15202_50449",
        "grid_m": 50,
        "projected_area_m2": 2500.0,
        "lon": 89.533772125,
        "lat": 22.789755601,
        "NDVI_S2_median": 0.4183023339509964,
        "vegetation_pct_valid": 64.0,
        "NDVI_2019": 0.4789893090724945,
        "NDVI_2026": 0.4183023339509964,
        "delta_NDVI": -0.060686974581331016,
        "optical_valid_pct": 100,
        "common_valid_pct": 100,
        "S2_nobs": 7.96,
        "valid_10m_pixels": 25,
        "tree_class_pct_2021": 56.00000000000001,
        "tree_context_valid_pct": 100,
        "period_start": "2026-03-15",
        "period_end_exclusive": "2026-06-01",
        "veg_ndvi_threshold": 0.35,
        "aggregation": "10m raster values weighted by exact clipped pixel area"
      }
    },
    {
      "type": "Feature",
      "geometry": {
        "type": "Polygon",
        "coordinates": [
          [
            [
              89.533541305,
              22.790436329
            ],
            [
              89.533532964,
              22.789985089
            ],
            [
              89.534019627,
              22.789977354
            ],
            [
              89.53402797,
              22.790428594
            ],
            [
              89.533541305,
              22.790436329
            ]
          ]
        ]
      },
      "properties": {
        "cell_id": "50m_15202_50450",
        "grid_m": 50,
        "projected_area_m2": 2500.0,
        "lon": 89.533780467,
        "lat": 22.790206842,
        "NDVI_S2_median": 0.5361157876253128,
        "vegetation_pct_valid": 80.0,
        "NDVI_2019": 0.4843952429294586,
        "NDVI_2026": 0.5361157876253128,
        "delta_NDVI": 0.051720548067241905,
        "optical_valid_pct": 100,
        "common_valid_pct": 100,
        "S2_nobs": 8.56,
        "valid_10m_pixels": 25,
        "tree_class_pct_2021": 80.0,
        "tree_context_valid_pct": 100,
        "period_start": "2026-03-15",
        "period_end_exclusive": "2026-06-01",
        "veg_ndvi_threshold": 0.35,
        "aggregation": "10m raster values weighted by exact clipped pixel area"
      }
    },
    {
      "type": "Feature",
      "geometry": {
        "type": "Polygon",
        "coordinates": [
          [
            [
              89.533549646,
              22.79088757
            ],
            [
              89.533541305,
              22.790436329
            ],
            [
              89.53402797,
              22.790428594
            ],
            [
              89.534036314,
              22.790879835
            ],
            [
              89.533549646,
              22.79088757
            ]
          ]
        ]
      },
      "properties": {
        "cell_id": "50m_15202_50451",
        "grid_m": 50,
        "projected_area_m2": 2500.0,
        "lon": 89.533788809,
        "lat": 22.790658082,
        "NDVI_S2_median": 0.6479094207286835,
        "vegetation_pct_valid": 96.0,
        "NDVI_2019": 0.5819687020778656,
        "NDVI_2026": 0.6479094207286835,
        "delta_NDVI": 0.06594071995001287,
        "optical_valid_pct": 100,
        "common_valid_pct": 100,
        "S2_nobs": 9.32,
        "valid_10m_pixels": 25,
        "tree_class_pct_2021": 48.0,
        "tree_context_valid_pct": 100,
        "period_start": "2026-03-15",
        "period_end_exclusive": "2026-06-01",
        "veg_ndvi_threshold": 0.35,
        "aggregation": "10m raster values weighted by exact clipped pixel area"
      }
    },
    {
      "type": "Feature",
      "geometry": {
        "type": "Polygon",
        "coordinates": [
          [
            [
              89.533557988,
              22.79133881
            ],
            [
              89.533549646,
              22.79088757
            ],
            [
              89.534036314,
              22.790879835
            ],
            [
              89.534044657,
              22.791331075
            ],
            [
              89.533557988,
              22.79133881
            ]
          ]
        ]
      },
      "properties": {
        "cell_id": "50m_15202_50452",
        "grid_m": 50,
        "projected_area_m2": 2500.0,
        "lon": 89.533797151,
        "lat": 22.791109323,
        "NDVI_S2_median": 0.6151123750209808,
        "vegetation_pct_valid": 100.0,
        "NDVI_2019": 0.6265286993980408,
        "NDVI_2026": 0.6151123750209808,
        "delta_NDVI": -0.011416329499334098,
        "optical_valid_pct": 100,
        "common_valid_pct": 100,
        "S2_nobs": 9.92,
        "valid_10m_pixels": 25,
        "tree_class_pct_2021": 96.0,
        "tree_context_valid_pct": 100,
        "period_start": "2026-03-15",
        "period_end_exclusive": "2026-06-01",
        "veg_ndvi_threshold": 0.35,
        "aggregation": "10m raster values weighted by exact clipped pixel area"
      }
    },
    {
      "type": "Feature",
      "geometry": {
        "type": "Polygon",
        "coordinates": [
          [
            [
              89.53356633,
              22.791790051
            ],
            [
              89.533557988,
              22.79133881
            ],
            [
              89.534044657,
              22.791331075
            ],
            [
              89.534053,
              22.791782315
            ],
            [
              89.53356633,
              22.791790051
            ]
          ]
        ]
      },
      "properties": {
        "cell_id": "50m_15202_50453",
        "grid_m": 50,
        "projected_area_m2": 2500.0,
        "lon": 89.533805494,
        "lat": 22.791560563,
        "NDVI_S2_median": 0.571943405866623,
        "vegetation_pct_valid": 96.0,
        "NDVI_2019": 0.5889825880527496,
        "NDVI_2026": 0.571943405866623,
        "delta_NDVI": -0.017039189171046017,
        "optical_valid_pct": 100,
        "common_valid_pct": 100,
        "S2_nobs": 9.6,
        "valid_10m_pixels": 25,
        "tree_class_pct_2021": 100.0,
        "tree_context_valid_pct": 100,
        "period_start": "2026-03-15",
        "period_end_exclusive": "2026-06-01",
        "veg_ndvi_threshold": 0.35,
        "aggregation": "10m raster values weighted by exact clipped pixel area"
      }
    },
    {
      "type": "Feature",
      "geometry": {
        "type": "Polygon",
        "coordinates": [
          [
            [
              89.533574672,
              22.792241291
            ],
            [
              89.53356633,
              22.791790051
            ],
            [
              89.534053,
              22.791782315
            ],
            [
              89.534061344,
              22.792233556
            ],
            [
              89.533574672,
              22.792241291
            ]
          ]
        ]
      },
      "properties": {
        "cell_id": "50m_15202_50454",
        "grid_m": 50,
        "projected_area_m2": 2500.0,
        "lon": 89.533813837,
        "lat": 22.792011803,
        "NDVI_S2_median": 0.4940248441696167,
        "vegetation_pct_valid": 72.0,
        "NDVI_2019": 0.4285677492618561,
        "NDVI_2026": 0.4940248441696167,
        "delta_NDVI": 0.06545709213241935,
        "optical_valid_pct": 100,
        "common_valid_pct": 100,
        "S2_nobs": 9.0,
        "valid_10m_pixels": 25,
        "tree_class_pct_2021": 72.0,
        "tree_context_valid_pct": 100,
        "period_start": "2026-03-15",
        "period_end_exclusive": "2026-06-01",
        "veg_ndvi_threshold": 0.35,
        "aggregation": "10m raster values weighted by exact clipped pixel area"
      }
    },
    {
      "type": "Feature",
      "geometry": {
        "type": "Polygon",
        "coordinates": [
          [
            [
              89.533583015,
              22.792692532
            ],
            [
              89.533574672,
              22.792241291
            ],
            [
              89.534061344,
              22.792233556
            ],
            [
              89.534069688,
              22.792684796
            ],
            [
              89.533583015,
              22.792692532
            ]
          ]
        ]
      },
      "properties": {
        "cell_id": "50m_15202_50455",
        "grid_m": 50,
        "projected_area_m2": 2500.0,
        "lon": 89.53382218,
        "lat": 22.792463044,
        "NDVI_S2_median": 0.5210706865787507,
        "vegetation_pct_valid": 100.0,
        "NDVI_2019": 0.5308965790271759,
        "NDVI_2026": 0.5210706865787507,
        "delta_NDVI": -0.009825895093381404,
        "optical_valid_pct": 100,
        "common_valid_pct": 100,
        "S2_nobs": 9.0,
        "valid_10m_pixels": 25,
        "tree_class_pct_2021": 60.0,
        "tree_context_valid_pct": 100,
        "period_start": "2026-03-15",
        "period_end_exclusive": "2026-06-01",
        "veg_ndvi_threshold": 0.35,
        "aggregation": "10m raster values weighted by exact clipped pixel area"
      }
    },
    {
      "type": "Feature",
      "geometry": {
        "type": "Polygon",
        "coordinates": [
          [
            [
              89.533591357,
              22.793143772
            ],
            [
              89.533583015,
              22.792692532
            ],
            [
              89.534069688,
              22.792684796
            ],
            [
              89.534078032,
              22.793136036
            ],
            [
              89.533591357,
              22.793143772
            ]
          ]
        ]
      },
      "properties": {
        "cell_id": "50m_15202_50456",
        "grid_m": 50,
        "projected_area_m2": 2500.0,
        "lon": 89.533830523,
        "lat": 22.792914284,
        "NDVI_S2_median": 0.44201416343450545,
        "vegetation_pct_valid": 64.0,
        "NDVI_2019": 0.4834557694196701,
        "NDVI_2026": 0.44201416343450545,
        "delta_NDVI": -0.04144160397350788,
        "optical_valid_pct": 100,
        "common_valid_pct": 100,
        "S2_nobs": 8.6,
        "valid_10m_pixels": 25,
        "tree_class_pct_2021": 44.0,
        "tree_context_valid_pct": 100,
        "period_start": "2026-03-15",
        "period_end_exclusive": "2026-06-01",
        "veg_ndvi_threshold": 0.35,
        "aggregation": "10m raster values weighted by exact clipped pixel area"
      }
    },
    {
      "type": "Feature",
      "geometry": {
        "type": "Polygon",
        "coordinates": [
          [
            [
              89.5335997,
              22.793595013
            ],
            [
              89.533591357,
              22.793143772
            ],
            [
              89.534078032,
              22.793136036
            ],
            [
              89.534086377,
              22.793587276
            ],
            [
              89.5335997,
              22.793595013
            ]
          ]
        ]
      },
      "properties": {
        "cell_id": "50m_15202_50457",
        "grid_m": 50,
        "projected_area_m2": 2500.0,
        "lon": 89.533838867,
        "lat": 22.793365525,
        "NDVI_S2_median": 0.7205261206626892,
        "vegetation_pct_valid": 100.0,
        "NDVI_2019": 0.6239850115776062,
        "NDVI_2026": 0.7205261206626892,
        "delta_NDVI": 0.09654110309667885,
        "optical_valid_pct": 100,
        "common_valid_pct": 100,
        "S2_nobs": 8.0,
        "valid_10m_pixels": 25,
        "tree_class_pct_2021": 68.0,
        "tree_context_valid_pct": 100,
        "period_start": "2026-03-15",
        "period_end_exclusive": "2026-06-01",
        "veg_ndvi_threshold": 0.35,
        "aggregation": "10m raster values weighted by exact clipped pixel area"
      }
    },
    {
      "type": "Feature",
      "geometry": {
        "type": "Polygon",
        "coordinates": [
          [
            [
              89.533608043,
              22.794046253
            ],
            [
              89.5335997,
              22.793595013
            ],
            [
              89.534086377,
              22.793587276
            ],
            [
              89.534094721,
              22.794038517
            ],
            [
              89.533608043,
              22.794046253
            ]
          ]
        ]
      },
      "properties": {
        "cell_id": "50m_15202_50458",
        "grid_m": 50,
        "projected_area_m2": 2500.0,
        "lon": 89.53384721,
        "lat": 22.793816765,
        "NDVI_S2_median": 0.6054996502399445,
        "vegetation_pct_valid": 96.0,
        "NDVI_2019": 0.7072853469848632,
        "NDVI_2026": 0.6054996502399445,
        "delta_NDVI": -0.10178569864481687,
        "optical_valid_pct": 100,
        "common_valid_pct": 100,
        "S2_nobs": 8.84,
        "valid_10m_pixels": 25,
        "tree_class_pct_2021": 100.0,
        "tree_context_valid_pct": 100,
        "period_start": "2026-03-15",
        "period_end_exclusive": "2026-06-01",
        "veg_ndvi_threshold": 0.35,
        "aggregation": "10m raster values weighted by exact clipped pixel area"
      }
    },
    {
      "type": "Feature",
      "geometry": {
        "type": "Polygon",
        "coordinates": [
          [
            [
              89.533616386,
              22.794497493
            ],
            [
              89.533608043,
              22.794046253
            ],
            [
              89.534094721,
              22.794038517
            ],
            [
              89.534103066,
              22.794489757
            ],
            [
              89.533616386,
              22.794497493
            ]
          ]
        ]
      },
      "properties": {
        "cell_id": "50m_15202_50459",
        "grid_m": 50,
        "projected_area_m2": 2500.0,
        "lon": 89.533855554,
        "lat": 22.794268005,
        "NDVI_S2_median": 0.5250621569156647,
        "vegetation_pct_valid": 92.0,
        "NDVI_2019": 0.5065627872943879,
        "NDVI_2026": 0.5250621569156647,
        "delta_NDVI": 0.01849936807528138,
        "optical_valid_pct": 100,
        "common_valid_pct": 100,
        "S2_nobs": 9.24,
        "valid_10m_pixels": 25,
        "tree_class_pct_2021": 72.0,
        "tree_context_valid_pct": 100,
        "period_start": "2026-03-15",
        "period_end_exclusive": "2026-06-01",
        "veg_ndvi_threshold": 0.35,
        "aggregation": "10m raster values weighted by exact clipped pixel area"
      }
    },
    {
      "type": "Feature",
      "geometry": {
        "type": "Polygon",
        "coordinates": [
          [
            [
              89.53362473,
              22.794948734
            ],
            [
              89.533616386,
              22.794497493
            ],
            [
              89.534103066,
              22.794489757
            ],
            [
              89.534111411,
              22.794940997
            ],
            [
              89.53362473,
              22.794948734
            ]
          ]
        ]
      },
      "properties": {
        "cell_id": "50m_15202_50460",
        "grid_m": 50,
        "projected_area_m2": 2500.0,
        "lon": 89.533863898,
        "lat": 22.794719245,
        "NDVI_S2_median": 0.5937248516082764,
        "vegetation_pct_valid": 100.0,
        "NDVI_2019": 0.6008731365203858,
        "NDVI_2026": 0.5937248516082764,
        "delta_NDVI": -0.007148277536034584,
        "optical_valid_pct": 100,
        "common_valid_pct": 100,
        "S2_nobs": 9.88,
        "valid_10m_pixels": 25,
        "tree_class_pct_2021": 92.0,
        "tree_context_valid_pct": 100,
        "period_start": "2026-03-15",
        "period_end_exclusive": "2026-06-01",
        "veg_ndvi_threshold": 0.35,
        "aggregation": "10m raster values weighted by exact clipped pixel area"
      }
    },
    {
      "type": "Feature",
      "geometry": {
        "type": "Polygon",
        "coordinates": [
          [
            [
              89.533633073,
              22.795399974
            ],
            [
              89.53362473,
              22.794948734
            ],
            [
              89.534111411,
              22.794940997
            ],
            [
              89.534119756,
              22.795392237
            ],
            [
              89.533633073,
              22.795399974
            ]
          ]
        ]
      },
      "properties": {
        "cell_id": "50m_15202_50461",
        "grid_m": 50,
        "projected_area_m2": 2500.0,
        "lon": 89.533872243,
        "lat": 22.795170486,
        "NDVI_S2_median": 0.555992523431778,
        "vegetation_pct_valid": 96.0,
        "NDVI_2019": 0.6290770506858826,
        "NDVI_2026": 0.555992523431778,
        "delta_NDVI": -0.0730845255125314,
        "optical_valid_pct": 100,
        "common_valid_pct": 100,
        "S2_nobs": 10.0,
        "valid_10m_pixels": 25,
        "tree_class_pct_2021": 88.0,
        "tree_context_valid_pct": 100,
        "period_start": "2026-03-15",
        "period_end_exclusive": "2026-06-01",
        "veg_ndvi_threshold": 0.35,
        "aggregation": "10m raster values weighted by exact clipped pixel area"
      }
    },
    {
      "type": "Feature",
      "geometry": {
        "type": "Polygon",
        "coordinates": [
          [
            [
              89.533641417,
              22.795851214
            ],
            [
              89.533633073,
              22.795399974
            ],
            [
              89.534119756,
              22.795392237
            ],
            [
              89.534128102,
              22.795843477
            ],
            [
              89.533641417,
              22.795851214
            ]
          ]
        ]
      },
      "properties": {
        "cell_id": "50m_15202_50462",
        "grid_m": 50,
        "projected_area_m2": 2500.0,
        "lon": 89.533880587,
        "lat": 22.795621726,
        "NDVI_S2_median": 0.4204161608219147,
        "vegetation_pct_valid": 64.0,
        "NDVI_2019": 0.5898708271980285,
        "NDVI_2026": 0.4204161608219147,
        "delta_NDVI": -0.16945467183366417,
        "optical_valid_pct": 100,
        "common_valid_pct": 100,
        "S2_nobs": 10.0,
        "valid_10m_pixels": 25,
        "tree_class_pct_2021": 76.0,
        "tree_context_valid_pct": 100,
        "period_start": "2026-03-15",
        "period_end_exclusive": "2026-06-01",
        "veg_ndvi_threshold": 0.35,
        "aggregation": "10m raster values weighted by exact clipped pixel area"
      }
    },
    {
      "type": "Feature",
      "geometry": {
        "type": "Polygon",
        "coordinates": [
          [
            [
              89.533649761,
              22.796302455
            ],
            [
              89.533641417,
              22.795851214
            ],
            [
              89.534128102,
              22.795843477
            ],
            [
              89.534136447,
              22.796294717
            ],
            [
              89.533649761,
              22.796302455
            ]
          ]
        ]
      },
      "properties": {
        "cell_id": "50m_15202_50463",
        "grid_m": 50,
        "projected_area_m2": 2500.0,
        "lon": 89.533888932,
        "lat": 22.796072966,
        "NDVI_S2_median": 0.4076900964975357,
        "vegetation_pct_valid": 64.0,
        "NDVI_2019": 0.3659236299991608,
        "NDVI_2026": 0.4076900964975357,
        "delta_NDVI": 0.041766463443636895,
        "optical_valid_pct": 100,
        "common_valid_pct": 100,
        "S2_nobs": 10.0,
        "valid_10m_pixels": 25,
        "tree_class_pct_2021": 48.0,
        "tree_context_valid_pct": 100,
        "period_start": "2026-03-15",
        "period_end_exclusive": "2026-06-01",
        "veg_ndvi_threshold": 0.35,
        "aggregation": "10m raster values weighted by exact clipped pixel area"
      }
    },
    {
      "type": "Feature",
      "geometry": {
        "type": "Polygon",
        "coordinates": [
          [
            [
              89.533658106,
              22.796753695
            ],
            [
              89.533649761,
              22.796302455
            ],
            [
              89.534136447,
              22.796294717
            ],
            [
              89.534144793,
              22.796745957
            ],
            [
              89.533658106,
              22.796753695
            ]
          ]
        ]
      },
      "properties": {
        "cell_id": "50m_15202_50464",
        "grid_m": 50,
        "projected_area_m2": 2500.0,
        "lon": 89.533897277,
        "lat": 22.796524206,
        "NDVI_S2_median": 0.3885947185754776,
        "vegetation_pct_valid": 52.0,
        "NDVI_2019": 0.513568087220192,
        "NDVI_2026": 0.3885947185754776,
        "delta_NDVI": -0.1249733646120876,
        "optical_valid_pct": 100,
        "common_valid_pct": 100,
        "S2_nobs": 10.0,
        "valid_10m_pixels": 25,
        "tree_class_pct_2021": 72.0,
        "tree_context_valid_pct": 100,
        "period_start": "2026-03-15",
        "period_end_exclusive": "2026-06-01",
        "veg_ndvi_threshold": 0.35,
        "aggregation": "10m raster values weighted by exact clipped pixel area"
      }
    },
    {
      "type": "Feature",
      "geometry": {
        "type": "Polygon",
        "coordinates": [
          [
            [
              89.53366645,
              22.797204935
            ],
            [
              89.533658106,
              22.796753695
            ],
            [
              89.534144793,
              22.796745957
            ],
            [
              89.534153139,
              22.797197197
            ],
            [
              89.53366645,
              22.797204935
            ]
          ]
        ]
      },
      "properties": {
        "cell_id": "50m_15202_50465",
        "grid_m": 50,
        "projected_area_m2": 2500.0,
        "lon": 89.533905622,
        "lat": 22.796975446,
        "NDVI_S2_median": 0.4869422650337219,
        "vegetation_pct_valid": 84.0,
        "NDVI_2019": 0.5476362192630768,
        "NDVI_2026": 0.4869422650337219,
        "delta_NDVI": -0.06069395562633872,
        "optical_valid_pct": 100,
        "common_valid_pct": 100,
        "S2_nobs": 10.0,
        "valid_10m_pixels": 25,
        "tree_class_pct_2021": 64.0,
        "tree_context_valid_pct": 100,
        "period_start": "2026-03-15",
        "period_end_exclusive": "2026-06-01",
        "veg_ndvi_threshold": 0.35,
        "aggregation": "10m raster values weighted by exact clipped pixel area"
      }
    },
    {
      "type": "Feature",
      "geometry": {
        "type": "Polygon",
        "coordinates": [
          [
            [
              89.533674795,
              22.797656175
            ],
            [
              89.53366645,
              22.797204935
            ],
            [
              89.534153139,
              22.797197197
            ],
            [
              89.534161486,
              22.797648437
            ],
            [
              89.533674795,
              22.797656175
            ]
          ]
        ]
      },
      "properties": {
        "cell_id": "50m_15202_50466",
        "grid_m": 50,
        "projected_area_m2": 2500.0,
        "lon": 89.533913967,
        "lat": 22.797426686,
        "NDVI_S2_median": 0.3570717960596085,
        "vegetation_pct_valid": 56.00000000000001,
        "NDVI_2019": 0.6487743544578553,
        "NDVI_2026": 0.3570717960596085,
        "delta_NDVI": -0.29170256309211257,
        "optical_valid_pct": 100,
        "common_valid_pct": 100,
        "S2_nobs": 10.0,
        "valid_10m_pixels": 25,
        "tree_class_pct_2021": 40.0,
        "tree_context_valid_pct": 100,
        "period_start": "2026-03-15",
        "period_end_exclusive": "2026-06-01",
        "veg_ndvi_threshold": 0.35,
        "aggregation": "10m raster values weighted by exact clipped pixel area"
      }
    },
    {
      "type": "Feature",
      "geometry": {
        "type": "Polygon",
        "coordinates": [
          [
            [
              89.53368314,
              22.798107415
            ],
            [
              89.533674795,
              22.797656175
            ],
            [
              89.534161486,
              22.797648437
            ],
            [
              89.534169832,
              22.798099677
            ],
            [
              89.53368314,
              22.798107415
            ]
          ]
        ]
      },
      "properties": {
        "cell_id": "50m_15202_50467",
        "grid_m": 50,
        "projected_area_m2": 2500.0,
        "lon": 89.533922313,
        "lat": 22.797877926,
        "NDVI_S2_median": 0.37866645634174345,
        "vegetation_pct_valid": 56.00000000000001,
        "NDVI_2019": 0.5079697489738464,
        "NDVI_2026": 0.37866645634174345,
        "delta_NDVI": -0.12930328788235784,
        "optical_valid_pct": 100,
        "common_valid_pct": 100,
        "S2_nobs": 10.0,
        "valid_10m_pixels": 25,
        "tree_class_pct_2021": 76.0,
        "tree_context_valid_pct": 100,
        "period_start": "2026-03-15",
        "period_end_exclusive": "2026-06-01",
        "veg_ndvi_threshold": 0.35,
        "aggregation": "10m raster values weighted by exact clipped pixel area"
      }
    },
    {
      "type": "Feature",
      "geometry": {
        "type": "Polygon",
        "coordinates": [
          [
            [
              89.533691485,
              22.798558655
            ],
            [
              89.53368314,
              22.798107415
            ],
            [
              89.534169832,
              22.798099677
            ],
            [
              89.534178179,
              22.798550917
            ],
            [
              89.533691485,
              22.798558655
            ]
          ]
        ]
      },
      "properties": {
        "cell_id": "50m_15202_50468",
        "grid_m": 50,
        "projected_area_m2": 2500.0,
        "lon": 89.533930659,
        "lat": 22.798329166,
        "NDVI_S2_median": 0.319860577583313,
        "vegetation_pct_valid": 36.0,
        "NDVI_2019": 0.2663470834493637,
        "NDVI_2026": 0.319860577583313,
        "delta_NDVI": 0.05351349208503962,
        "optical_valid_pct": 100,
        "common_valid_pct": 100,
        "S2_nobs": 10.0,
        "valid_10m_pixels": 25,
        "tree_class_pct_2021": 20.0,
        "tree_context_valid_pct": 100,
        "period_start": "2026-03-15",
        "period_end_exclusive": "2026-06-01",
        "veg_ndvi_threshold": 0.35,
        "aggregation": "10m raster values weighted by exact clipped pixel area"
      }
    },
    {
      "type": "Feature",
      "geometry": {
        "type": "Polygon",
        "coordinates": [
          [
            [
              89.53369983,
              22.799009895
            ],
            [
              89.533691485,
              22.798558655
            ],
            [
              89.534178179,
              22.798550917
            ],
            [
              89.534186526,
              22.799002157
            ],
            [
              89.53369983,
              22.799009895
            ]
          ]
        ]
      },
      "properties": {
        "cell_id": "50m_15202_50469",
        "grid_m": 50,
        "projected_area_m2": 2500.0,
        "lon": 89.533939005,
        "lat": 22.798780406,
        "NDVI_S2_median": 0.3049688655138016,
        "vegetation_pct_valid": 36.0,
        "NDVI_2019": 0.46305975437164304,
        "NDVI_2026": 0.3049688655138016,
        "delta_NDVI": -0.15809088880196215,
        "optical_valid_pct": 100,
        "common_valid_pct": 100,
        "S2_nobs": 10.0,
        "valid_10m_pixels": 25,
        "tree_class_pct_2021": 32.0,
        "tree_context_valid_pct": 100,
        "period_start": "2026-03-15",
        "period_end_exclusive": "2026-06-01",
        "veg_ndvi_threshold": 0.35,
        "aggregation": "10m raster values weighted by exact clipped pixel area"
      }
    },
    {
      "type": "Feature",
      "geometry": {
        "type": "Polygon",
        "coordinates": [
          [
            [
              89.533708176,
              22.799461135
            ],
            [
              89.53369983,
              22.799009895
            ],
            [
              89.534186526,
              22.799002157
            ],
            [
              89.534194873,
              22.799453397
            ],
            [
              89.533708176,
              22.799461135
            ]
          ]
        ]
      },
      "properties": {
        "cell_id": "50m_15202_50470",
        "grid_m": 50,
        "projected_area_m2": 2500.0,
        "lon": 89.533947351,
        "lat": 22.799231646,
        "NDVI_S2_median": 0.1866542825102806,
        "vegetation_pct_valid": 8.0,
        "NDVI_2019": 0.39000813603401185,
        "NDVI_2026": 0.1866542825102806,
        "delta_NDVI": -0.2033538481593132,
        "optical_valid_pct": 100,
        "common_valid_pct": 100,
        "S2_nobs": 9.4,
        "valid_10m_pixels": 25,
        "tree_class_pct_2021": 4.0,
        "tree_context_valid_pct": 100,
        "period_start": "2026-03-15",
        "period_end_exclusive": "2026-06-01",
        "veg_ndvi_threshold": 0.35,
        "aggregation": "10m raster values weighted by exact clipped pixel area"
      }
    },
    {
      "type": "Feature",
      "geometry": {
        "type": "Polygon",
        "coordinates": [
          [
            [
              89.533708176,
              22.799461135
            ],
            [
              89.534194873,
              22.799453397
            ],
            [
              89.534197626,
              22.799602228
            ],
            [
              89.533708926,
              22.799501701
            ],
            [
              89.533708176,
              22.799461135
            ]
          ]
        ]
      },
      "properties": {
        "cell_id": "50m_15202_50471",
        "grid_m": 50,
        "projected_area_m2": 524.6564109344035,
        "lon": 89.533952901,
        "lat": 22.799531682,
        "NDVI_S2_median": 0.33854874461921586,
        "vegetation_pct_valid": 43.01799259236532,
        "NDVI_2019": 0.6072957560600727,
        "NDVI_2026": 0.33854874461921586,
        "delta_NDVI": -0.2687470006513278,
        "optical_valid_pct": 99.99999999955928,
        "common_valid_pct": 99.99999999955928,
        "S2_nobs": 9.0,
        "valid_10m_pixels": 8,
        "tree_class_pct_2021": 10.853831668582025,
        "tree_context_valid_pct": 99.99999999955928,
        "period_start": "2026-03-15",
        "period_end_exclusive": "2026-06-01",
        "veg_ndvi_threshold": 0.35,
        "aggregation": "10m raster values weighted by exact clipped pixel area"
      }
    },
    {
      "type": "Feature",
      "geometry": {
        "type": "Polygon",
        "coordinates": [
          [
            [
              89.53421966,
              22.787717309
            ],
            [
              89.534459988,
              22.787465526
            ],
            [
              89.534464572,
              22.787713416
            ],
            [
              89.53421966,
              22.787717309
            ]
          ]
        ]
      },
      "properties": {
        "cell_id": "50m_15203_50444",
        "grid_m": 50,
        "projected_area_m2": 345.57994917627974,
        "lon": 89.534339824,
        "lat": 22.787591417,
        "NDVI_S2_median": 0.17924397976343728,
        "vegetation_pct_valid": 7.391337900006743,
        "NDVI_2019": 0.5919481740241775,
        "NDVI_2026": 0.17924397976343728,
        "delta_NDVI": -0.4127042063033434,
        "optical_valid_pct": 99.99999999977848,
        "common_valid_pct": 99.99999999977848,
        "S2_nobs": 8.0,
        "valid_10m_pixels": 6,
        "tree_class_pct_2021": 69.37820605211039,
        "tree_context_valid_pct": 99.99999999977848,
        "period_start": "2026-03-15",
        "period_end_exclusive": "2026-06-01",
        "veg_ndvi_threshold": 0.35,
        "aggregation": "10m raster values weighted by exact clipped pixel area"
      }
    },
    {
      "type": "Feature",
      "geometry": {
        "type": "Polygon",
        "coordinates": [
          [
            [
              89.533986258,
              22.788172392
            ],
            [
              89.533982439,
              22.787965835
            ],
            [
              89.53421966,
              22.787717309
            ],
            [
              89.534464572,
              22.787713416
            ],
            [
              89.534472915,
              22.788164656
            ],
            [
              89.533986258,
              22.788172392
            ]
          ]
        ]
      },
      "properties": {
        "cell_id": "50m_15203_50445",
        "grid_m": 50,
        "projected_area_m2": 2163.3006381638443,
        "lon": 89.534225415,
        "lat": 22.787942904,
        "NDVI_S2_median": 0.39967031459129926,
        "vegetation_pct_valid": 68.57373216578529,
        "NDVI_2019": 0.47149610931168573,
        "NDVI_2026": 0.39967031459129926,
        "delta_NDVI": -0.071825799965407,
        "optical_valid_pct": 100,
        "common_valid_pct": 100,
        "S2_nobs": 7.961421919781178,
        "valid_10m_pixels": 24,
        "tree_class_pct_2021": 26.66431519275964,
        "tree_context_valid_pct": 100,
        "period_start": "2026-03-15",
        "period_end_exclusive": "2026-06-01",
        "veg_ndvi_threshold": 0.35,
        "aggregation": "10m raster values weighted by exact clipped pixel area"
      }
    },
    {
      "type": "Feature",
      "geometry": {
        "type": "Polygon",
        "coordinates": [
          [
            [
              89.5339946,
              22.788623632
            ],
            [
              89.533986258,
              22.788172392
            ],
            [
              89.534472915,
              22.788164656
            ],
            [
              89.534481259,
              22.788615896
            ],
            [
              89.5339946,
              22.788623632
            ]
          ]
        ]
      },
      "properties": {
        "cell_id": "50m_15203_50446",
        "grid_m": 50,
        "projected_area_m2": 2500.0,
        "lon": 89.534233758,
        "lat": 22.788394144,
        "NDVI_S2_median": 0.5507429552078247,
        "vegetation_pct_valid": 96.0,
        "NDVI_2019": 0.5659538781642914,
        "NDVI_2026": 0.5507429552078247,
        "delta_NDVI": -0.01521091730799526,
        "optical_valid_pct": 100,
        "common_valid_pct": 100,
        "S2_nobs": 8.0,
        "valid_10m_pixels": 25,
        "tree_class_pct_2021": 24.0,
        "tree_context_valid_pct": 100,
        "period_start": "2026-03-15",
        "period_end_exclusive": "2026-06-01",
        "veg_ndvi_threshold": 0.35,
        "aggregation": "10m raster values weighted by exact clipped pixel area"
      }
    },
    {
      "type": "Feature",
      "geometry": {
        "type": "Polygon",
        "coordinates": [
          [
            [
              89.534002942,
              22.789074873
            ],
            [
              89.5339946,
              22.788623632
            ],
            [
              89.534481259,
              22.788615896
            ],
            [
              89.534489603,
              22.789067137
            ],
            [
              89.534002942,
              22.789074873
            ]
          ]
        ]
      },
      "properties": {
        "cell_id": "50m_15203_50447",
        "grid_m": 50,
        "projected_area_m2": 2500.0,
        "lon": 89.534242101,
        "lat": 22.788845385,
        "NDVI_S2_median": 0.6676170146465301,
        "vegetation_pct_valid": 100.0,
        "NDVI_2019": 0.6121905720233918,
        "NDVI_2026": 0.6676170146465301,
        "delta_NDVI": 0.05542644084431231,
        "optical_valid_pct": 100,
        "common_valid_pct": 100,
        "S2_nobs": 8.0,
        "valid_10m_pixels": 25,
        "tree_class_pct_2021": 80.0,
        "tree_context_valid_pct": 100,
        "period_start": "2026-03-15",
        "period_end_exclusive": "2026-06-01",
        "veg_ndvi_threshold": 0.35,
        "aggregation": "10m raster values weighted by exact clipped pixel area"
      }
    },
    {
      "type": "Feature",
      "geometry": {
        "type": "Polygon",
        "coordinates": [
          [
            [
              89.534011285,
              22.789526113
            ],
            [
              89.534002942,
              22.789074873
            ],
            [
              89.534489603,
              22.789067137
            ],
            [
              89.534497947,
              22.789518377
            ],
            [
              89.534011285,
              22.789526113
            ]
          ]
        ]
      },
      "properties": {
        "cell_id": "50m_15203_50448",
        "grid_m": 50,
        "projected_area_m2": 2500.0,
        "lon": 89.534250444,
        "lat": 22.789296625,
        "NDVI_S2_median": 0.5182720929384231,
        "vegetation_pct_valid": 76.0,
        "NDVI_2019": 0.5793551301956177,
        "NDVI_2026": 0.5182720929384231,
        "delta_NDVI": -0.06108303152024746,
        "optical_valid_pct": 100,
        "common_valid_pct": 100,
        "S2_nobs": 8.0,
        "valid_10m_pixels": 25,
        "tree_class_pct_2021": 64.0,
        "tree_context_valid_pct": 100,
        "period_start": "2026-03-15",
        "period_end_exclusive": "2026-06-01",
        "veg_ndvi_threshold": 0.35,
        "aggregation": "10m raster values weighted by exact clipped pixel area"
      }
    },
    {
      "type": "Feature",
      "geometry": {
        "type": "Polygon",
        "coordinates": [
          [
            [
              89.534019627,
              22.789977354
            ],
            [
              89.534011285,
              22.789526113
            ],
            [
              89.534497947,
              22.789518377
            ],
            [
              89.534506291,
              22.789969617
            ],
            [
              89.534019627,
              22.789977354
            ]
          ]
        ]
      },
      "properties": {
        "cell_id": "50m_15203_50449",
        "grid_m": 50,
        "projected_area_m2": 2500.0,
        "lon": 89.534258788,
        "lat": 22.789747866,
        "NDVI_S2_median": 0.46110849201679227,
        "vegetation_pct_valid": 68.0,
        "NDVI_2019": 0.4984454071521759,
        "NDVI_2026": 0.46110849201679227,
        "delta_NDVI": -0.037336916401982306,
        "optical_valid_pct": 100,
        "common_valid_pct": 100,
        "S2_nobs": 8.04,
        "valid_10m_pixels": 25,
        "tree_class_pct_2021": 60.0,
        "tree_context_valid_pct": 100,
        "period_start": "2026-03-15",
        "period_end_exclusive": "2026-06-01",
        "veg_ndvi_threshold": 0.35,
        "aggregation": "10m raster values weighted by exact clipped pixel area"
      }
    },
    {
      "type": "Feature",
      "geometry": {
        "type": "Polygon",
        "coordinates": [
          [
            [
              89.53402797,
              22.790428594
            ],
            [
              89.534019627,
              22.789977354
            ],
            [
              89.534506291,
              22.789969617
            ],
            [
              89.534514636,
              22.790420858
            ],
            [
              89.53402797,
              22.790428594
            ]
          ]
        ]
      },
      "properties": {
        "cell_id": "50m_15203_50450",
        "grid_m": 50,
        "projected_area_m2": 2500.0,
        "lon": 89.534267131,
        "lat": 22.790199106,
        "NDVI_S2_median": 0.5574503242969513,
        "vegetation_pct_valid": 92.0,
        "NDVI_2019": 0.5596445310115814,
        "NDVI_2026": 0.5574503242969513,
        "delta_NDVI": -0.0021942007541656495,
        "optical_valid_pct": 100,
        "common_valid_pct": 100,
        "S2_nobs": 9.04,
        "valid_10m_pixels": 25,
        "tree_class_pct_2021": 100.0,
        "tree_context_valid_pct": 100,
        "period_start": "2026-03-15",
        "period_end_exclusive": "2026-06-01",
        "veg_ndvi_threshold": 0.35,
        "aggregation": "10m raster values weighted by exact clipped pixel area"
      }
    },
    {
      "type": "Feature",
      "geometry": {
        "type": "Polygon",
        "coordinates": [
          [
            [
              89.534036314,
              22.790879835
            ],
            [
              89.53402797,
              22.790428594
            ],
            [
              89.534514636,
              22.790420858
            ],
            [
              89.53452298,
              22.790872098
            ],
            [
              89.534036314,
              22.790879835
            ]
          ]
        ]
      },
      "properties": {
        "cell_id": "50m_15203_50451",
        "grid_m": 50,
        "projected_area_m2": 2500.0,
        "lon": 89.534275475,
        "lat": 22.790650346,
        "NDVI_S2_median": 0.614807323217392,
        "vegetation_pct_valid": 100.0,
        "NDVI_2019": 0.5066891008615494,
        "NDVI_2026": 0.614807323217392,
        "delta_NDVI": 0.10811821823939681,
        "optical_valid_pct": 100,
        "common_valid_pct": 100,
        "S2_nobs": 9.32,
        "valid_10m_pixels": 25,
        "tree_class_pct_2021": 100.0,
        "tree_context_valid_pct": 100,
        "period_start": "2026-03-15",
        "period_end_exclusive": "2026-06-01",
        "veg_ndvi_threshold": 0.35,
        "aggregation": "10m raster values weighted by exact clipped pixel area"
      }
    },
    {
      "type": "Feature",
      "geometry": {
        "type": "Polygon",
        "coordinates": [
          [
            [
              89.534044657,
              22.791331075
            ],
            [
              89.534036314,
              22.790879835
            ],
            [
              89.53452298,
              22.790872098
            ],
            [
              89.534531325,
              22.791323338
            ],
            [
              89.534044657,
              22.791331075
            ]
          ]
        ]
      },
      "properties": {
        "cell_id": "50m_15203_50452",
        "grid_m": 50,
        "projected_area_m2": 2500.0,
        "lon": 89.534283819,
        "lat": 22.791101587,
        "NDVI_S2_median": 0.47302631139755247,
        "vegetation_pct_valid": 80.0,
        "NDVI_2019": 0.5436165428161621,
        "NDVI_2026": 0.47302631139755247,
        "delta_NDVI": -0.07059023592621089,
        "optical_valid_pct": 100,
        "common_valid_pct": 100,
        "S2_nobs": 10.0,
        "valid_10m_pixels": 25,
        "tree_class_pct_2021": 36.0,
        "tree_context_valid_pct": 100,
        "period_start": "2026-03-15",
        "period_end_exclusive": "2026-06-01",
        "veg_ndvi_threshold": 0.35,
        "aggregation": "10m raster values weighted by exact clipped pixel area"
      }
    },
    {
      "type": "Feature",
      "geometry": {
        "type": "Polygon",
        "coordinates": [
          [
            [
              89.534053,
              22.791782315
            ],
            [
              89.534044657,
              22.791331075
            ],
            [
              89.534531325,
              22.791323338
            ],
            [
              89.53453967,
              22.791774578
            ],
            [
              89.534053,
              22.791782315
            ]
          ]
        ]
      },
      "properties": {
        "cell_id": "50m_15203_50453",
        "grid_m": 50,
        "projected_area_m2": 2500.0,
        "lon": 89.534292163,
        "lat": 22.791552827,
        "NDVI_S2_median": 0.5156701987981797,
        "vegetation_pct_valid": 80.0,
        "NDVI_2019": 0.6576239418983459,
        "NDVI_2026": 0.5156701987981797,
        "delta_NDVI": -0.14195374316535891,
        "optical_valid_pct": 100,
        "common_valid_pct": 100,
        "S2_nobs": 9.64,
        "valid_10m_pixels": 25,
        "tree_class_pct_2021": 96.0,
        "tree_context_valid_pct": 100,
        "period_start": "2026-03-15",
        "period_end_exclusive": "2026-06-01",
        "veg_ndvi_threshold": 0.35,
        "aggregation": "10m raster values weighted by exact clipped pixel area"
      }
    },
    {
      "type": "Feature",
      "geometry": {
        "type": "Polygon",
        "coordinates": [
          [
            [
              89.534061344,
              22.792233556
            ],
            [
              89.534053,
              22.791782315
            ],
            [
              89.53453967,
              22.791774578
            ],
            [
              89.534548016,
              22.792225819
            ],
            [
              89.534061344,
              22.792233556
            ]
          ]
        ]
      },
      "properties": {
        "cell_id": "50m_15203_50454",
        "grid_m": 50,
        "projected_area_m2": 2500.0,
        "lon": 89.534300508,
        "lat": 22.792004067,
        "NDVI_S2_median": 0.5406368577480316,
        "vegetation_pct_valid": 96.0,
        "NDVI_2019": 0.5348809969425201,
        "NDVI_2026": 0.5406368577480316,
        "delta_NDVI": 0.00575586399063468,
        "optical_valid_pct": 100,
        "common_valid_pct": 100,
        "S2_nobs": 9.0,
        "valid_10m_pixels": 25,
        "tree_class_pct_2021": 76.0,
        "tree_context_valid_pct": 100,
        "period_start": "2026-03-15",
        "period_end_exclusive": "2026-06-01",
        "veg_ndvi_threshold": 0.35,
        "aggregation": "10m raster values weighted by exact clipped pixel area"
      }
    },
    {
      "type": "Feature",
      "geometry": {
        "type": "Polygon",
        "coordinates": [
          [
            [
              89.534069688,
              22.792684796
            ],
            [
              89.534061344,
              22.792233556
            ],
            [
              89.534548016,
              22.792225819
            ],
            [
              89.534556361,
              22.792677059
            ],
            [
              89.534069688,
              22.792684796
            ]
          ]
        ]
      },
      "properties": {
        "cell_id": "50m_15203_50455",
        "grid_m": 50,
        "projected_area_m2": 2500.0,
        "lon": 89.534308852,
        "lat": 22.792455307,
        "NDVI_S2_median": 0.504352697134018,
        "vegetation_pct_valid": 92.0,
        "NDVI_2019": 0.5130092537403107,
        "NDVI_2026": 0.504352697134018,
        "delta_NDVI": -0.008656560145318508,
        "optical_valid_pct": 100,
        "common_valid_pct": 100,
        "S2_nobs": 8.28,
        "valid_10m_pixels": 25,
        "tree_class_pct_2021": 20.0,
        "tree_context_valid_pct": 100,
        "period_start": "2026-03-15",
        "period_end_exclusive": "2026-06-01",
        "veg_ndvi_threshold": 0.35,
        "aggregation": "10m raster values weighted by exact clipped pixel area"
      }
    },
    {
      "type": "Feature",
      "geometry": {
        "type": "Polygon",
        "coordinates": [
          [
            [
              89.534078032,
              22.793136036
            ],
            [
              89.534069688,
              22.792684796
            ],
            [
              89.534556361,
              22.792677059
            ],
            [
              89.534564707,
              22.793128299
            ],
            [
              89.534078032,
              22.793136036
            ]
          ]
        ]
      },
      "properties": {
        "cell_id": "50m_15203_50456",
        "grid_m": 50,
        "projected_area_m2": 2500.0,
        "lon": 89.534317197,
        "lat": 22.792906548,
        "NDVI_S2_median": 0.4831727170944214,
        "vegetation_pct_valid": 72.0,
        "NDVI_2019": 0.44202136039733886,
        "NDVI_2026": 0.4831727170944214,
        "delta_NDVI": 0.041151355747133495,
        "optical_valid_pct": 100,
        "common_valid_pct": 100,
        "S2_nobs": 8.0,
        "valid_10m_pixels": 25,
        "tree_class_pct_2021": 76.0,
        "tree_context_valid_pct": 100,
        "period_start": "2026-03-15",
        "period_end_exclusive": "2026-06-01",
        "veg_ndvi_threshold": 0.35,
        "aggregation": "10m raster values weighted by exact clipped pixel area"
      }
    },
    {
      "type": "Feature",
      "geometry": {
        "type": "Polygon",
        "coordinates": [
          [
            [
              89.534086377,
              22.793587276
            ],
            [
              89.534078032,
              22.793136036
            ],
            [
              89.534564707,
              22.793128299
            ],
            [
              89.534573053,
              22.793579539
            ],
            [
              89.534086377,
              22.793587276
            ]
          ]
        ]
      },
      "properties": {
        "cell_id": "50m_15203_50457",
        "grid_m": 50,
        "projected_area_m2": 2500.0,
        "lon": 89.534325542,
        "lat": 22.793357788,
        "NDVI_S2_median": 0.40010583758354185,
        "vegetation_pct_valid": 56.00000000000001,
        "NDVI_2019": 0.4515757444500923,
        "NDVI_2026": 0.40010583758354185,
        "delta_NDVI": -0.05146990717388689,
        "optical_valid_pct": 100,
        "common_valid_pct": 100,
        "S2_nobs": 8.16,
        "valid_10m_pixels": 25,
        "tree_class_pct_2021": 60.0,
        "tree_context_valid_pct": 100,
        "period_start": "2026-03-15",
        "period_end_exclusive": "2026-06-01",
        "veg_ndvi_threshold": 0.35,
        "aggregation": "10m raster values weighted by exact clipped pixel area"
      }
    },
    {
      "type": "Feature",
      "geometry": {
        "type": "Polygon",
        "coordinates": [
          [
            [
              89.534094721,
              22.794038517
            ],
            [
              89.534086377,
              22.793587276
            ],
            [
              89.534573053,
              22.793579539
            ],
            [
              89.534581399,
              22.794030779
            ],
            [
              89.534094721,
              22.794038517
            ]
          ]
        ]
      },
      "properties": {
        "cell_id": "50m_15203_50458",
        "grid_m": 50,
        "projected_area_m2": 2500.0,
        "lon": 89.534333888,
        "lat": 22.793809028,
        "NDVI_S2_median": 0.4178740632534027,
        "vegetation_pct_valid": 72.0,
        "NDVI_2019": 0.5838350254297257,
        "NDVI_2026": 0.4178740632534027,
        "delta_NDVI": -0.1659609606862068,
        "optical_valid_pct": 100,
        "common_valid_pct": 100,
        "S2_nobs": 9.12,
        "valid_10m_pixels": 25,
        "tree_class_pct_2021": 64.0,
        "tree_context_valid_pct": 100,
        "period_start": "2026-03-15",
        "period_end_exclusive": "2026-06-01",
        "veg_ndvi_threshold": 0.35,
        "aggregation": "10m raster values weighted by exact clipped pixel area"
      }
    },
    {
      "type": "Feature",
      "geometry": {
        "type": "Polygon",
        "coordinates": [
          [
            [
              89.534103066,
              22.794489757
            ],
            [
              89.534094721,
              22.794038517
            ],
            [
              89.534581399,
              22.794030779
            ],
            [
              89.534589746,
              22.794482019
            ],
            [
              89.534103066,
              22.794489757
            ]
          ]
        ]
      },
      "properties": {
        "cell_id": "50m_15203_50459",
        "grid_m": 50,
        "projected_area_m2": 2500.0,
        "lon": 89.534342233,
        "lat": 22.794260268,
        "NDVI_S2_median": 0.3427952533960342,
        "vegetation_pct_valid": 36.0,
        "NDVI_2019": 0.4382460874319076,
        "NDVI_2026": 0.3427952533960342,
        "delta_NDVI": -0.09545083452016115,
        "optical_valid_pct": 100,
        "common_valid_pct": 100,
        "S2_nobs": 9.96,
        "valid_10m_pixels": 25,
        "tree_class_pct_2021": 32.0,
        "tree_context_valid_pct": 100,
        "period_start": "2026-03-15",
        "period_end_exclusive": "2026-06-01",
        "veg_ndvi_threshold": 0.35,
        "aggregation": "10m raster values weighted by exact clipped pixel area"
      }
    },
    {
      "type": "Feature",
      "geometry": {
        "type": "Polygon",
        "coordinates": [
          [
            [
              89.534111411,
              22.794940997
            ],
            [
              89.534103066,
              22.794489757
            ],
            [
              89.534589746,
              22.794482019
            ],
            [
              89.534598092,
              22.794933259
            ],
            [
              89.534111411,
              22.794940997
            ]
          ]
        ]
      },
      "properties": {
        "cell_id": "50m_15203_50460",
        "grid_m": 50,
        "projected_area_m2": 2500.0,
        "lon": 89.534350579,
        "lat": 22.794711508,
        "NDVI_S2_median": 0.46959678411483763,
        "vegetation_pct_valid": 72.0,
        "NDVI_2019": 0.46749168515205386,
        "NDVI_2026": 0.46959678411483763,
        "delta_NDVI": 0.0021050998196005823,
        "optical_valid_pct": 100,
        "common_valid_pct": 100,
        "S2_nobs": 10.0,
        "valid_10m_pixels": 25,
        "tree_class_pct_2021": 76.0,
        "tree_context_valid_pct": 100,
        "period_start": "2026-03-15",
        "period_end_exclusive": "2026-06-01",
        "veg_ndvi_threshold": 0.35,
        "aggregation": "10m raster values weighted by exact clipped pixel area"
      }
    },
    {
      "type": "Feature",
      "geometry": {
        "type": "Polygon",
        "coordinates": [
          [
            [
              89.534119756,
              22.795392237
            ],
            [
              89.534111411,
              22.794940997
            ],
            [
              89.534598092,
              22.794933259
            ],
            [
              89.534606439,
              22.795384499
            ],
            [
              89.534119756,
              22.795392237
            ]
          ]
        ]
      },
      "properties": {
        "cell_id": "50m_15203_50461",
        "grid_m": 50,
        "projected_area_m2": 2500.0,
        "lon": 89.534358925,
        "lat": 22.795162748,
        "NDVI_S2_median": 0.4942289054393768,
        "vegetation_pct_valid": 84.0,
        "NDVI_2019": 0.5183272087574005,
        "NDVI_2026": 0.4942289054393768,
        "delta_NDVI": -0.02409830007702112,
        "optical_valid_pct": 100,
        "common_valid_pct": 100,
        "S2_nobs": 10.0,
        "valid_10m_pixels": 25,
        "tree_class_pct_2021": 48.0,
        "tree_context_valid_pct": 100,
        "period_start": "2026-03-15",
        "period_end_exclusive": "2026-06-01",
        "veg_ndvi_threshold": 0.35,
        "aggregation": "10m raster values weighted by exact clipped pixel area"
      }
    },
    {
      "type": "Feature",
      "geometry": {
        "type": "Polygon",
        "coordinates": [
          [
            [
              89.534128102,
              22.795843477
            ],
            [
              89.534119756,
              22.795392237
            ],
            [
              89.534606439,
              22.795384499
            ],
            [
              89.534614786,
              22.795835739
            ],
            [
              89.534128102,
              22.795843477
            ]
          ]
        ]
      },
      "properties": {
        "cell_id": "50m_15203_50462",
        "grid_m": 50,
        "projected_area_m2": 2500.0,
        "lon": 89.534367271,
        "lat": 22.795613988,
        "NDVI_S2_median": 0.5638656878471374,
        "vegetation_pct_valid": 96.0,
        "NDVI_2019": 0.5784731519222259,
        "NDVI_2026": 0.5638656878471374,
        "delta_NDVI": -0.014607457667589188,
        "optical_valid_pct": 100,
        "common_valid_pct": 100,
        "S2_nobs": 10.0,
        "valid_10m_pixels": 25,
        "tree_class_pct_2021": 60.0,
        "tree_context_valid_pct": 100,
        "period_start": "2026-03-15",
        "period_end_exclusive": "2026-06-01",
        "veg_ndvi_threshold": 0.35,
        "aggregation": "10m raster values weighted by exact clipped pixel area"
      }
    },
    {
      "type": "Feature",
      "geometry": {
        "type": "Polygon",
        "coordinates": [
          [
            [
              89.534136447,
              22.796294717
            ],
            [
              89.534128102,
              22.795843477
            ],
            [
              89.534614786,
              22.795835739
            ],
            [
              89.534623133,
              22.796286979
            ],
            [
              89.534136447,
              22.796294717
            ]
          ]
        ]
      },
      "properties": {
        "cell_id": "50m_15203_50463",
        "grid_m": 50,
        "projected_area_m2": 2500.0,
        "lon": 89.534375617,
        "lat": 22.796065228,
        "NDVI_S2_median": 0.5741055488586426,
        "vegetation_pct_valid": 96.0,
        "NDVI_2019": 0.513599728345871,
        "NDVI_2026": 0.5741055488586426,
        "delta_NDVI": 0.060505815111100675,
        "optical_valid_pct": 100,
        "common_valid_pct": 100,
        "S2_nobs": 10.0,
        "valid_10m_pixels": 25,
        "tree_class_pct_2021": 68.0,
        "tree_context_valid_pct": 100,
        "period_start": "2026-03-15",
        "period_end_exclusive": "2026-06-01",
        "veg_ndvi_threshold": 0.35,
        "aggregation": "10m raster values weighted by exact clipped pixel area"
      }
    },
    {
      "type": "Feature",
      "geometry": {
        "type": "Polygon",
        "coordinates": [
          [
            [
              89.534144793,
              22.796745957
            ],
            [
              89.534136447,
              22.796294717
            ],
            [
              89.534623133,
              22.796286979
            ],
            [
              89.534631481,
              22.796738219
            ],
            [
              89.534144793,
              22.796745957
            ]
          ]
        ]
      },
      "properties": {
        "cell_id": "50m_15203_50464",
        "grid_m": 50,
        "projected_area_m2": 2500.0,
        "lon": 89.534383964,
        "lat": 22.796516468,
        "NDVI_S2_median": 0.5715623915195465,
        "vegetation_pct_valid": 92.0,
        "NDVI_2019": 0.5549094521999359,
        "NDVI_2026": 0.5715623915195465,
        "delta_NDVI": 0.01665293746627867,
        "optical_valid_pct": 100,
        "common_valid_pct": 100,
        "S2_nobs": 10.0,
        "valid_10m_pixels": 25,
        "tree_class_pct_2021": 72.0,
        "tree_context_valid_pct": 100,
        "period_start": "2026-03-15",
        "period_end_exclusive": "2026-06-01",
        "veg_ndvi_threshold": 0.35,
        "aggregation": "10m raster values weighted by exact clipped pixel area"
      }
    },
    {
      "type": "Feature",
      "geometry": {
        "type": "Polygon",
        "coordinates": [
          [
            [
              89.534153139,
              22.797197197
            ],
            [
              89.534144793,
              22.796745957
            ],
            [
              89.534631481,
              22.796738219
            ],
            [
              89.534639829,
              22.797189458
            ],
            [
              89.534153139,
              22.797197197
            ]
          ]
        ]
      },
      "properties": {
        "cell_id": "50m_15203_50465",
        "grid_m": 50,
        "projected_area_m2": 2500.0,
        "lon": 89.534392311,
        "lat": 22.796967708,
        "NDVI_S2_median": 0.4869971877336502,
        "vegetation_pct_valid": 64.0,
        "NDVI_2019": 0.5808213925361634,
        "NDVI_2026": 0.4869971877336502,
        "delta_NDVI": -0.09382421160116791,
        "optical_valid_pct": 100,
        "common_valid_pct": 100,
        "S2_nobs": 10.0,
        "valid_10m_pixels": 25,
        "tree_class_pct_2021": 92.0,
        "tree_context_valid_pct": 100,
        "period_start": "2026-03-15",
        "period_end_exclusive": "2026-06-01",
        "veg_ndvi_threshold": 0.35,
        "aggregation": "10m raster values weighted by exact clipped pixel area"
      }
    },
    {
      "type": "Feature",
      "geometry": {
        "type": "Polygon",
        "coordinates": [
          [
            [
              89.534161486,
              22.797648437
            ],
            [
              89.534153139,
              22.797197197
            ],
            [
              89.534639829,
              22.797189458
            ],
            [
              89.534648177,
              22.797640698
            ],
            [
              89.534161486,
              22.797648437
            ]
          ]
        ]
      },
      "properties": {
        "cell_id": "50m_15203_50466",
        "grid_m": 50,
        "projected_area_m2": 2500.0,
        "lon": 89.534400658,
        "lat": 22.797418948,
        "NDVI_S2_median": 0.566434765458107,
        "vegetation_pct_valid": 80.0,
        "NDVI_2019": 0.6052251052856445,
        "NDVI_2026": 0.566434765458107,
        "delta_NDVI": -0.0387903381884098,
        "optical_valid_pct": 100,
        "common_valid_pct": 100,
        "S2_nobs": 10.0,
        "valid_10m_pixels": 25,
        "tree_class_pct_2021": 76.0,
        "tree_context_valid_pct": 100,
        "period_start": "2026-03-15",
        "period_end_exclusive": "2026-06-01",
        "veg_ndvi_threshold": 0.35,
        "aggregation": "10m raster values weighted by exact clipped pixel area"
      }
    },
    {
      "type": "Feature",
      "geometry": {
        "type": "Polygon",
        "coordinates": [
          [
            [
              89.534169832,
              22.798099677
            ],
            [
              89.534161486,
              22.797648437
            ],
            [
              89.534648177,
              22.797640698
            ],
            [
              89.534656525,
              22.798091938
            ],
            [
              89.534169832,
              22.798099677
            ]
          ]
        ]
      },
      "properties": {
        "cell_id": "50m_15203_50467",
        "grid_m": 50,
        "projected_area_m2": 2500.0,
        "lon": 89.534409005,
        "lat": 22.797870188,
        "NDVI_S2_median": 0.36989783108234403,
        "vegetation_pct_valid": 56.00000000000001,
        "NDVI_2019": 0.4077518701553345,
        "NDVI_2026": 0.36989783108234403,
        "delta_NDVI": -0.03785404033958912,
        "optical_valid_pct": 100,
        "common_valid_pct": 100,
        "S2_nobs": 10.0,
        "valid_10m_pixels": 25,
        "tree_class_pct_2021": 20.0,
        "tree_context_valid_pct": 100,
        "period_start": "2026-03-15",
        "period_end_exclusive": "2026-06-01",
        "veg_ndvi_threshold": 0.35,
        "aggregation": "10m raster values weighted by exact clipped pixel area"
      }
    },
    {
      "type": "Feature",
      "geometry": {
        "type": "Polygon",
        "coordinates": [
          [
            [
              89.534178179,
              22.798550917
            ],
            [
              89.534169832,
              22.798099677
            ],
            [
              89.534656525,
              22.798091938
            ],
            [
              89.534664873,
              22.798543178
            ],
            [
              89.534178179,
              22.798550917
            ]
          ]
        ]
      },
      "properties": {
        "cell_id": "50m_15203_50468",
        "grid_m": 50,
        "projected_area_m2": 2500.0,
        "lon": 89.534417352,
        "lat": 22.798321428,
        "NDVI_S2_median": 0.19925996229052545,
        "vegetation_pct_valid": 16.0,
        "NDVI_2019": 0.2250595608353615,
        "NDVI_2026": 0.19925996229052545,
        "delta_NDVI": -0.025799595043063162,
        "optical_valid_pct": 100,
        "common_valid_pct": 100,
        "S2_nobs": 10.0,
        "valid_10m_pixels": 25,
        "tree_class_pct_2021": 0.0,
        "tree_context_valid_pct": 100,
        "period_start": "2026-03-15",
        "period_end_exclusive": "2026-06-01",
        "veg_ndvi_threshold": 0.35,
        "aggregation": "10m raster values weighted by exact clipped pixel area"
      }
    },
    {
      "type": "Feature",
      "geometry": {
        "type": "Polygon",
        "coordinates": [
          [
            [
              89.534186526,
              22.799002157
            ],
            [
              89.534178179,
              22.798550917
            ],
            [
              89.534664873,
              22.798543178
            ],
            [
              89.534673221,
              22.798994417
            ],
            [
              89.534186526,
              22.799002157
            ]
          ]
        ]
      },
      "properties": {
        "cell_id": "50m_15203_50469",
        "grid_m": 50,
        "projected_area_m2": 2500.0,
        "lon": 89.5344257,
        "lat": 22.798772668,
        "NDVI_S2_median": 0.3165036696195602,
        "vegetation_pct_valid": 36.0,
        "NDVI_2019": 0.3219659042358398,
        "NDVI_2026": 0.3165036696195602,
        "delta_NDVI": -0.005462236804887653,
        "optical_valid_pct": 100,
        "common_valid_pct": 100,
        "S2_nobs": 9.64,
        "valid_10m_pixels": 25,
        "tree_class_pct_2021": 16.0,
        "tree_context_valid_pct": 100,
        "period_start": "2026-03-15",
        "period_end_exclusive": "2026-06-01",
        "veg_ndvi_threshold": 0.35,
        "aggregation": "10m raster values weighted by exact clipped pixel area"
      }
    },
    {
      "type": "Feature",
      "geometry": {
        "type": "Polygon",
        "coordinates": [
          [
            [
              89.534194873,
              22.799453397
            ],
            [
              89.534186526,
              22.799002157
            ],
            [
              89.534673221,
              22.798994417
            ],
            [
              89.53468157,
              22.799445657
            ],
            [
              89.534194873,
              22.799453397
            ]
          ]
        ]
      },
      "properties": {
        "cell_id": "50m_15203_50470",
        "grid_m": 50,
        "projected_area_m2": 2500.0,
        "lon": 89.534434048,
        "lat": 22.799223907,
        "NDVI_S2_median": 0.2181398344039917,
        "vegetation_pct_valid": 12.0,
        "NDVI_2019": 0.2553460681438446,
        "NDVI_2026": 0.2181398344039917,
        "delta_NDVI": -0.03720623567700386,
        "optical_valid_pct": 100,
        "common_valid_pct": 100,
        "S2_nobs": 9.0,
        "valid_10m_pixels": 25,
        "tree_class_pct_2021": 0.0,
        "tree_context_valid_pct": 100,
        "period_start": "2026-03-15",
        "period_end_exclusive": "2026-06-01",
        "veg_ndvi_threshold": 0.35,
        "aggregation": "10m raster values weighted by exact clipped pixel area"
      }
    },
    {
      "type": "Feature",
      "geometry": {
        "type": "Polygon",
        "coordinates": [
          [
            [
              89.534194873,
              22.799453397
            ],
            [
              89.53468157,
              22.799445657
            ],
            [
              89.534686327,
              22.799702754
            ],
            [
              89.534197626,
              22.799602228
            ],
            [
              89.534194873,
              22.799453397
            ]
          ]
        ]
      },
      "properties": {
        "cell_id": "50m_15203_50471",
        "grid_m": 50,
        "projected_area_m2": 1124.48089227546,
        "lon": 89.5344406,
        "lat": 22.799578076,
        "NDVI_S2_median": 0.17974152877107405,
        "vegetation_pct_valid": 15.812933805464342,
        "NDVI_2019": 0.4347547716077457,
        "NDVI_2026": 0.17974152877107405,
        "delta_NDVI": -0.2550132443921351,
        "optical_valid_pct": 99.99999999979892,
        "common_valid_pct": 99.99999999979892,
        "S2_nobs": 8.999999999999998,
        "valid_10m_pixels": 14,
        "tree_class_pct_2021": 11.187329061635252,
        "tree_context_valid_pct": 99.99999999979892,
        "period_start": "2026-03-15",
        "period_end_exclusive": "2026-06-01",
        "veg_ndvi_threshold": 0.35,
        "aggregation": "10m raster values weighted by exact clipped pixel area"
      }
    },
    {
      "type": "Feature",
      "geometry": {
        "type": "Polygon",
        "coordinates": [
          [
            [
              89.534657135,
              22.787258981
            ],
            [
              89.534804108,
              22.787105002
            ],
            [
              89.534938506,
              22.787017807
            ],
            [
              89.534942882,
              22.787254438
            ],
            [
              89.534657135,
              22.787258981
            ]
          ]
        ]
      },
      "properties": {
        "cell_id": "50m_15204_50443",
        "grid_m": 50,
        "projected_area_m2": 429.72863873370954,
        "lon": 89.534797821,
        "lat": 22.787138394,
        "NDVI_S2_median": 0.5041974323142563,
        "vegetation_pct_valid": 93.32517469789462,
        "NDVI_2019": 0.5755441603852647,
        "NDVI_2026": 0.5041974323142563,
        "delta_NDVI": -0.07134673569788413,
        "optical_valid_pct": 99.99504318324097,
        "common_valid_pct": 99.99504318324097,
        "S2_nobs": 8.933251746978947,
        "valid_10m_pixels": 6,
        "tree_class_pct_2021": 70.10096954029295,
        "tree_context_valid_pct": 99.99504318324097,
        "period_start": "2026-03-15",
        "period_end_exclusive": "2026-06-01",
        "veg_ndvi_threshold": 0.35,
        "aggregation": "10m raster values weighted by exact clipped pixel area"
      }
    },
    {
      "type": "Feature",
      "geometry": {
        "type": "Polygon",
        "coordinates": [
          [
            [
              89.534464572,
              22.787713416
            ],
            [
              89.534459988,
              22.787465526
            ],
            [
              89.534657135,
              22.787258981
            ],
            [
              89.534942882,
              22.787254438
            ],
            [
              89.534951227,
              22.787705679
            ],
            [
              89.534464572,
              22.787713416
            ]
          ]
        ]
      },
      "properties": {
        "cell_id": "50m_15204_50444",
        "grid_m": 50,
        "projected_area_m2": 2267.4480255816707,
        "lon": 89.534703727,
        "lat": 22.787483927,
        "NDVI_S2_median": 0.4690028007357765,
        "vegetation_pct_valid": 82.35902232435832,
        "NDVI_2019": 0.485304753559527,
        "NDVI_2026": 0.4690028007357765,
        "delta_NDVI": -0.01630195587804168,
        "optical_valid_pct": 100,
        "common_valid_pct": 100,
        "S2_nobs": 8.779487779054481,
        "valid_10m_pixels": 24,
        "tree_class_pct_2021": 20.61560045961241,
        "tree_context_valid_pct": 100,
        "period_start": "2026-03-15",
        "period_end_exclusive": "2026-06-01",
        "veg_ndvi_threshold": 0.35,
        "aggregation": "10m raster values weighted by exact clipped pixel area"
      }
    },
    {
      "type": "Feature",
      "geometry": {
        "type": "Polygon",
        "coordinates": [
          [
            [
              89.534472915,
              22.788164656
            ],
            [
              89.534464572,
              22.787713416
            ],
            [
              89.534951227,
              22.787705679
            ],
            [
              89.534959572,
              22.788156919
            ],
            [
              89.534472915,
              22.788164656
            ]
          ]
        ]
      },
      "properties": {
        "cell_id": "50m_15204_50445",
        "grid_m": 50,
        "projected_area_m2": 2500.0,
        "lon": 89.534712072,
        "lat": 22.787935168,
        "NDVI_S2_median": 0.5706587898731231,
        "vegetation_pct_valid": 96.0,
        "NDVI_2019": 0.6133712899684906,
        "NDVI_2026": 0.5706587898731231,
        "delta_NDVI": -0.04271249772049487,
        "optical_valid_pct": 100,
        "common_valid_pct": 100,
        "S2_nobs": 8.0,
        "valid_10m_pixels": 25,
        "tree_class_pct_2021": 60.0,
        "tree_context_valid_pct": 100,
        "period_start": "2026-03-15",
        "period_end_exclusive": "2026-06-01",
        "veg_ndvi_threshold": 0.35,
        "aggregation": "10m raster values weighted by exact clipped pixel area"
      }
    },
    {
      "type": "Feature",
      "geometry": {
        "type": "Polygon",
        "coordinates": [
          [
            [
              89.534481259,
              22.788615896
            ],
            [
              89.534472915,
              22.788164656
            ],
            [
              89.534959572,
              22.788156919
            ],
            [
              89.534967917,
              22.788608159
            ],
            [
              89.534481259,
              22.788615896
            ]
          ]
        ]
      },
      "properties": {
        "cell_id": "50m_15204_50446",
        "grid_m": 50,
        "projected_area_m2": 2500.0,
        "lon": 89.534720416,
        "lat": 22.788386408,
        "NDVI_S2_median": 0.2684058538079262,
        "vegetation_pct_valid": 28.000000000000004,
        "NDVI_2019": 0.4117820876836777,
        "NDVI_2026": 0.2684058538079262,
        "delta_NDVI": -0.14337623128667473,
        "optical_valid_pct": 100,
        "common_valid_pct": 100,
        "S2_nobs": 8.0,
        "valid_10m_pixels": 25,
        "tree_class_pct_2021": 0.0,
        "tree_context_valid_pct": 100,
        "period_start": "2026-03-15",
        "period_end_exclusive": "2026-06-01",
        "veg_ndvi_threshold": 0.35,
        "aggregation": "10m raster values weighted by exact clipped pixel area"
      }
    },
    {
      "type": "Feature",
      "geometry": {
        "type": "Polygon",
        "coordinates": [
          [
            [
              89.534489603,
              22.789067137
            ],
            [
              89.534481259,
              22.788615896
            ],
            [
              89.534967917,
              22.788608159
            ],
            [
              89.534976263,
              22.789059399
            ],
            [
              89.534489603,
              22.789067137
            ]
          ]
        ]
      },
      "properties": {
        "cell_id": "50m_15204_50447",
        "grid_m": 50,
        "projected_area_m2": 2500.0,
        "lon": 89.53472876,
        "lat": 22.788837648,
        "NDVI_S2_median": 0.44310805320739743,
        "vegetation_pct_valid": 64.0,
        "NDVI_2019": 0.45535804390907286,
        "NDVI_2026": 0.44310805320739743,
        "delta_NDVI": -0.012249988010153175,
        "optical_valid_pct": 100,
        "common_valid_pct": 100,
        "S2_nobs": 8.32,
        "valid_10m_pixels": 25,
        "tree_class_pct_2021": 40.0,
        "tree_context_valid_pct": 100,
        "period_start": "2026-03-15",
        "period_end_exclusive": "2026-06-01",
        "veg_ndvi_threshold": 0.35,
        "aggregation": "10m raster values weighted by exact clipped pixel area"
      }
    },
    {
      "type": "Feature",
      "geometry": {
        "type": "Polygon",
        "coordinates": [
          [
            [
              89.534497947,
              22.789518377
            ],
            [
              89.534489603,
              22.789067137
            ],
            [
              89.534976263,
              22.789059399
            ],
            [
              89.534984609,
              22.78951064
            ],
            [
              89.534497947,
              22.789518377
            ]
          ]
        ]
      },
      "properties": {
        "cell_id": "50m_15204_50448",
        "grid_m": 50,
        "projected_area_m2": 2500.0,
        "lon": 89.534737105,
        "lat": 22.789288888,
        "NDVI_S2_median": 0.39176360189914705,
        "vegetation_pct_valid": 48.0,
        "NDVI_2019": 0.4007262027263641,
        "NDVI_2026": 0.39176360189914705,
        "delta_NDVI": -0.008962598671205342,
        "optical_valid_pct": 100,
        "common_valid_pct": 100,
        "S2_nobs": 8.84,
        "valid_10m_pixels": 25,
        "tree_class_pct_2021": 52.0,
        "tree_context_valid_pct": 100,
        "period_start": "2026-03-15",
        "period_end_exclusive": "2026-06-01",
        "veg_ndvi_threshold": 0.35,
        "aggregation": "10m raster values weighted by exact clipped pixel area"
      }
    },
    {
      "type": "Feature",
      "geometry": {
        "type": "Polygon",
        "coordinates": [
          [
            [
              89.534506291,
              22.789969617
            ],
            [
              89.534497947,
              22.789518377
            ],
            [
              89.534984609,
              22.78951064
            ],
            [
              89.534992955,
              22.78996188
            ],
            [
              89.534506291,
              22.789969617
            ]
          ]
        ]
      },
      "properties": {
        "cell_id": "50m_15204_50449",
        "grid_m": 50,
        "projected_area_m2": 2500.0,
        "lon": 89.53474545,
        "lat": 22.789740129,
        "NDVI_S2_median": 0.614316600561142,
        "vegetation_pct_valid": 100.0,
        "NDVI_2019": 0.6287829506397248,
        "NDVI_2026": 0.614316600561142,
        "delta_NDVI": -0.01446634527295828,
        "optical_valid_pct": 100,
        "common_valid_pct": 100,
        "S2_nobs": 9.2,
        "valid_10m_pixels": 25,
        "tree_class_pct_2021": 88.0,
        "tree_context_valid_pct": 100,
        "period_start": "2026-03-15",
        "period_end_exclusive": "2026-06-01",
        "veg_ndvi_threshold": 0.35,
        "aggregation": "10m raster values weighted by exact clipped pixel area"
      }
    },
    {
      "type": "Feature",
      "geometry": {
        "type": "Polygon",
        "coordinates": [
          [
            [
              89.534514636,
              22.790420858
            ],
            [
              89.534506291,
              22.789969617
            ],
            [
              89.534992955,
              22.78996188
            ],
            [
              89.535001301,
              22.79041312
            ],
            [
              89.534514636,
              22.790420858
            ]
          ]
        ]
      },
      "properties": {
        "cell_id": "50m_15204_50450",
        "grid_m": 50,
        "projected_area_m2": 2500.0,
        "lon": 89.534753795,
        "lat": 22.790191369,
        "NDVI_S2_median": 0.49001434445381165,
        "vegetation_pct_valid": 76.0,
        "NDVI_2019": 0.5208923482894897,
        "NDVI_2026": 0.49001434445381165,
        "delta_NDVI": -0.030878008548170327,
        "optical_valid_pct": 100,
        "common_valid_pct": 100,
        "S2_nobs": 10.0,
        "valid_10m_pixels": 25,
        "tree_class_pct_2021": 92.0,
        "tree_context_valid_pct": 100,
        "period_start": "2026-03-15",
        "period_end_exclusive": "2026-06-01",
        "veg_ndvi_threshold": 0.35,
        "aggregation": "10m raster values weighted by exact clipped pixel area"
      }
    },
    {
      "type": "Feature",
      "geometry": {
        "type": "Polygon",
        "coordinates": [
          [
            [
              89.53452298,
              22.790872098
            ],
            [
              89.534514636,
              22.790420858
            ],
            [
              89.535001301,
              22.79041312
            ],
            [
              89.535009647,
              22.79086436
            ],
            [
              89.53452298,
              22.790872098
            ]
          ]
        ]
      },
      "properties": {
        "cell_id": "50m_15204_50451",
        "grid_m": 50,
        "projected_area_m2": 2500.0,
        "lon": 89.534762141,
        "lat": 22.790642609,
        "NDVI_S2_median": 0.6334855854511261,
        "vegetation_pct_valid": 100.0,
        "NDVI_2019": 0.415107199549675,
        "NDVI_2026": 0.6334855854511261,
        "delta_NDVI": 0.2183783820271492,
        "optical_valid_pct": 100,
        "common_valid_pct": 100,
        "S2_nobs": 10.0,
        "valid_10m_pixels": 25,
        "tree_class_pct_2021": 80.0,
        "tree_context_valid_pct": 100,
        "period_start": "2026-03-15",
        "period_end_exclusive": "2026-06-01",
        "veg_ndvi_threshold": 0.35,
        "aggregation": "10m raster values weighted by exact clipped pixel area"
      }
    },
    {
      "type": "Feature",
      "geometry": {
        "type": "Polygon",
        "coordinates": [
          [
            [
              89.534531325,
              22.791323338
            ],
            [
              89.53452298,
              22.790872098
            ],
            [
              89.535009647,
              22.79086436
            ],
            [
              89.535017993,
              22.7913156
            ],
            [
              89.534531325,
              22.791323338
            ]
          ]
        ]
      },
      "properties": {
        "cell_id": "50m_15204_50452",
        "grid_m": 50,
        "projected_area_m2": 2500.0,
        "lon": 89.534770487,
        "lat": 22.791093849,
        "NDVI_S2_median": 0.5996897411346436,
        "vegetation_pct_valid": 96.0,
        "NDVI_2019": 0.5910688865184784,
        "NDVI_2026": 0.5996897411346436,
        "delta_NDVI": 0.008620855584740638,
        "optical_valid_pct": 100,
        "common_valid_pct": 100,
        "S2_nobs": 10.0,
        "valid_10m_pixels": 25,
        "tree_class_pct_2021": 92.0,
        "tree_context_valid_pct": 100,
        "period_start": "2026-03-15",
        "period_end_exclusive": "2026-06-01",
        "veg_ndvi_threshold": 0.35,
        "aggregation": "10m raster values weighted by exact clipped pixel area"
      }
    },
    {
      "type": "Feature",
      "geometry": {
        "type": "Polygon",
        "coordinates": [
          [
            [
              89.53453967,
              22.791774578
            ],
            [
              89.534531325,
              22.791323338
            ],
            [
              89.535017993,
              22.7913156
            ],
            [
              89.53502634,
              22.79176684
            ],
            [
              89.53453967,
              22.791774578
            ]
          ]
        ]
      },
      "properties": {
        "cell_id": "50m_15204_50453",
        "grid_m": 50,
        "projected_area_m2": 2500.0,
        "lon": 89.534778832,
        "lat": 22.791545089,
        "NDVI_S2_median": 0.6770073771476746,
        "vegetation_pct_valid": 100.0,
        "NDVI_2019": 0.6462204480171203,
        "NDVI_2026": 0.6770073771476746,
        "delta_NDVI": 0.030786929186433554,
        "optical_valid_pct": 100,
        "common_valid_pct": 100,
        "S2_nobs": 9.48,
        "valid_10m_pixels": 25,
        "tree_class_pct_2021": 100.0,
        "tree_context_valid_pct": 100,
        "period_start": "2026-03-15",
        "period_end_exclusive": "2026-06-01",
        "veg_ndvi_threshold": 0.35,
        "aggregation": "10m raster values weighted by exact clipped pixel area"
      }
    },
    {
      "type": "Feature",
      "geometry": {
        "type": "Polygon",
        "coordinates": [
          [
            [
              89.534548016,
              22.792225819
            ],
            [
              89.53453967,
              22.791774578
            ],
            [
              89.53502634,
              22.79176684
            ],
            [
              89.535034687,
              22.79221808
            ],
            [
              89.534548016,
              22.792225819
            ]
          ]
        ]
      },
      "properties": {
        "cell_id": "50m_15204_50454",
        "grid_m": 50,
        "projected_area_m2": 2500.0,
        "lon": 89.534787178,
        "lat": 22.791996329,
        "NDVI_S2_median": 0.44531218588352206,
        "vegetation_pct_valid": 60.0,
        "NDVI_2019": 0.6384393858909607,
        "NDVI_2026": 0.44531218588352206,
        "delta_NDVI": -0.19312719956040383,
        "optical_valid_pct": 100,
        "common_valid_pct": 100,
        "S2_nobs": 8.8,
        "valid_10m_pixels": 25,
        "tree_class_pct_2021": 56.00000000000001,
        "tree_context_valid_pct": 100,
        "period_start": "2026-03-15",
        "period_end_exclusive": "2026-06-01",
        "veg_ndvi_threshold": 0.35,
        "aggregation": "10m raster values weighted by exact clipped pixel area"
      }
    },
    {
      "type": "Feature",
      "geometry": {
        "type": "Polygon",
        "coordinates": [
          [
            [
              89.534556361,
              22.792677059
            ],
            [
              89.534548016,
              22.792225819
            ],
            [
              89.535034687,
              22.79221808
            ],
            [
              89.535043034,
              22.79266932
            ],
            [
              89.534556361,
              22.792677059
            ]
          ]
        ]
      },
      "properties": {
        "cell_id": "50m_15204_50455",
        "grid_m": 50,
        "projected_area_m2": 2500.0,
        "lon": 89.534795525,
        "lat": 22.792447569,
        "NDVI_S2_median": 0.5110701829195022,
        "vegetation_pct_valid": 72.0,
        "NDVI_2019": 0.49237300157547,
        "NDVI_2026": 0.5110701829195022,
        "delta_NDVI": 0.018697175653651355,
        "optical_valid_pct": 100,
        "common_valid_pct": 100,
        "S2_nobs": 8.0,
        "valid_10m_pixels": 25,
        "tree_class_pct_2021": 56.00000000000001,
        "tree_context_valid_pct": 100,
        "period_start": "2026-03-15",
        "period_end_exclusive": "2026-06-01",
        "veg_ndvi_threshold": 0.35,
        "aggregation": "10m raster values weighted by exact clipped pixel area"
      }
    },
    {
      "type": "Feature",
      "geometry": {
        "type": "Polygon",
        "coordinates": [
          [
            [
              89.534564707,
              22.793128299
            ],
            [
              89.534556361,
              22.792677059
            ],
            [
              89.535043034,
              22.79266932
            ],
            [
              89.535051382,
              22.79312056
            ],
            [
              89.534564707,
              22.793128299
            ]
          ]
        ]
      },
      "properties": {
        "cell_id": "50m_15204_50456",
        "grid_m": 50,
        "projected_area_m2": 2500.0,
        "lon": 89.534803871,
        "lat": 22.792898809,
        "NDVI_S2_median": 0.3335868114233017,
        "vegetation_pct_valid": 48.0,
        "NDVI_2019": 0.3955149722099304,
        "NDVI_2026": 0.3335868114233017,
        "delta_NDVI": -0.0619281583186239,
        "optical_valid_pct": 100,
        "common_valid_pct": 100,
        "S2_nobs": 8.0,
        "valid_10m_pixels": 25,
        "tree_class_pct_2021": 20.0,
        "tree_context_valid_pct": 100,
        "period_start": "2026-03-15",
        "period_end_exclusive": "2026-06-01",
        "veg_ndvi_threshold": 0.35,
        "aggregation": "10m raster values weighted by exact clipped pixel area"
      }
    },
    {
      "type": "Feature",
      "geometry": {
        "type": "Polygon",
        "coordinates": [
          [
            [
              89.534573053,
              22.793579539
            ],
            [
              89.534564707,
              22.793128299
            ],
            [
              89.535051382,
              22.79312056
            ],
            [
              89.535059729,
              22.7935718
            ],
            [
              89.534573053,
              22.793579539
            ]
          ]
        ]
      },
      "properties": {
        "cell_id": "50m_15204_50457",
        "grid_m": 50,
        "projected_area_m2": 2500.0,
        "lon": 89.534812218,
        "lat": 22.793350049,
        "NDVI_S2_median": 0.39121747136116025,
        "vegetation_pct_valid": 60.0,
        "NDVI_2019": 0.4533281469345093,
        "NDVI_2026": 0.39121747136116025,
        "delta_NDVI": -0.06211067648837343,
        "optical_valid_pct": 100,
        "common_valid_pct": 100,
        "S2_nobs": 8.44,
        "valid_10m_pixels": 25,
        "tree_class_pct_2021": 56.00000000000001,
        "tree_context_valid_pct": 100,
        "period_start": "2026-03-15",
        "period_end_exclusive": "2026-06-01",
        "veg_ndvi_threshold": 0.35,
        "aggregation": "10m raster values weighted by exact clipped pixel area"
      }
    },
    {
      "type": "Feature",
      "geometry": {
        "type": "Polygon",
        "coordinates": [
          [
            [
              89.534581399,
              22.794030779
            ],
            [
              89.534573053,
              22.793579539
            ],
            [
              89.535059729,
              22.7935718
            ],
            [
              89.535068077,
              22.79402304
            ],
            [
              89.534581399,
              22.794030779
            ]
          ]
        ]
      },
      "properties": {
        "cell_id": "50m_15204_50458",
        "grid_m": 50,
        "projected_area_m2": 2500.0,
        "lon": 89.534820565,
        "lat": 22.793801289,
        "NDVI_S2_median": 0.3566796863079071,
        "vegetation_pct_valid": 52.0,
        "NDVI_2019": 0.3910354095697403,
        "NDVI_2026": 0.3566796863079071,
        "delta_NDVI": -0.0343557259067893,
        "optical_valid_pct": 100,
        "common_valid_pct": 100,
        "S2_nobs": 9.32,
        "valid_10m_pixels": 25,
        "tree_class_pct_2021": 28.000000000000004,
        "tree_context_valid_pct": 100,
        "period_start": "2026-03-15",
        "period_end_exclusive": "2026-06-01",
        "veg_ndvi_threshold": 0.35,
        "aggregation": "10m raster values weighted by exact clipped pixel area"
      }
    },
    {
      "type": "Feature",
      "geometry": {
        "type": "Polygon",
        "coordinates": [
          [
            [
              89.534589746,
              22.794482019
            ],
            [
              89.534581399,
              22.794030779
            ],
            [
              89.535068077,
              22.79402304
            ],
            [
              89.535076425,
              22.794474279
            ],
            [
              89.534589746,
              22.794482019
            ]
          ]
        ]
      },
      "properties": {
        "cell_id": "50m_15204_50459",
        "grid_m": 50,
        "projected_area_m2": 2500.0,
        "lon": 89.534828912,
        "lat": 22.794252529,
        "NDVI_S2_median": 0.34236652135849,
        "vegetation_pct_valid": 56.00000000000001,
        "NDVI_2019": 0.27852016299962995,
        "NDVI_2026": 0.34236652135849,
        "delta_NDVI": 0.06384636037051677,
        "optical_valid_pct": 100,
        "common_valid_pct": 100,
        "S2_nobs": 9.92,
        "valid_10m_pixels": 25,
        "tree_class_pct_2021": 4.0,
        "tree_context_valid_pct": 100,
        "period_start": "2026-03-15",
        "period_end_exclusive": "2026-06-01",
        "veg_ndvi_threshold": 0.35,
        "aggregation": "10m raster values weighted by exact clipped pixel area"
      }
    },
    {
      "type": "Feature",
      "geometry": {
        "type": "Polygon",
        "coordinates": [
          [
            [
              89.534598092,
              22.794933259
            ],
            [
              89.534589746,
              22.794482019
            ],
            [
              89.535076425,
              22.794474279
            ],
            [
              89.535084773,
              22.794925519
            ],
            [
              89.534598092,
              22.794933259
            ]
          ]
        ]
      },
      "properties": {
        "cell_id": "50m_15204_50460",
        "grid_m": 50,
        "projected_area_m2": 2500.0,
        "lon": 89.534837259,
        "lat": 22.794703769,
        "NDVI_S2_median": 0.3030089795589447,
        "vegetation_pct_valid": 36.0,
        "NDVI_2019": 0.42592982947826385,
        "NDVI_2026": 0.3030089795589447,
        "delta_NDVI": -0.12292084824293852,
        "optical_valid_pct": 100,
        "common_valid_pct": 100,
        "S2_nobs": 10.0,
        "valid_10m_pixels": 25,
        "tree_class_pct_2021": 20.0,
        "tree_context_valid_pct": 100,
        "period_start": "2026-03-15",
        "period_end_exclusive": "2026-06-01",
        "veg_ndvi_threshold": 0.35,
        "aggregation": "10m raster values weighted by exact clipped pixel area"
      }
    },
    {
      "type": "Feature",
      "geometry": {
        "type": "Polygon",
        "coordinates": [
          [
            [
              89.534606439,
              22.795384499
            ],
            [
              89.534598092,
              22.794933259
            ],
            [
              89.535084773,
              22.794925519
            ],
            [
              89.535093122,
              22.795376759
            ],
            [
              89.534606439,
              22.795384499
            ]
          ]
        ]
      },
      "properties": {
        "cell_id": "50m_15204_50461",
        "grid_m": 50,
        "projected_area_m2": 2500.0,
        "lon": 89.534845607,
        "lat": 22.795155009,
        "NDVI_S2_median": 0.502386491894722,
        "vegetation_pct_valid": 88.0,
        "NDVI_2019": 0.3603199341893196,
        "NDVI_2026": 0.502386491894722,
        "delta_NDVI": 0.14206655735499227,
        "optical_valid_pct": 100,
        "common_valid_pct": 100,
        "S2_nobs": 9.08,
        "valid_10m_pixels": 25,
        "tree_class_pct_2021": 68.0,
        "tree_context_valid_pct": 100,
        "period_start": "2026-03-15",
        "period_end_exclusive": "2026-06-01",
        "veg_ndvi_threshold": 0.35,
        "aggregation": "10m raster values weighted by exact clipped pixel area"
      }
    },
    {
      "type": "Feature",
      "geometry": {
        "type": "Polygon",
        "coordinates": [
          [
            [
              89.534614786,
              22.795835739
            ],
            [
              89.534606439,
              22.795384499
            ],
            [
              89.535093122,
              22.795376759
            ],
            [
              89.53510147,
              22.795827999
            ],
            [
              89.534614786,
              22.795835739
            ]
          ]
        ]
      },
      "properties": {
        "cell_id": "50m_15204_50462",
        "grid_m": 50,
        "projected_area_m2": 2500.0,
        "lon": 89.534853954,
        "lat": 22.795606249,
        "NDVI_S2_median": 0.5975833702087402,
        "vegetation_pct_valid": 88.0,
        "NDVI_2019": 0.5609505611658097,
        "NDVI_2026": 0.5975833702087402,
        "delta_NDVI": 0.03663281030952931,
        "optical_valid_pct": 100,
        "common_valid_pct": 100,
        "S2_nobs": 9.04,
        "valid_10m_pixels": 25,
        "tree_class_pct_2021": 80.0,
        "tree_context_valid_pct": 100,
        "period_start": "2026-03-15",
        "period_end_exclusive": "2026-06-01",
        "veg_ndvi_threshold": 0.35,
        "aggregation": "10m raster values weighted by exact clipped pixel area"
      }
    },
    {
      "type": "Feature",
      "geometry": {
        "type": "Polygon",
        "coordinates": [
          [
            [
              89.534623133,
              22.796286979
            ],
            [
              89.534614786,
              22.795835739
            ],
            [
              89.53510147,
              22.795827999
            ],
            [
              89.535109819,
              22.796279239
            ],
            [
              89.534623133,
              22.796286979
            ]
          ]
        ]
      },
      "properties": {
        "cell_id": "50m_15204_50463",
        "grid_m": 50,
        "projected_area_m2": 2500.0,
        "lon": 89.534862302,
        "lat": 22.796057489,
        "NDVI_S2_median": 0.46476764023303985,
        "vegetation_pct_valid": 68.0,
        "NDVI_2019": 0.4332984280586243,
        "NDVI_2026": 0.46476764023303985,
        "delta_NDVI": 0.03146920713130385,
        "optical_valid_pct": 100,
        "common_valid_pct": 100,
        "S2_nobs": 9.56,
        "valid_10m_pixels": 25,
        "tree_class_pct_2021": 56.00000000000001,
        "tree_context_valid_pct": 100,
        "period_start": "2026-03-15",
        "period_end_exclusive": "2026-06-01",
        "veg_ndvi_threshold": 0.35,
        "aggregation": "10m raster values weighted by exact clipped pixel area"
      }
    },
    {
      "type": "Feature",
      "geometry": {
        "type": "Polygon",
        "coordinates": [
          [
            [
              89.534631481,
              22.796738219
            ],
            [
              89.534623133,
              22.796286979
            ],
            [
              89.535109819,
              22.796279239
            ],
            [
              89.535118168,
              22.796730478
            ],
            [
              89.534631481,
              22.796738219
            ]
          ]
        ]
      },
      "properties": {
        "cell_id": "50m_15204_50464",
        "grid_m": 50,
        "projected_area_m2": 2500.0,
        "lon": 89.534870651,
        "lat": 22.796508729,
        "NDVI_S2_median": 0.6023231714963913,
        "vegetation_pct_valid": 96.0,
        "NDVI_2019": 0.5905993199348449,
        "NDVI_2026": 0.6023231714963913,
        "delta_NDVI": 0.011723849596455694,
        "optical_valid_pct": 100,
        "common_valid_pct": 100,
        "S2_nobs": 10.0,
        "valid_10m_pixels": 25,
        "tree_class_pct_2021": 96.0,
        "tree_context_valid_pct": 100,
        "period_start": "2026-03-15",
        "period_end_exclusive": "2026-06-01",
        "veg_ndvi_threshold": 0.35,
        "aggregation": "10m raster values weighted by exact clipped pixel area"
      }
    },
    {
      "type": "Feature",
      "geometry": {
        "type": "Polygon",
        "coordinates": [
          [
            [
              89.534639829,
              22.797189458
            ],
            [
              89.534631481,
              22.796738219
            ],
            [
              89.535118168,
              22.796730478
            ],
            [
              89.535126518,
              22.797181718
            ],
            [
              89.534639829,
              22.797189458
            ]
          ]
        ]
      },
      "properties": {
        "cell_id": "50m_15204_50465",
        "grid_m": 50,
        "projected_area_m2": 2500.0,
        "lon": 89.534878999,
        "lat": 22.796959968,
        "NDVI_S2_median": 0.6612616562843323,
        "vegetation_pct_valid": 96.0,
        "NDVI_2019": 0.5706429678201675,
        "NDVI_2026": 0.6612616562843323,
        "delta_NDVI": 0.09061868507415057,
        "optical_valid_pct": 100,
        "common_valid_pct": 100,
        "S2_nobs": 10.0,
        "valid_10m_pixels": 25,
        "tree_class_pct_2021": 92.0,
        "tree_context_valid_pct": 100,
        "period_start": "2026-03-15",
        "period_end_exclusive": "2026-06-01",
        "veg_ndvi_threshold": 0.35,
        "aggregation": "10m raster values weighted by exact clipped pixel area"
      }
    },
    {
      "type": "Feature",
      "geometry": {
        "type": "Polygon",
        "coordinates": [
          [
            [
              89.534648177,
              22.797640698
            ],
            [
              89.534639829,
              22.797189458
            ],
            [
              89.535126518,
              22.797181718
            ],
            [
              89.535134867,
              22.797632958
            ],
            [
              89.534648177,
              22.797640698
            ]
          ]
        ]
      },
      "properties": {
        "cell_id": "50m_15204_50466",
        "grid_m": 50,
        "projected_area_m2": 2500.0,
        "lon": 89.534887347,
        "lat": 22.797411208,
        "NDVI_S2_median": 0.6869989848136902,
        "vegetation_pct_valid": 100.0,
        "NDVI_2019": 0.6699306046962739,
        "NDVI_2026": 0.6869989848136902,
        "delta_NDVI": 0.017068388108164072,
        "optical_valid_pct": 100,
        "common_valid_pct": 100,
        "S2_nobs": 10.0,
        "valid_10m_pixels": 25,
        "tree_class_pct_2021": 32.0,
        "tree_context_valid_pct": 100,
        "period_start": "2026-03-15",
        "period_end_exclusive": "2026-06-01",
        "veg_ndvi_threshold": 0.35,
        "aggregation": "10m raster values weighted by exact clipped pixel area"
      }
    },
    {
      "type": "Feature",
      "geometry": {
        "type": "Polygon",
        "coordinates": [
          [
            [
              89.534656525,
              22.798091938
            ],
            [
              89.534648177,
              22.797640698
            ],
            [
              89.535134867,
              22.797632958
            ],
            [
              89.535143217,
              22.798084197
            ],
            [
              89.534656525,
              22.798091938
            ]
          ]
        ]
      },
      "properties": {
        "cell_id": "50m_15204_50467",
        "grid_m": 50,
        "projected_area_m2": 2500.0,
        "lon": 89.534895696,
        "lat": 22.797862448,
        "NDVI_S2_median": 0.48325799822807314,
        "vegetation_pct_valid": 68.0,
        "NDVI_2019": 0.44666117906570435,
        "NDVI_2026": 0.48325799822807314,
        "delta_NDVI": 0.036596815846860406,
        "optical_valid_pct": 100,
        "common_valid_pct": 100,
        "S2_nobs": 10.0,
        "valid_10m_pixels": 25,
        "tree_class_pct_2021": 20.0,
        "tree_context_valid_pct": 100,
        "period_start": "2026-03-15",
        "period_end_exclusive": "2026-06-01",
        "veg_ndvi_threshold": 0.35,
        "aggregation": "10m raster values weighted by exact clipped pixel area"
      }
    },
    {
      "type": "Feature",
      "geometry": {
        "type": "Polygon",
        "coordinates": [
          [
            [
              89.534664873,
              22.798543178
            ],
            [
              89.534656525,
              22.798091938
            ],
            [
              89.535143217,
              22.798084197
            ],
            [
              89.535151567,
              22.798535437
            ],
            [
              89.534664873,
              22.798543178
            ]
          ]
        ]
      },
      "properties": {
        "cell_id": "50m_15204_50468",
        "grid_m": 50,
        "projected_area_m2": 2500.0,
        "lon": 89.534904045,
        "lat": 22.798313688,
        "NDVI_S2_median": 0.36720824494957927,
        "vegetation_pct_valid": 44.0,
        "NDVI_2019": 0.3070285081863403,
        "NDVI_2026": 0.36720824494957927,
        "delta_NDVI": 0.06017973433248699,
        "optical_valid_pct": 100,
        "common_valid_pct": 100,
        "S2_nobs": 10.0,
        "valid_10m_pixels": 25,
        "tree_class_pct_2021": 28.000000000000004,
        "tree_context_valid_pct": 100,
        "period_start": "2026-03-15",
        "period_end_exclusive": "2026-06-01",
        "veg_ndvi_threshold": 0.35,
        "aggregation": "10m raster values weighted by exact clipped pixel area"
      }
    },
    {
      "type": "Feature",
      "geometry": {
        "type": "Polygon",
        "coordinates": [
          [
            [
              89.534673221,
              22.798994417
            ],
            [
              89.534664873,
              22.798543178
            ],
            [
              89.535151567,
              22.798535437
            ],
            [
              89.535159917,
              22.798986676
            ],
            [
              89.534673221,
              22.798994417
            ]
          ]
        ]
      },
      "properties": {
        "cell_id": "50m_15204_50469",
        "grid_m": 50,
        "projected_area_m2": 2500.0,
        "lon": 89.534912394,
        "lat": 22.798764927,
        "NDVI_S2_median": 0.5414746820926666,
        "vegetation_pct_valid": 92.0,
        "NDVI_2019": 0.44955760180950166,
        "NDVI_2026": 0.5414746820926666,
        "delta_NDVI": 0.09191708015277981,
        "optical_valid_pct": 100,
        "common_valid_pct": 100,
        "S2_nobs": 9.36,
        "valid_10m_pixels": 25,
        "tree_class_pct_2021": 32.0,
        "tree_context_valid_pct": 100,
        "period_start": "2026-03-15",
        "period_end_exclusive": "2026-06-01",
        "veg_ndvi_threshold": 0.35,
        "aggregation": "10m raster values weighted by exact clipped pixel area"
      }
    },
    {
      "type": "Feature",
      "geometry": {
        "type": "Polygon",
        "coordinates": [
          [
            [
              89.53468157,
              22.799445657
            ],
            [
              89.534673221,
              22.798994417
            ],
            [
              89.535159917,
              22.798986676
            ],
            [
              89.535168267,
              22.799437916
            ],
            [
              89.53468157,
              22.799445657
            ]
          ]
        ]
      },
      "properties": {
        "cell_id": "50m_15204_50470",
        "grid_m": 50,
        "projected_area_m2": 2500.0,
        "lon": 89.534920744,
        "lat": 22.799216167,
        "NDVI_S2_median": 0.3067645224928856,
        "vegetation_pct_valid": 28.000000000000004,
        "NDVI_2019": 0.3280424958467483,
        "NDVI_2026": 0.3067645224928856,
        "delta_NDVI": -0.02127797219902277,
        "optical_valid_pct": 100,
        "common_valid_pct": 100,
        "S2_nobs": 9.0,
        "valid_10m_pixels": 25,
        "tree_class_pct_2021": 0.0,
        "tree_context_valid_pct": 100,
        "period_start": "2026-03-15",
        "period_end_exclusive": "2026-06-01",
        "veg_ndvi_threshold": 0.35,
        "aggregation": "10m raster values weighted by exact clipped pixel area"
      }
    },
    {
      "type": "Feature",
      "geometry": {
        "type": "Polygon",
        "coordinates": [
          [
            [
              89.53468157,
              22.799445657
            ],
            [
              89.535168267,
              22.799437916
            ],
            [
              89.535175029,
              22.799803279
            ],
            [
              89.534686327,
              22.799702754
            ],
            [
              89.53468157,
              22.799445657
            ]
          ]
        ]
      },
      "properties": {
        "cell_id": "50m_15204_50471",
        "grid_m": 50,
        "projected_area_m2": 1724.3053735932335,
        "lon": 89.534928299,
        "lat": 22.799624468,
        "NDVI_S2_median": 0.22199102082772543,
        "vegetation_pct_valid": 13.260201857051007,
        "NDVI_2019": 0.30103866807155133,
        "NDVI_2026": 0.22199102082772543,
        "delta_NDVI": -0.07904764680435566,
        "optical_valid_pct": 99.97164730458873,
        "common_valid_pct": 99.97164730458873,
        "S2_nobs": 9.0,
        "valid_10m_pixels": 20,
        "tree_class_pct_2021": 5.619804484350047,
        "tree_context_valid_pct": 99.97164730458873,
        "period_start": "2026-03-15",
        "period_end_exclusive": "2026-06-01",
        "veg_ndvi_threshold": 0.35,
        "aggregation": "10m raster values weighted by exact clipped pixel area"
      }
    },
    {
      "type": "Feature",
      "geometry": {
        "type": "Polygon",
        "coordinates": [
          [
            [
              89.535277706,
              22.786797742
            ],
            [
              89.53541953,
              22.786705729
            ],
            [
              89.53542119,
              22.78679546
            ],
            [
              89.535277706,
              22.786797742
            ]
          ]
        ]
      },
      "properties": {
        "cell_id": "50m_15205_50442",
        "grid_m": 50,
        "projected_area_m2": 73.28687952532859,
        "lon": 89.535348618,
        "lat": 22.786751736,
        "NDVI_S2_median": 0.3002683782597907,
        "vegetation_pct_valid": 10.346523203641347,
        "NDVI_2019": 0.5466882601227938,
        "NDVI_2026": 0.3002683782597907,
        "delta_NDVI": -0.2464198497480526,
        "optical_valid_pct": 99.9999999999649,
        "common_valid_pct": 99.9999999999649,
        "S2_nobs": 9.0,
        "valid_10m_pixels": 2,
        "tree_class_pct_2021": 10.346523203641347,
        "tree_context_valid_pct": 99.9999999999649,
        "period_start": "2026-03-15",
        "period_end_exclusive": "2026-06-01",
        "veg_ndvi_threshold": 0.35,
        "aggregation": "10m raster values weighted by exact clipped pixel area"
      }
    },
    {
      "type": "Feature",
      "geometry": {
        "type": "Polygon",
        "coordinates": [
          [
            [
              89.534942882,
              22.787254438
            ],
            [
              89.534938506,
              22.787017807
            ],
            [
              89.535277706,
              22.786797742
            ],
            [
              89.53542119,
              22.78679546
            ],
            [
              89.535429536,
              22.7872467
            ],
            [
              89.534942882,
              22.787254438
            ]
          ]
        ]
      },
      "properties": {
        "cell_id": "50m_15205_50443",
        "grid_m": 50,
        "projected_area_m2": 2080.782482741255,
        "lon": 89.535182036,
        "lat": 22.787024949,
        "NDVI_S2_median": 0.3854548521732528,
        "vegetation_pct_valid": 49.091641770448504,
        "NDVI_2019": 0.4115852389743348,
        "NDVI_2026": 0.3854548521732528,
        "delta_NDVI": -0.02613039179608074,
        "optical_valid_pct": 99.99999999999099,
        "common_valid_pct": 99.99999999999099,
        "S2_nobs": 8.187754565043104,
        "valid_10m_pixels": 23,
        "tree_class_pct_2021": 4.80588436462938,
        "tree_context_valid_pct": 99.99999999999099,
        "period_start": "2026-03-15",
        "period_end_exclusive": "2026-06-01",
        "veg_ndvi_threshold": 0.35,
        "aggregation": "10m raster values weighted by exact clipped pixel area"
      }
    },
    {
      "type": "Feature",
      "geometry": {
        "type": "Polygon",
        "coordinates": [
          [
            [
              89.534951227,
              22.787705679
            ],
            [
              89.534942882,
              22.787254438
            ],
            [
              89.535429536,
              22.7872467
            ],
            [
              89.535437882,
              22.78769794
            ],
            [
              89.534951227,
              22.787705679
            ]
          ]
        ]
      },
      "properties": {
        "cell_id": "50m_15205_50444",
        "grid_m": 50,
        "projected_area_m2": 2500.0,
        "lon": 89.535190382,
        "lat": 22.78747619,
        "NDVI_S2_median": 0.28623996376991273,
        "vegetation_pct_valid": 28.000000000000004,
        "NDVI_2019": 0.4462434238195419,
        "NDVI_2026": 0.28623996376991273,
        "delta_NDVI": -0.1600034588575363,
        "optical_valid_pct": 100,
        "common_valid_pct": 100,
        "S2_nobs": 8.48,
        "valid_10m_pixels": 25,
        "tree_class_pct_2021": 36.0,
        "tree_context_valid_pct": 100,
        "period_start": "2026-03-15",
        "period_end_exclusive": "2026-06-01",
        "veg_ndvi_threshold": 0.35,
        "aggregation": "10m raster values weighted by exact clipped pixel area"
      }
    },
    {
      "type": "Feature",
      "geometry": {
        "type": "Polygon",
        "coordinates": [
          [
            [
              89.534959572,
              22.788156919
            ],
            [
              89.534951227,
              22.787705679
            ],
            [
              89.535437882,
              22.78769794
            ],
            [
              89.535446229,
              22.78814918
            ],
            [
              89.534959572,
              22.788156919
            ]
          ]
        ]
      },
      "properties": {
        "cell_id": "50m_15205_50445",
        "grid_m": 50,
        "projected_area_m2": 2500.0,
        "lon": 89.535198728,
        "lat": 22.78792743,
        "NDVI_S2_median": 0.3754332730174065,
        "vegetation_pct_valid": 60.0,
        "NDVI_2019": 0.3963054859638214,
        "NDVI_2026": 0.3754332730174065,
        "delta_NDVI": -0.020872217379510404,
        "optical_valid_pct": 100,
        "common_valid_pct": 100,
        "S2_nobs": 8.16,
        "valid_10m_pixels": 25,
        "tree_class_pct_2021": 40.0,
        "tree_context_valid_pct": 100,
        "period_start": "2026-03-15",
        "period_end_exclusive": "2026-06-01",
        "veg_ndvi_threshold": 0.35,
        "aggregation": "10m raster values weighted by exact clipped pixel area"
      }
    },
    {
      "type": "Feature",
      "geometry": {
        "type": "Polygon",
        "coordinates": [
          [
            [
              89.534967917,
              22.788608159
            ],
            [
              89.534959572,
              22.788156919
            ],
            [
              89.535446229,
              22.78814918
            ],
            [
              89.535454576,
              22.78860042
            ],
            [
              89.534967917,
              22.788608159
            ]
          ]
        ]
      },
      "properties": {
        "cell_id": "50m_15205_50446",
        "grid_m": 50,
        "projected_area_m2": 2500.0,
        "lon": 89.535207074,
        "lat": 22.78837867,
        "NDVI_S2_median": 0.35123554050922395,
        "vegetation_pct_valid": 32.0,
        "NDVI_2019": 0.4601728641986847,
        "NDVI_2026": 0.35123554050922395,
        "delta_NDVI": -0.10893732393160463,
        "optical_valid_pct": 100,
        "common_valid_pct": 100,
        "S2_nobs": 8.48,
        "valid_10m_pixels": 25,
        "tree_class_pct_2021": 20.0,
        "tree_context_valid_pct": 100,
        "period_start": "2026-03-15",
        "period_end_exclusive": "2026-06-01",
        "veg_ndvi_threshold": 0.35,
        "aggregation": "10m raster values weighted by exact clipped pixel area"
      }
    },
    {
      "type": "Feature",
      "geometry": {
        "type": "Polygon",
        "coordinates": [
          [
            [
              89.534976263,
              22.789059399
            ],
            [
              89.534967917,
              22.788608159
            ],
            [
              89.535454576,
              22.78860042
            ],
            [
              89.535462923,
              22.78905166
            ],
            [
              89.534976263,
              22.789059399
            ]
          ]
        ]
      },
      "properties": {
        "cell_id": "50m_15205_50447",
        "grid_m": 50,
        "projected_area_m2": 2500.0,
        "lon": 89.53521542,
        "lat": 22.78882991,
        "NDVI_S2_median": 0.34547277212142946,
        "vegetation_pct_valid": 48.0,
        "NDVI_2019": 0.421182234287262,
        "NDVI_2026": 0.34547277212142946,
        "delta_NDVI": -0.07570946855470538,
        "optical_valid_pct": 100,
        "common_valid_pct": 100,
        "S2_nobs": 9.08,
        "valid_10m_pixels": 25,
        "tree_class_pct_2021": 0.0,
        "tree_context_valid_pct": 100,
        "period_start": "2026-03-15",
        "period_end_exclusive": "2026-06-01",
        "veg_ndvi_threshold": 0.35,
        "aggregation": "10m raster values weighted by exact clipped pixel area"
      }
    },
    {
      "type": "Feature",
      "geometry": {
        "type": "Polygon",
        "coordinates": [
          [
            [
              89.534984609,
              22.78951064
            ],
            [
              89.534976263,
              22.789059399
            ],
            [
              89.535462923,
              22.78905166
            ],
            [
              89.53547127,
              22.7895029
            ],
            [
              89.534984609,
              22.78951064
            ]
          ]
        ]
      },
      "properties": {
        "cell_id": "50m_15205_50448",
        "grid_m": 50,
        "projected_area_m2": 2500.0,
        "lon": 89.535223766,
        "lat": 22.78928115,
        "NDVI_S2_median": 0.2870422601699829,
        "vegetation_pct_valid": 16.0,
        "NDVI_2019": 0.3378788888454437,
        "NDVI_2026": 0.2870422601699829,
        "delta_NDVI": -0.050836627893149855,
        "optical_valid_pct": 100,
        "common_valid_pct": 100,
        "S2_nobs": 9.48,
        "valid_10m_pixels": 25,
        "tree_class_pct_2021": 0.0,
        "tree_context_valid_pct": 100,
        "period_start": "2026-03-15",
        "period_end_exclusive": "2026-06-01",
        "veg_ndvi_threshold": 0.35,
        "aggregation": "10m raster values weighted by exact clipped pixel area"
      }
    },
    {
      "type": "Feature",
      "geometry": {
        "type": "Polygon",
        "coordinates": [
          [
            [
              89.534992955,
              22.78996188
            ],
            [
              89.534984609,
              22.78951064
            ],
            [
              89.53547127,
              22.7895029
            ],
            [
              89.535479618,
              22.78995414
            ],
            [
              89.534992955,
              22.78996188
            ]
          ]
        ]
      },
      "properties": {
        "cell_id": "50m_15205_50449",
        "grid_m": 50,
        "projected_area_m2": 2500.0,
        "lon": 89.535232113,
        "lat": 22.78973239,
        "NDVI_S2_median": 0.43489583253860475,
        "vegetation_pct_valid": 68.0,
        "NDVI_2019": 0.5027357065677642,
        "NDVI_2026": 0.43489583253860475,
        "delta_NDVI": -0.06783987008035183,
        "optical_valid_pct": 100,
        "common_valid_pct": 100,
        "S2_nobs": 9.84,
        "valid_10m_pixels": 25,
        "tree_class_pct_2021": 44.0,
        "tree_context_valid_pct": 100,
        "period_start": "2026-03-15",
        "period_end_exclusive": "2026-06-01",
        "veg_ndvi_threshold": 0.35,
        "aggregation": "10m raster values weighted by exact clipped pixel area"
      }
    },
    {
      "type": "Feature",
      "geometry": {
        "type": "Polygon",
        "coordinates": [
          [
            [
              89.535001301,
              22.79041312
            ],
            [
              89.534992955,
              22.78996188
            ],
            [
              89.535479618,
              22.78995414
            ],
            [
              89.535487965,
              22.79040538
            ],
            [
              89.535001301,
              22.79041312
            ]
          ]
        ]
      },
      "properties": {
        "cell_id": "50m_15205_50450",
        "grid_m": 50,
        "projected_area_m2": 2500.0,
        "lon": 89.53524046,
        "lat": 22.79018363,
        "NDVI_S2_median": 0.4957633376121521,
        "vegetation_pct_valid": 88.0,
        "NDVI_2019": 0.6099071609973907,
        "NDVI_2026": 0.4957633376121521,
        "delta_NDVI": -0.11414381774142385,
        "optical_valid_pct": 100,
        "common_valid_pct": 100,
        "S2_nobs": 10.0,
        "valid_10m_pixels": 25,
        "tree_class_pct_2021": 92.0,
        "tree_context_valid_pct": 100,
        "period_start": "2026-03-15",
        "period_end_exclusive": "2026-06-01",
        "veg_ndvi_threshold": 0.35,
        "aggregation": "10m raster values weighted by exact clipped pixel area"
      }
    },
    {
      "type": "Feature",
      "geometry": {
        "type": "Polygon",
        "coordinates": [
          [
            [
              89.535009647,
              22.79086436
            ],
            [
              89.535001301,
              22.79041312
            ],
            [
              89.535487965,
              22.79040538
            ],
            [
              89.535496313,
              22.79085662
            ],
            [
              89.535009647,
              22.79086436
            ]
          ]
        ]
      },
      "properties": {
        "cell_id": "50m_15205_50451",
        "grid_m": 50,
        "projected_area_m2": 2500.0,
        "lon": 89.535248807,
        "lat": 22.79063487,
        "NDVI_S2_median": 0.42530894100666045,
        "vegetation_pct_valid": 60.0,
        "NDVI_2019": 0.6075899690389633,
        "NDVI_2026": 0.42530894100666045,
        "delta_NDVI": -0.18228103160858156,
        "optical_valid_pct": 100,
        "common_valid_pct": 100,
        "S2_nobs": 10.0,
        "valid_10m_pixels": 25,
        "tree_class_pct_2021": 68.0,
        "tree_context_valid_pct": 100,
        "period_start": "2026-03-15",
        "period_end_exclusive": "2026-06-01",
        "veg_ndvi_threshold": 0.35,
        "aggregation": "10m raster values weighted by exact clipped pixel area"
      }
    },
    {
      "type": "Feature",
      "geometry": {
        "type": "Polygon",
        "coordinates": [
          [
            [
              89.535017993,
              22.7913156
            ],
            [
              89.535009647,
              22.79086436
            ],
            [
              89.535496313,
              22.79085662
            ],
            [
              89.535504661,
              22.79130786
            ],
            [
              89.535017993,
              22.7913156
            ]
          ]
        ]
      },
      "properties": {
        "cell_id": "50m_15205_50452",
        "grid_m": 50,
        "projected_area_m2": 2500.0,
        "lon": 89.535257154,
        "lat": 22.79108611,
        "NDVI_S2_median": 0.4509210669994354,
        "vegetation_pct_valid": 64.0,
        "NDVI_2019": 0.42315791845321654,
        "NDVI_2026": 0.4509210669994354,
        "delta_NDVI": 0.027763150492683054,
        "optical_valid_pct": 100,
        "common_valid_pct": 100,
        "S2_nobs": 9.92,
        "valid_10m_pixels": 25,
        "tree_class_pct_2021": 48.0,
        "tree_context_valid_pct": 100,
        "period_start": "2026-03-15",
        "period_end_exclusive": "2026-06-01",
        "veg_ndvi_threshold": 0.35,
        "aggregation": "10m raster values weighted by exact clipped pixel area"
      }
    },
    {
      "type": "Feature",
      "geometry": {
        "type": "Polygon",
        "coordinates": [
          [
            [
              89.53502634,
              22.79176684
            ],
            [
              89.535017993,
              22.7913156
            ],
            [
              89.535504661,
              22.79130786
            ],
            [
              89.53551301,
              22.7917591
            ],
            [
              89.53502634,
              22.79176684
            ]
          ]
        ]
      },
      "properties": {
        "cell_id": "50m_15205_50453",
        "grid_m": 50,
        "projected_area_m2": 2500.0,
        "lon": 89.535265501,
        "lat": 22.79153735,
        "NDVI_S2_median": 0.2953562453389168,
        "vegetation_pct_valid": 32.0,
        "NDVI_2019": 0.36152921348810196,
        "NDVI_2026": 0.2953562453389168,
        "delta_NDVI": -0.06617296360898763,
        "optical_valid_pct": 100,
        "common_valid_pct": 100,
        "S2_nobs": 9.56,
        "valid_10m_pixels": 25,
        "tree_class_pct_2021": 40.0,
        "tree_context_valid_pct": 100,
        "period_start": "2026-03-15",
        "period_end_exclusive": "2026-06-01",
        "veg_ndvi_threshold": 0.35,
        "aggregation": "10m raster values weighted by exact clipped pixel area"
      }
    },
    {
      "type": "Feature",
      "geometry": {
        "type": "Polygon",
        "coordinates": [
          [
            [
              89.535034687,
              22.79221808
            ],
            [
              89.53502634,
              22.79176684
            ],
            [
              89.53551301,
              22.7917591
            ],
            [
              89.535521358,
              22.79221034
            ],
            [
              89.535034687,
              22.79221808
            ]
          ]
        ]
      },
      "properties": {
        "cell_id": "50m_15205_50454",
        "grid_m": 50,
        "projected_area_m2": 2500.0,
        "lon": 89.535273849,
        "lat": 22.79198859,
        "NDVI_S2_median": 0.36169383585453035,
        "vegetation_pct_valid": 60.0,
        "NDVI_2019": 0.27736069679260256,
        "NDVI_2026": 0.36169383585453035,
        "delta_NDVI": 0.0843331398256123,
        "optical_valid_pct": 100,
        "common_valid_pct": 100,
        "S2_nobs": 9.12,
        "valid_10m_pixels": 25,
        "tree_class_pct_2021": 40.0,
        "tree_context_valid_pct": 100,
        "period_start": "2026-03-15",
        "period_end_exclusive": "2026-06-01",
        "veg_ndvi_threshold": 0.35,
        "aggregation": "10m raster values weighted by exact clipped pixel area"
      }
    },
    {
      "type": "Feature",
      "geometry": {
        "type": "Polygon",
        "coordinates": [
          [
            [
              89.535043034,
              22.79266932
            ],
            [
              89.535034687,
              22.79221808
            ],
            [
              89.535521358,
              22.79221034
            ],
            [
              89.535529707,
              22.79266158
            ],
            [
              89.535043034,
              22.79266932
            ]
          ]
        ]
      },
      "properties": {
        "cell_id": "50m_15205_50455",
        "grid_m": 50,
        "projected_area_m2": 2500.0,
        "lon": 89.535282197,
        "lat": 22.79243983,
        "NDVI_S2_median": 0.40811259746551515,
        "vegetation_pct_valid": 56.00000000000001,
        "NDVI_2019": 0.5452341675758362,
        "NDVI_2026": 0.40811259746551515,
        "delta_NDVI": -0.13712157875299455,
        "optical_valid_pct": 100,
        "common_valid_pct": 100,
        "S2_nobs": 8.08,
        "valid_10m_pixels": 25,
        "tree_class_pct_2021": 80.0,
        "tree_context_valid_pct": 100,
        "period_start": "2026-03-15",
        "period_end_exclusive": "2026-06-01",
        "veg_ndvi_threshold": 0.35,
        "aggregation": "10m raster values weighted by exact clipped pixel area"
      }
    },
    {
      "type": "Feature",
      "geometry": {
        "type": "Polygon",
        "coordinates": [
          [
            [
              89.535051382,
              22.79312056
            ],
            [
              89.535043034,
              22.79266932
            ],
            [
              89.535529707,
              22.79266158
            ],
            [
              89.535538056,
              22.793112819
            ],
            [
              89.535051382,
              22.79312056
            ]
          ]
        ]
      },
      "properties": {
        "cell_id": "50m_15205_50456",
        "grid_m": 50,
        "projected_area_m2": 2500.0,
        "lon": 89.535290545,
        "lat": 22.79289107,
        "NDVI_S2_median": 0.3181392580270767,
        "vegetation_pct_valid": 40.0,
        "NDVI_2019": 0.378057861328125,
        "NDVI_2026": 0.3181392580270767,
        "delta_NDVI": -0.05991860080510378,
        "optical_valid_pct": 100,
        "common_valid_pct": 100,
        "S2_nobs": 8.0,
        "valid_10m_pixels": 25,
        "tree_class_pct_2021": 12.0,
        "tree_context_valid_pct": 100,
        "period_start": "2026-03-15",
        "period_end_exclusive": "2026-06-01",
        "veg_ndvi_threshold": 0.35,
        "aggregation": "10m raster values weighted by exact clipped pixel area"
      }
    },
    {
      "type": "Feature",
      "geometry": {
        "type": "Polygon",
        "coordinates": [
          [
            [
              89.535059729,
              22.7935718
            ],
            [
              89.535051382,
              22.79312056
            ],
            [
              89.535538056,
              22.793112819
            ],
            [
              89.535546405,
              22.793564059
            ],
            [
              89.535059729,
              22.7935718
            ]
          ]
        ]
      },
      "properties": {
        "cell_id": "50m_15205_50457",
        "grid_m": 50,
        "projected_area_m2": 2500.0,
        "lon": 89.535298893,
        "lat": 22.79334231,
        "NDVI_S2_median": 0.5271936178207397,
        "vegetation_pct_valid": 100.0,
        "NDVI_2019": 0.47382181882858276,
        "NDVI_2026": 0.5271936178207397,
        "delta_NDVI": 0.05337180104106665,
        "optical_valid_pct": 100,
        "common_valid_pct": 100,
        "S2_nobs": 8.76,
        "valid_10m_pixels": 25,
        "tree_class_pct_2021": 100.0,
        "tree_context_valid_pct": 100,
        "period_start": "2026-03-15",
        "period_end_exclusive": "2026-06-01",
        "veg_ndvi_threshold": 0.35,
        "aggregation": "10m raster values weighted by exact clipped pixel area"
      }
    },
    {
      "type": "Feature",
      "geometry": {
        "type": "Polygon",
        "coordinates": [
          [
            [
              89.535068077,
              22.79402304
            ],
            [
              89.535059729,
              22.7935718
            ],
            [
              89.535546405,
              22.793564059
            ],
            [
              89.535554755,
              22.794015299
            ],
            [
              89.535068077,
              22.79402304
            ]
          ]
        ]
      },
      "properties": {
        "cell_id": "50m_15205_50458",
        "grid_m": 50,
        "projected_area_m2": 2500.0,
        "lon": 89.535307242,
        "lat": 22.793793549,
        "NDVI_S2_median": 0.5163385725021362,
        "vegetation_pct_valid": 80.0,
        "NDVI_2019": 0.6173998987674714,
        "NDVI_2026": 0.5163385725021362,
        "delta_NDVI": -0.10106132690154482,
        "optical_valid_pct": 100,
        "common_valid_pct": 100,
        "S2_nobs": 9.76,
        "valid_10m_pixels": 25,
        "tree_class_pct_2021": 80.0,
        "tree_context_valid_pct": 100,
        "period_start": "2026-03-15",
        "period_end_exclusive": "2026-06-01",
        "veg_ndvi_threshold": 0.35,
        "aggregation": "10m raster values weighted by exact clipped pixel area"
      }
    },
    {
      "type": "Feature",
      "geometry": {
        "type": "Polygon",
        "coordinates": [
          [
            [
              89.535076425,
              22.794474279
            ],
            [
              89.535068077,
              22.79402304
            ],
            [
              89.535554755,
              22.794015299
            ],
            [
              89.535563104,
              22.794466538
            ],
            [
              89.535076425,
              22.794474279
            ]
          ]
        ]
      },
      "properties": {
        "cell_id": "50m_15205_50459",
        "grid_m": 50,
        "projected_area_m2": 2500.0,
        "lon": 89.53531559,
        "lat": 22.794244789,
        "NDVI_S2_median": 0.23673912167549133,
        "vegetation_pct_valid": 24.0,
        "NDVI_2019": 0.3524715381860733,
        "NDVI_2026": 0.23673912167549133,
        "delta_NDVI": -0.11573241423815489,
        "optical_valid_pct": 100,
        "common_valid_pct": 100,
        "S2_nobs": 9.84,
        "valid_10m_pixels": 25,
        "tree_class_pct_2021": 12.0,
        "tree_context_valid_pct": 100,
        "period_start": "2026-03-15",
        "period_end_exclusive": "2026-06-01",
        "veg_ndvi_threshold": 0.35,
        "aggregation": "10m raster values weighted by exact clipped pixel area"
      }
    },
    {
      "type": "Feature",
      "geometry": {
        "type": "Polygon",
        "coordinates": [
          [
            [
              89.535084773,
              22.794925519
            ],
            [
              89.535076425,
              22.794474279
            ],
            [
              89.535563104,
              22.794466538
            ],
            [
              89.535571454,
              22.794917778
            ],
            [
              89.535084773,
              22.794925519
            ]
          ]
        ]
      },
      "properties": {
        "cell_id": "50m_15205_50460",
        "grid_m": 50,
        "projected_area_m2": 2500.0,
        "lon": 89.535323939,
        "lat": 22.794696029,
        "NDVI_S2_median": 0.39640199214220045,
        "vegetation_pct_valid": 64.0,
        "NDVI_2019": 0.4020692119002342,
        "NDVI_2026": 0.39640199214220045,
        "delta_NDVI": -0.005667216125875712,
        "optical_valid_pct": 100,
        "common_valid_pct": 100,
        "S2_nobs": 10.0,
        "valid_10m_pixels": 25,
        "tree_class_pct_2021": 16.0,
        "tree_context_valid_pct": 100,
        "period_start": "2026-03-15",
        "period_end_exclusive": "2026-06-01",
        "veg_ndvi_threshold": 0.35,
        "aggregation": "10m raster values weighted by exact clipped pixel area"
      }
    },
    {
      "type": "Feature",
      "geometry": {
        "type": "Polygon",
        "coordinates": [
          [
            [
              89.535093122,
              22.795376759
            ],
            [
              89.535084773,
              22.794925519
            ],
            [
              89.535571454,
              22.794917778
            ],
            [
              89.535579804,
              22.795369018
            ],
            [
              89.535093122,
              22.795376759
            ]
          ]
        ]
      },
      "properties": {
        "cell_id": "50m_15205_50461",
        "grid_m": 50,
        "projected_area_m2": 2500.0,
        "lon": 89.535332288,
        "lat": 22.795147269,
        "NDVI_S2_median": 0.3787134566903114,
        "vegetation_pct_valid": 60.0,
        "NDVI_2019": 0.3480281788110733,
        "NDVI_2026": 0.3787134566903114,
        "delta_NDVI": 0.0306852781586349,
        "optical_valid_pct": 100,
        "common_valid_pct": 100,
        "S2_nobs": 9.08,
        "valid_10m_pixels": 25,
        "tree_class_pct_2021": 28.000000000000004,
        "tree_context_valid_pct": 100,
        "period_start": "2026-03-15",
        "period_end_exclusive": "2026-06-01",
        "veg_ndvi_threshold": 0.35,
        "aggregation": "10m raster values weighted by exact clipped pixel area"
      }
    },
    {
      "type": "Feature",
      "geometry": {
        "type": "Polygon",
        "coordinates": [
          [
            [
              89.53510147,
              22.795827999
            ],
            [
              89.535093122,
              22.795376759
            ],
            [
              89.535579804,
              22.795369018
            ],
            [
              89.535588154,
              22.795820257
            ],
            [
              89.53510147,
              22.795827999
            ]
          ]
        ]
      },
      "properties": {
        "cell_id": "50m_15205_50462",
        "grid_m": 50,
        "projected_area_m2": 2500.0,
        "lon": 89.535340638,
        "lat": 22.795598508,
        "NDVI_S2_median": 0.3327675598859787,
        "vegetation_pct_valid": 40.0,
        "NDVI_2019": 0.2949255734682083,
        "NDVI_2026": 0.3327675598859787,
        "delta_NDVI": 0.03784198509529233,
        "optical_valid_pct": 100,
        "common_valid_pct": 100,
        "S2_nobs": 9.0,
        "valid_10m_pixels": 25,
        "tree_class_pct_2021": 20.0,
        "tree_context_valid_pct": 100,
        "period_start": "2026-03-15",
        "period_end_exclusive": "2026-06-01",
        "veg_ndvi_threshold": 0.35,
        "aggregation": "10m raster values weighted by exact clipped pixel area"
      }
    },
    {
      "type": "Feature",
      "geometry": {
        "type": "Polygon",
        "coordinates": [
          [
            [
              89.535109819,
              22.796279239
            ],
            [
              89.53510147,
              22.795827999
            ],
            [
              89.535588154,
              22.795820257
            ],
            [
              89.535596505,
              22.796271497
            ],
            [
              89.535109819,
              22.796279239
            ]
          ]
        ]
      },
      "properties": {
        "cell_id": "50m_15205_50463",
        "grid_m": 50,
        "projected_area_m2": 2500.0,
        "lon": 89.535348987,
        "lat": 22.796049748,
        "NDVI_S2_median": 0.3537453675270081,
        "vegetation_pct_valid": 48.0,
        "NDVI_2019": 0.32327921226620676,
        "NDVI_2026": 0.3537453675270081,
        "delta_NDVI": 0.03046615978702903,
        "optical_valid_pct": 100,
        "common_valid_pct": 100,
        "S2_nobs": 9.08,
        "valid_10m_pixels": 25,
        "tree_class_pct_2021": 0.0,
        "tree_context_valid_pct": 100,
        "period_start": "2026-03-15",
        "period_end_exclusive": "2026-06-01",
        "veg_ndvi_threshold": 0.35,
        "aggregation": "10m raster values weighted by exact clipped pixel area"
      }
    },
    {
      "type": "Feature",
      "geometry": {
        "type": "Polygon",
        "coordinates": [
          [
            [
              89.535118168,
              22.796730478
            ],
            [
              89.535109819,
              22.796279239
            ],
            [
              89.535596505,
              22.796271497
            ],
            [
              89.535604856,
              22.796722736
            ],
            [
              89.535118168,
              22.796730478
            ]
          ]
        ]
      },
      "properties": {
        "cell_id": "50m_15205_50464",
        "grid_m": 50,
        "projected_area_m2": 2500.0,
        "lon": 89.535357337,
        "lat": 22.796500988,
        "NDVI_S2_median": 0.3788884770870209,
        "vegetation_pct_valid": 56.00000000000001,
        "NDVI_2019": 0.4029398918151855,
        "NDVI_2026": 0.3788884770870209,
        "delta_NDVI": -0.024051414616405965,
        "optical_valid_pct": 100,
        "common_valid_pct": 100,
        "S2_nobs": 10.0,
        "valid_10m_pixels": 25,
        "tree_class_pct_2021": 20.0,
        "tree_context_valid_pct": 100,
        "period_start": "2026-03-15",
        "period_end_exclusive": "2026-06-01",
        "veg_ndvi_threshold": 0.35,
        "aggregation": "10m raster values weighted by exact clipped pixel area"
      }
    },
    {
      "type": "Feature",
      "geometry": {
        "type": "Polygon",
        "coordinates": [
          [
            [
              89.535126518,
              22.797181718
            ],
            [
              89.535118168,
              22.796730478
            ],
            [
              89.535604856,
              22.796722736
            ],
            [
              89.535613206,
              22.797173976
            ],
            [
              89.535126518,
              22.797181718
            ]
          ]
        ]
      },
      "properties": {
        "cell_id": "50m_15205_50465",
        "grid_m": 50,
        "projected_area_m2": 2500.0,
        "lon": 89.535365687,
        "lat": 22.796952227,
        "NDVI_S2_median": 0.4221989399194717,
        "vegetation_pct_valid": 68.0,
        "NDVI_2019": 0.4202327340841293,
        "NDVI_2026": 0.4221989399194717,
        "delta_NDVI": 0.0019662098586559294,
        "optical_valid_pct": 100,
        "common_valid_pct": 100,
        "S2_nobs": 10.0,
        "valid_10m_pixels": 25,
        "tree_class_pct_2021": 40.0,
        "tree_context_valid_pct": 100,
        "period_start": "2026-03-15",
        "period_end_exclusive": "2026-06-01",
        "veg_ndvi_threshold": 0.35,
        "aggregation": "10m raster values weighted by exact clipped pixel area"
      }
    },
    {
      "type": "Feature",
      "geometry": {
        "type": "Polygon",
        "coordinates": [
          [
            [
              89.535134867,
              22.797632958
            ],
            [
              89.535126518,
              22.797181718
            ],
            [
              89.535613206,
              22.797173976
            ],
            [
              89.535621557,
              22.797625215
            ],
            [
              89.535134867,
              22.797632958
            ]
          ]
        ]
      },
      "properties": {
        "cell_id": "50m_15205_50466",
        "grid_m": 50,
        "projected_area_m2": 2500.0,
        "lon": 89.535374037,
        "lat": 22.797403467,
        "NDVI_S2_median": 0.3860700652003288,
        "vegetation_pct_valid": 60.0,
        "NDVI_2019": 0.4935931932926178,
        "NDVI_2026": 0.3860700652003288,
        "delta_NDVI": -0.10752313101664185,
        "optical_valid_pct": 100,
        "common_valid_pct": 100,
        "S2_nobs": 10.0,
        "valid_10m_pixels": 25,
        "tree_class_pct_2021": 24.0,
        "tree_context_valid_pct": 100,
        "period_start": "2026-03-15",
        "period_end_exclusive": "2026-06-01",
        "veg_ndvi_threshold": 0.35,
        "aggregation": "10m raster values weighted by exact clipped pixel area"
      }
    },
    {
      "type": "Feature",
      "geometry": {
        "type": "Polygon",
        "coordinates": [
          [
            [
              89.535143217,
              22.798084197
            ],
            [
              89.535134867,
              22.797632958
            ],
            [
              89.535621557,
              22.797625215
            ],
            [
              89.535629909,
              22.798076455
            ],
            [
              89.535143217,
              22.798084197
            ]
          ]
        ]
      },
      "properties": {
        "cell_id": "50m_15205_50467",
        "grid_m": 50,
        "projected_area_m2": 2500.0,
        "lon": 89.535382388,
        "lat": 22.797854706,
        "NDVI_S2_median": 0.41957480311393736,
        "vegetation_pct_valid": 68.0,
        "NDVI_2019": 0.5980646288394929,
        "NDVI_2026": 0.41957480311393736,
        "delta_NDVI": -0.17848982889205217,
        "optical_valid_pct": 100,
        "common_valid_pct": 100,
        "S2_nobs": 10.0,
        "valid_10m_pixels": 25,
        "tree_class_pct_2021": 32.0,
        "tree_context_valid_pct": 100,
        "period_start": "2026-03-15",
        "period_end_exclusive": "2026-06-01",
        "veg_ndvi_threshold": 0.35,
        "aggregation": "10m raster values weighted by exact clipped pixel area"
      }
    },
    {
      "type": "Feature",
      "geometry": {
        "type": "Polygon",
        "coordinates": [
          [
            [
              89.535151567,
              22.798535437
            ],
            [
              89.535143217,
              22.798084197
            ],
            [
              89.535629909,
              22.798076455
            ],
            [
              89.53563826,
              22.798527694
            ],
            [
              89.535151567,
              22.798535437
            ]
          ]
        ]
      },
      "properties": {
        "cell_id": "50m_15205_50468",
        "grid_m": 50,
        "projected_area_m2": 2500.0,
        "lon": 89.535390738,
        "lat": 22.798305946,
        "NDVI_S2_median": 0.34246824964880945,
        "vegetation_pct_valid": 48.0,
        "NDVI_2019": 0.37788344323635104,
        "NDVI_2026": 0.34246824964880945,
        "delta_NDVI": -0.03541519623249769,
        "optical_valid_pct": 100,
        "common_valid_pct": 100,
        "S2_nobs": 10.0,
        "valid_10m_pixels": 25,
        "tree_class_pct_2021": 52.0,
        "tree_context_valid_pct": 100,
        "period_start": "2026-03-15",
        "period_end_exclusive": "2026-06-01",
        "veg_ndvi_threshold": 0.35,
        "aggregation": "10m raster values weighted by exact clipped pixel area"
      }
    },
    {
      "type": "Feature",
      "geometry": {
        "type": "Polygon",
        "coordinates": [
          [
            [
              89.535159917,
              22.798986676
            ],
            [
              89.535151567,
              22.798535437
            ],
            [
              89.53563826,
              22.798527694
            ],
            [
              89.535646612,
              22.798978934
            ],
            [
              89.535159917,
              22.798986676
            ]
          ]
        ]
      },
      "properties": {
        "cell_id": "50m_15205_50469",
        "grid_m": 50,
        "projected_area_m2": 2500.0,
        "lon": 89.535399089,
        "lat": 22.798757185,
        "NDVI_S2_median": 0.5257307577133179,
        "vegetation_pct_valid": 72.0,
        "NDVI_2019": 0.5707637882232666,
        "NDVI_2026": 0.5257307577133179,
        "delta_NDVI": -0.04503303396515548,
        "optical_valid_pct": 100,
        "common_valid_pct": 100,
        "S2_nobs": 9.92,
        "valid_10m_pixels": 25,
        "tree_class_pct_2021": 48.0,
        "tree_context_valid_pct": 100,
        "period_start": "2026-03-15",
        "period_end_exclusive": "2026-06-01",
        "veg_ndvi_threshold": 0.35,
        "aggregation": "10m raster values weighted by exact clipped pixel area"
      }
    },
    {
      "type": "Feature",
      "geometry": {
        "type": "Polygon",
        "coordinates": [
          [
            [
              89.535168267,
              22.799437916
            ],
            [
              89.535159917,
              22.798986676
            ],
            [
              89.535646612,
              22.798978934
            ],
            [
              89.535654964,
              22.799430173
            ],
            [
              89.535168267,
              22.799437916
            ]
          ]
        ]
      },
      "properties": {
        "cell_id": "50m_15205_50470",
        "grid_m": 50,
        "projected_area_m2": 2500.0,
        "lon": 89.53540744,
        "lat": 22.799208425,
        "NDVI_S2_median": 0.4074103853106499,
        "vegetation_pct_valid": 56.00000000000001,
        "NDVI_2019": 0.5193616133928299,
        "NDVI_2026": 0.4074103853106499,
        "delta_NDVI": -0.11195122603327036,
        "optical_valid_pct": 100,
        "common_valid_pct": 100,
        "S2_nobs": 9.0,
        "valid_10m_pixels": 25,
        "tree_class_pct_2021": 52.0,
        "tree_context_valid_pct": 100,
        "period_start": "2026-03-15",
        "period_end_exclusive": "2026-06-01",
        "veg_ndvi_threshold": 0.35,
        "aggregation": "10m raster values weighted by exact clipped pixel area"
      }
    },
    {
      "type": "Feature",
      "geometry": {
        "type": "Polygon",
        "coordinates": [
          [
            [
              89.535168267,
              22.799437916
            ],
            [
              89.535654964,
              22.799430173
            ],
            [
              89.535663316,
              22.799881412
            ],
            [
              89.535562668,
              22.799883014
            ],
            [
              89.535175029,
              22.799803279
            ],
            [
              89.535168267,
              22.799437916
            ]
          ]
        ]
      },
      "properties": {
        "cell_id": "50m_15205_50471",
        "grid_m": 50,
        "projected_area_m2": 2311.304068407979,
        "lon": 89.535415791,
        "lat": 22.799659664,
        "NDVI_S2_median": 0.2304205480313918,
        "vegetation_pct_valid": 13.4687630528657,
        "NDVI_2019": 0.39082430812345487,
        "NDVI_2026": 0.2304205480313918,
        "delta_NDVI": -0.16040376002584966,
        "optical_valid_pct": 99.99999999985685,
        "common_valid_pct": 99.99999999985685,
        "S2_nobs": 9.0,
        "valid_10m_pixels": 25,
        "tree_class_pct_2021": 4.326561847356715,
        "tree_context_valid_pct": 99.99999999985685,
        "period_start": "2026-03-15",
        "period_end_exclusive": "2026-06-01",
        "veg_ndvi_threshold": 0.35,
        "aggregation": "10m raster values weighted by exact clipped pixel area"
      }
    },
    {
      "type": "Feature",
      "geometry": {
        "type": "Polygon",
        "coordinates": [
          [
            [
              89.535663316,
              22.799881412
            ],
            [
              89.535663731,
              22.799903801
            ],
            [
              89.535562668,
              22.799883014
            ],
            [
              89.535663316,
              22.799881412
            ]
          ]
        ]
      },
      "properties": {
        "cell_id": "50m_15205_50472",
        "grid_m": 50,
        "projected_area_m2": 12.825786503057538,
        "lon": 89.535613199,
        "lat": 22.799893408,
        "NDVI_S2_median": 0.5320614576339722,
        "vegetation_pct_valid": 100.0,
        "NDVI_2019": 0.6197758913040161,
        "NDVI_2026": 0.5320614576339722,
        "delta_NDVI": -0.08771442621946335,
        "optical_valid_pct": 99.89195972531354,
        "common_valid_pct": 99.89195972531354,
        "S2_nobs": 9.0,
        "valid_10m_pixels": 1,
        "tree_class_pct_2021": 0.0,
        "tree_context_valid_pct": 99.89195972531354,
        "period_start": "2026-03-15",
        "period_end_exclusive": "2026-06-01",
        "veg_ndvi_threshold": 0.35,
        "aggregation": "10m raster values weighted by exact clipped pixel area"
      }
    },
    {
      "type": "Feature",
      "geometry": {
        "type": "Polygon",
        "coordinates": [
          [
            [
              89.53542119,
              22.78679546
            ],
            [
              89.53541953,
              22.786705729
            ],
            [
              89.535900551,
              22.78639365
            ],
            [
              89.535907842,
              22.786787721
            ],
            [
              89.53542119,
              22.78679546
            ]
          ]
        ]
      },
      "properties": {
        "cell_id": "50m_15206_50442",
        "grid_m": 50,
        "projected_area_m2": 1340.1989007252268,
        "lon": 89.535660871,
        "lat": 22.786594555,
        "NDVI_S2_median": 0.4313607275962012,
        "vegetation_pct_valid": 83.59479914914886,
        "NDVI_2019": 0.4379274413676778,
        "NDVI_2026": 0.4313607275962012,
        "delta_NDVI": -0.006566714265258632,
        "optical_valid_pct": 99.99828191576518,
        "common_valid_pct": 99.99828191576518,
        "S2_nobs": 9.0,
        "valid_10m_pixels": 17,
        "tree_class_pct_2021": 0.0,
        "tree_context_valid_pct": 99.99828191576518,
        "period_start": "2026-03-15",
        "period_end_exclusive": "2026-06-01",
        "veg_ndvi_threshold": 0.35,
        "aggregation": "10m raster values weighted by exact clipped pixel area"
      }
    },
    {
      "type": "Feature",
      "geometry": {
        "type": "Polygon",
        "coordinates": [
          [
            [
              89.535429536,
              22.7872467
            ],
            [
              89.53542119,
              22.78679546
            ],
            [
              89.535907842,
              22.786787721
            ],
            [
              89.535916189,
              22.78723896
            ],
            [
              89.535429536,
              22.7872467
            ]
          ]
        ]
      },
      "properties": {
        "cell_id": "50m_15206_50443",
        "grid_m": 50,
        "projected_area_m2": 2500.0,
        "lon": 89.535668689,
        "lat": 22.78701721,
        "NDVI_S2_median": 0.318984269797802,
        "vegetation_pct_valid": 40.0,
        "NDVI_2019": 0.5667853283882142,
        "NDVI_2026": 0.318984269797802,
        "delta_NDVI": -0.2478010626870673,
        "optical_valid_pct": 100,
        "common_valid_pct": 100,
        "S2_nobs": 8.64,
        "valid_10m_pixels": 25,
        "tree_class_pct_2021": 40.0,
        "tree_context_valid_pct": 100,
        "period_start": "2026-03-15",
        "period_end_exclusive": "2026-06-01",
        "veg_ndvi_threshold": 0.35,
        "aggregation": "10m raster values weighted by exact clipped pixel area"
      }
    },
    {
      "type": "Feature",
      "geometry": {
        "type": "Polygon",
        "coordinates": [
          [
            [
              89.535437882,
              22.78769794
            ],
            [
              89.535429536,
              22.7872467
            ],
            [
              89.535916189,
              22.78723896
            ],
            [
              89.535924537,
              22.7876902
            ],
            [
              89.535437882,
              22.78769794
            ]
          ]
        ]
      },
      "properties": {
        "cell_id": "50m_15206_50444",
        "grid_m": 50,
        "projected_area_m2": 2500.0,
        "lon": 89.535677036,
        "lat": 22.787468451,
        "NDVI_S2_median": 0.25082618065178397,
        "vegetation_pct_valid": 28.000000000000004,
        "NDVI_2019": 0.40957363426685334,
        "NDVI_2026": 0.25082618065178397,
        "delta_NDVI": -0.15874745324254036,
        "optical_valid_pct": 100,
        "common_valid_pct": 100,
        "S2_nobs": 7.96,
        "valid_10m_pixels": 25,
        "tree_class_pct_2021": 40.0,
        "tree_context_valid_pct": 100,
        "period_start": "2026-03-15",
        "period_end_exclusive": "2026-06-01",
        "veg_ndvi_threshold": 0.35,
        "aggregation": "10m raster values weighted by exact clipped pixel area"
      }
    },
    {
      "type": "Feature",
      "geometry": {
        "type": "Polygon",
        "coordinates": [
          [
            [
              89.535446229,
              22.78814918
            ],
            [
              89.535437882,
              22.78769794
            ],
            [
              89.535924537,
              22.7876902
            ],
            [
              89.535932886,
              22.78814144
            ],
            [
              89.535446229,
              22.78814918
            ]
          ]
        ]
      },
      "properties": {
        "cell_id": "50m_15206_50445",
        "grid_m": 50,
        "projected_area_m2": 2500.0,
        "lon": 89.535685384,
        "lat": 22.787919691,
        "NDVI_S2_median": 0.3449652880430222,
        "vegetation_pct_valid": 44.0,
        "NDVI_2019": 0.4399100410938263,
        "NDVI_2026": 0.3449652880430222,
        "delta_NDVI": -0.09494475580751896,
        "optical_valid_pct": 100,
        "common_valid_pct": 100,
        "S2_nobs": 8.12,
        "valid_10m_pixels": 25,
        "tree_class_pct_2021": 32.0,
        "tree_context_valid_pct": 100,
        "period_start": "2026-03-15",
        "period_end_exclusive": "2026-06-01",
        "veg_ndvi_threshold": 0.35,
        "aggregation": "10m raster values weighted by exact clipped pixel area"
      }
    },
    {
      "type": "Feature",
      "geometry": {
        "type": "Polygon",
        "coordinates": [
          [
            [
              89.535454576,
              22.78860042
            ],
            [
              89.535446229,
              22.78814918
            ],
            [
              89.535932886,
              22.78814144
            ],
            [
              89.535941234,
              22.78859268
            ],
            [
              89.535454576,
              22.78860042
            ]
          ]
        ]
      },
      "properties": {
        "cell_id": "50m_15206_50446",
        "grid_m": 50,
        "projected_area_m2": 2500.0,
        "lon": 89.535693731,
        "lat": 22.788370931,
        "NDVI_S2_median": 0.3437544444203377,
        "vegetation_pct_valid": 52.0,
        "NDVI_2019": 0.41456269443035126,
        "NDVI_2026": 0.3437544444203377,
        "delta_NDVI": -0.07080824878066778,
        "optical_valid_pct": 100,
        "common_valid_pct": 100,
        "S2_nobs": 8.24,
        "valid_10m_pixels": 25,
        "tree_class_pct_2021": 4.0,
        "tree_context_valid_pct": 100,
        "period_start": "2026-03-15",
        "period_end_exclusive": "2026-06-01",
        "veg_ndvi_threshold": 0.35,
        "aggregation": "10m raster values weighted by exact clipped pixel area"
      }
    },
    {
      "type": "Feature",
      "geometry": {
        "type": "Polygon",
        "coordinates": [
          [
            [
              89.535462923,
              22.78905166
            ],
            [
              89.535454576,
              22.78860042
            ],
            [
              89.535941234,
              22.78859268
            ],
            [
              89.535949583,
              22.78904392
            ],
            [
              89.535462923,
              22.78905166
            ]
          ]
        ]
      },
      "properties": {
        "cell_id": "50m_15206_50447",
        "grid_m": 50,
        "projected_area_m2": 2500.0,
        "lon": 89.535702079,
        "lat": 22.78882217,
        "NDVI_S2_median": 0.4896337240934372,
        "vegetation_pct_valid": 72.0,
        "NDVI_2019": 0.5275874489545822,
        "NDVI_2026": 0.4896337240934372,
        "delta_NDVI": -0.03795372933149338,
        "optical_valid_pct": 100,
        "common_valid_pct": 100,
        "S2_nobs": 9.68,
        "valid_10m_pixels": 25,
        "tree_class_pct_2021": 56.00000000000001,
        "tree_context_valid_pct": 100,
        "period_start": "2026-03-15",
        "period_end_exclusive": "2026-06-01",
        "veg_ndvi_threshold": 0.35,
        "aggregation": "10m raster values weighted by exact clipped pixel area"
      }
    },
    {
      "type": "Feature",
      "geometry": {
        "type": "Polygon",
        "coordinates": [
          [
            [
              89.53547127,
              22.7895029
            ],
            [
              89.535462923,
              22.78905166
            ],
            [
              89.535949583,
              22.78904392
            ],
            [
              89.535957932,
              22.78949516
            ],
            [
              89.53547127,
              22.7895029
            ]
          ]
        ]
      },
      "properties": {
        "cell_id": "50m_15206_50448",
        "grid_m": 50,
        "projected_area_m2": 2500.0,
        "lon": 89.535710427,
        "lat": 22.78927341,
        "NDVI_S2_median": 0.33351223945617675,
        "vegetation_pct_valid": 20.0,
        "NDVI_2019": 0.32607420086860656,
        "NDVI_2026": 0.33351223945617675,
        "delta_NDVI": 0.007438037693500519,
        "optical_valid_pct": 100,
        "common_valid_pct": 100,
        "S2_nobs": 10.0,
        "valid_10m_pixels": 25,
        "tree_class_pct_2021": 4.0,
        "tree_context_valid_pct": 100,
        "period_start": "2026-03-15",
        "period_end_exclusive": "2026-06-01",
        "veg_ndvi_threshold": 0.35,
        "aggregation": "10m raster values weighted by exact clipped pixel area"
      }
    },
    {
      "type": "Feature",
      "geometry": {
        "type": "Polygon",
        "coordinates": [
          [
            [
              89.535479618,
              22.78995414
            ],
            [
              89.53547127,
              22.7895029
            ],
            [
              89.535957932,
              22.78949516
            ],
            [
              89.535966281,
              22.7899464
            ],
            [
              89.535479618,
              22.78995414
            ]
          ]
        ]
      },
      "properties": {
        "cell_id": "50m_15206_50449",
        "grid_m": 50,
        "projected_area_m2": 2500.0,
        "lon": 89.535718775,
        "lat": 22.78972465,
        "NDVI_S2_median": 0.361138591170311,
        "vegetation_pct_valid": 52.0,
        "NDVI_2019": 0.3653527516126633,
        "NDVI_2026": 0.361138591170311,
        "delta_NDVI": -0.004214160460978746,
        "optical_valid_pct": 100,
        "common_valid_pct": 100,
        "S2_nobs": 10.0,
        "valid_10m_pixels": 25,
        "tree_class_pct_2021": 0.0,
        "tree_context_valid_pct": 100,
        "period_start": "2026-03-15",
        "period_end_exclusive": "2026-06-01",
        "veg_ndvi_threshold": 0.35,
        "aggregation": "10m raster values weighted by exact clipped pixel area"
      }
    },
    {
      "type": "Feature",
      "geometry": {
        "type": "Polygon",
        "coordinates": [
          [
            [
              89.535487965,
              22.79040538
            ],
            [
              89.535479618,
              22.78995414
            ],
            [
              89.535966281,
              22.7899464
            ],
            [
              89.53597463,
              22.790397639
            ],
            [
              89.535487965,
              22.79040538
            ]
          ]
        ]
      },
      "properties": {
        "cell_id": "50m_15206_50450",
        "grid_m": 50,
        "projected_area_m2": 2500.0,
        "lon": 89.535727123,
        "lat": 22.79017589,
        "NDVI_S2_median": 0.3004088395833969,
        "vegetation_pct_valid": 36.0,
        "NDVI_2019": 0.33361588180065155,
        "NDVI_2026": 0.3004088395833969,
        "delta_NDVI": -0.03320703951641917,
        "optical_valid_pct": 100,
        "common_valid_pct": 100,
        "S2_nobs": 9.92,
        "valid_10m_pixels": 25,
        "tree_class_pct_2021": 12.0,
        "tree_context_valid_pct": 100,
        "period_start": "2026-03-15",
        "period_end_exclusive": "2026-06-01",
        "veg_ndvi_threshold": 0.35,
        "aggregation": "10m raster values weighted by exact clipped pixel area"
      }
    },
    {
      "type": "Feature",
      "geometry": {
        "type": "Polygon",
        "coordinates": [
          [
            [
              89.535496313,
              22.79085662
            ],
            [
              89.535487965,
              22.79040538
            ],
            [
              89.53597463,
              22.790397639
            ],
            [
              89.53598298,
              22.790848879
            ],
            [
              89.535496313,
              22.79085662
            ]
          ]
        ]
      },
      "properties": {
        "cell_id": "50m_15206_50451",
        "grid_m": 50,
        "projected_area_m2": 2500.0,
        "lon": 89.535735472,
        "lat": 22.79062713,
        "NDVI_S2_median": 0.41306710839271543,
        "vegetation_pct_valid": 64.0,
        "NDVI_2019": 0.4545706644654274,
        "NDVI_2026": 0.41306710839271543,
        "delta_NDVI": -0.04150354854762554,
        "optical_valid_pct": 100,
        "common_valid_pct": 100,
        "S2_nobs": 9.76,
        "valid_10m_pixels": 25,
        "tree_class_pct_2021": 16.0,
        "tree_context_valid_pct": 100,
        "period_start": "2026-03-15",
        "period_end_exclusive": "2026-06-01",
        "veg_ndvi_threshold": 0.35,
        "aggregation": "10m raster values weighted by exact clipped pixel area"
      }
    },
    {
      "type": "Feature",
      "geometry": {
        "type": "Polygon",
        "coordinates": [
          [
            [
              89.535504661,
              22.79130786
            ],
            [
              89.535496313,
              22.79085662
            ],
            [
              89.53598298,
              22.790848879
            ],
            [
              89.535991329,
              22.791300119
            ],
            [
              89.535504661,
              22.79130786
            ]
          ]
        ]
      },
      "properties": {
        "cell_id": "50m_15206_50452",
        "grid_m": 50,
        "projected_area_m2": 2500.0,
        "lon": 89.535743821,
        "lat": 22.79107837,
        "NDVI_S2_median": 0.2955969277024269,
        "vegetation_pct_valid": 40.0,
        "NDVI_2019": 0.38653198778629305,
        "NDVI_2026": 0.2955969277024269,
        "delta_NDVI": -0.09093505444936455,
        "optical_valid_pct": 100,
        "common_valid_pct": 100,
        "S2_nobs": 9.6,
        "valid_10m_pixels": 25,
        "tree_class_pct_2021": 12.0,
        "tree_context_valid_pct": 100,
        "period_start": "2026-03-15",
        "period_end_exclusive": "2026-06-01",
        "veg_ndvi_threshold": 0.35,
        "aggregation": "10m raster values weighted by exact clipped pixel area"
      }
    },
    {
      "type": "Feature",
      "geometry": {
        "type": "Polygon",
        "coordinates": [
          [
            [
              89.53551301,
              22.7917591
            ],
            [
              89.535504661,
              22.79130786
            ],
            [
              89.535991329,
              22.791300119
            ],
            [
              89.535999679,
              22.791751359
            ],
            [
              89.53551301,
              22.7917591
            ]
          ]
        ]
      },
      "properties": {
        "cell_id": "50m_15206_50453",
        "grid_m": 50,
        "projected_area_m2": 2500.0,
        "lon": 89.53575217,
        "lat": 22.79152961,
        "NDVI_S2_median": 0.27931383907794954,
        "vegetation_pct_valid": 28.000000000000004,
        "NDVI_2019": 0.3036602082848549,
        "NDVI_2026": 0.27931383907794954,
        "delta_NDVI": -0.024346367781981827,
        "optical_valid_pct": 100,
        "common_valid_pct": 100,
        "S2_nobs": 9.76,
        "valid_10m_pixels": 25,
        "tree_class_pct_2021": 0.0,
        "tree_context_valid_pct": 100,
        "period_start": "2026-03-15",
        "period_end_exclusive": "2026-06-01",
        "veg_ndvi_threshold": 0.35,
        "aggregation": "10m raster values weighted by exact clipped pixel area"
      }
    },
    {
      "type": "Feature",
      "geometry": {
        "type": "Polygon",
        "coordinates": [
          [
            [
              89.535521358,
              22.79221034
            ],
            [
              89.53551301,
              22.7917591
            ],
            [
              89.535999679,
              22.791751359
            ],
            [
              89.536008029,
              22.792202598
            ],
            [
              89.535521358,
              22.79221034
            ]
          ]
        ]
      },
      "properties": {
        "cell_id": "50m_15206_50454",
        "grid_m": 50,
        "projected_area_m2": 2500.0,
        "lon": 89.535760519,
        "lat": 22.791980849,
        "NDVI_S2_median": 0.3532599252462387,
        "vegetation_pct_valid": 44.0,
        "NDVI_2019": 0.4509720093011856,
        "NDVI_2026": 0.3532599252462387,
        "delta_NDVI": -0.09771208621561528,
        "optical_valid_pct": 100,
        "common_valid_pct": 100,
        "S2_nobs": 9.52,
        "valid_10m_pixels": 25,
        "tree_class_pct_2021": 16.0,
        "tree_context_valid_pct": 100,
        "period_start": "2026-03-15",
        "period_end_exclusive": "2026-06-01",
        "veg_ndvi_threshold": 0.35,
        "aggregation": "10m raster values weighted by exact clipped pixel area"
      }
    },
    {
      "type": "Feature",
      "geometry": {
        "type": "Polygon",
        "coordinates": [
          [
            [
              89.535529707,
              22.79266158
            ],
            [
              89.535521358,
              22.79221034
            ],
            [
              89.536008029,
              22.792202598
            ],
            [
              89.53601638,
              22.792653838
            ],
            [
              89.535529707,
              22.79266158
            ]
          ]
        ]
      },
      "properties": {
        "cell_id": "50m_15206_50455",
        "grid_m": 50,
        "projected_area_m2": 2500.0,
        "lon": 89.535768869,
        "lat": 22.792432089,
        "NDVI_S2_median": 0.21589321076869963,
        "vegetation_pct_valid": 4.0,
        "NDVI_2019": 0.22016167014837265,
        "NDVI_2026": 0.21589321076869963,
        "delta_NDVI": -0.0042684577405452725,
        "optical_valid_pct": 100,
        "common_valid_pct": 100,
        "S2_nobs": 9.0,
        "valid_10m_pixels": 25,
        "tree_class_pct_2021": 4.0,
        "tree_context_valid_pct": 100,
        "period_start": "2026-03-15",
        "period_end_exclusive": "2026-06-01",
        "veg_ndvi_threshold": 0.35,
        "aggregation": "10m raster values weighted by exact clipped pixel area"
      }
    },
    {
      "type": "Feature",
      "geometry": {
        "type": "Polygon",
        "coordinates": [
          [
            [
              89.535538056,
              22.793112819
            ],
            [
              89.535529707,
              22.79266158
            ],
            [
              89.53601638,
              22.792653838
            ],
            [
              89.53602473,
              22.793105077
            ],
            [
              89.535538056,
              22.793112819
            ]
          ]
        ]
      },
      "properties": {
        "cell_id": "50m_15206_50456",
        "grid_m": 50,
        "projected_area_m2": 2500.0,
        "lon": 89.535777218,
        "lat": 22.792883329,
        "NDVI_S2_median": 0.3527913773059845,
        "vegetation_pct_valid": 56.00000000000001,
        "NDVI_2019": 0.3379255896806717,
        "NDVI_2026": 0.3527913773059845,
        "delta_NDVI": 0.014865786723094061,
        "optical_valid_pct": 100,
        "common_valid_pct": 100,
        "S2_nobs": 8.8,
        "valid_10m_pixels": 25,
        "tree_class_pct_2021": 8.0,
        "tree_context_valid_pct": 100,
        "period_start": "2026-03-15",
        "period_end_exclusive": "2026-06-01",
        "veg_ndvi_threshold": 0.35,
        "aggregation": "10m raster values weighted by exact clipped pixel area"
      }
    },
    {
      "type": "Feature",
      "geometry": {
        "type": "Polygon",
        "coordinates": [
          [
            [
              89.535546405,
              22.793564059
            ],
            [
              89.535538056,
              22.793112819
            ],
            [
              89.53602473,
              22.793105077
            ],
            [
              89.536033081,
              22.793556317
            ],
            [
              89.535546405,
              22.793564059
            ]
          ]
        ]
      },
      "properties": {
        "cell_id": "50m_15206_50457",
        "grid_m": 50,
        "projected_area_m2": 2500.0,
        "lon": 89.535785568,
        "lat": 22.793334568,
        "NDVI_S2_median": 0.4359626889228821,
        "vegetation_pct_valid": 76.0,
        "NDVI_2019": 0.4633892822265625,
        "NDVI_2026": 0.4359626889228821,
        "delta_NDVI": -0.027426595464348794,
        "optical_valid_pct": 100,
        "common_valid_pct": 100,
        "S2_nobs": 9.04,
        "valid_10m_pixels": 25,
        "tree_class_pct_2021": 60.0,
        "tree_context_valid_pct": 100,
        "period_start": "2026-03-15",
        "period_end_exclusive": "2026-06-01",
        "veg_ndvi_threshold": 0.35,
        "aggregation": "10m raster values weighted by exact clipped pixel area"
      }
    },
    {
      "type": "Feature",
      "geometry": {
        "type": "Polygon",
        "coordinates": [
          [
            [
              89.535554755,
              22.794015299
            ],
            [
              89.535546405,
              22.793564059
            ],
            [
              89.536033081,
              22.793556317
            ],
            [
              89.536041432,
              22.794007556
            ],
            [
              89.535554755,
              22.794015299
            ]
          ]
        ]
      },
      "properties": {
        "cell_id": "50m_15206_50458",
        "grid_m": 50,
        "projected_area_m2": 2500.0,
        "lon": 89.535793918,
        "lat": 22.793785808,
        "NDVI_S2_median": 0.5193556076288224,
        "vegetation_pct_valid": 76.0,
        "NDVI_2019": 0.6465112519264221,
        "NDVI_2026": 0.5193556076288224,
        "delta_NDVI": -0.12715564822079614,
        "optical_valid_pct": 100,
        "common_valid_pct": 100,
        "S2_nobs": 9.68,
        "valid_10m_pixels": 25,
        "tree_class_pct_2021": 88.0,
        "tree_context_valid_pct": 100,
        "period_start": "2026-03-15",
        "period_end_exclusive": "2026-06-01",
        "veg_ndvi_threshold": 0.35,
        "aggregation": "10m raster values weighted by exact clipped pixel area"
      }
    },
    {
      "type": "Feature",
      "geometry": {
        "type": "Polygon",
        "coordinates": [
          [
            [
              89.535563104,
              22.794466538
            ],
            [
              89.535554755,
              22.794015299
            ],
            [
              89.536041432,
              22.794007556
            ],
            [
              89.536049783,
              22.794458796
            ],
            [
              89.535563104,
              22.794466538
            ]
          ]
        ]
      },
      "properties": {
        "cell_id": "50m_15206_50459",
        "grid_m": 50,
        "projected_area_m2": 2500.0,
        "lon": 89.535802269,
        "lat": 22.794237048,
        "NDVI_S2_median": 0.414000985622406,
        "vegetation_pct_valid": 64.0,
        "NDVI_2019": 0.45566140472888944,
        "NDVI_2026": 0.414000985622406,
        "delta_NDVI": -0.04166042249649763,
        "optical_valid_pct": 100,
        "common_valid_pct": 100,
        "S2_nobs": 9.84,
        "valid_10m_pixels": 25,
        "tree_class_pct_2021": 24.0,
        "tree_context_valid_pct": 100,
        "period_start": "2026-03-15",
        "period_end_exclusive": "2026-06-01",
        "veg_ndvi_threshold": 0.35,
        "aggregation": "10m raster values weighted by exact clipped pixel area"
      }
    },
    {
      "type": "Feature",
      "geometry": {
        "type": "Polygon",
        "coordinates": [
          [
            [
              89.535571454,
              22.794917778
            ],
            [
              89.535563104,
              22.794466538
            ],
            [
              89.536049783,
              22.794458796
            ],
            [
              89.536058135,
              22.794910035
            ],
            [
              89.535571454,
              22.794917778
            ]
          ]
        ]
      },
      "properties": {
        "cell_id": "50m_15206_50460",
        "grid_m": 50,
        "projected_area_m2": 2500.0,
        "lon": 89.535810619,
        "lat": 22.794688287,
        "NDVI_S2_median": 0.416658793091774,
        "vegetation_pct_valid": 56.00000000000001,
        "NDVI_2019": 0.345471596121788,
        "NDVI_2026": 0.416658793091774,
        "delta_NDVI": 0.07118719757301734,
        "optical_valid_pct": 100,
        "common_valid_pct": 100,
        "S2_nobs": 9.88,
        "valid_10m_pixels": 25,
        "tree_class_pct_2021": 20.0,
        "tree_context_valid_pct": 100,
        "period_start": "2026-03-15",
        "period_end_exclusive": "2026-06-01",
        "veg_ndvi_threshold": 0.35,
        "aggregation": "10m raster values weighted by exact clipped pixel area"
      }
    },
    {
      "type": "Feature",
      "geometry": {
        "type": "Polygon",
        "coordinates": [
          [
            [
              89.535579804,
              22.795369018
            ],
            [
              89.535571454,
              22.794917778
            ],
            [
              89.536058135,
              22.794910035
            ],
            [
              89.536066486,
              22.795361275
            ],
            [
              89.535579804,
              22.795369018
            ]
          ]
        ]
      },
      "properties": {
        "cell_id": "50m_15206_50461",
        "grid_m": 50,
        "projected_area_m2": 2500.0,
        "lon": 89.53581897,
        "lat": 22.795139527,
        "NDVI_S2_median": 0.3502789524197578,
        "vegetation_pct_valid": 60.0,
        "NDVI_2019": 0.3399651493132114,
        "NDVI_2026": 0.3502789524197578,
        "delta_NDVI": 0.010313805267214775,
        "optical_valid_pct": 100,
        "common_valid_pct": 100,
        "S2_nobs": 9.88,
        "valid_10m_pixels": 25,
        "tree_class_pct_2021": 12.0,
        "tree_context_valid_pct": 100,
        "period_start": "2026-03-15",
        "period_end_exclusive": "2026-06-01",
        "veg_ndvi_threshold": 0.35,
        "aggregation": "10m raster values weighted by exact clipped pixel area"
      }
    },
    {
      "type": "Feature",
      "geometry": {
        "type": "Polygon",
        "coordinates": [
          [
            [
              89.535588154,
              22.795820257
            ],
            [
              89.535579804,
              22.795369018
            ],
            [
              89.536066486,
              22.795361275
            ],
            [
              89.536074838,
              22.795812514
            ],
            [
              89.535588154,
              22.795820257
            ]
          ]
        ]
      },
      "properties": {
        "cell_id": "50m_15206_50462",
        "grid_m": 50,
        "projected_area_m2": 2500.0,
        "lon": 89.535827321,
        "lat": 22.795590766,
        "NDVI_S2_median": 0.42939519345760346,
        "vegetation_pct_valid": 84.0,
        "NDVI_2019": 0.37371912896633147,
        "NDVI_2026": 0.42939519345760346,
        "delta_NDVI": 0.05567606527358294,
        "optical_valid_pct": 100,
        "common_valid_pct": 100,
        "S2_nobs": 9.48,
        "valid_10m_pixels": 25,
        "tree_class_pct_2021": 48.0,
        "tree_context_valid_pct": 100,
        "period_start": "2026-03-15",
        "period_end_exclusive": "2026-06-01",
        "veg_ndvi_threshold": 0.35,
        "aggregation": "10m raster values weighted by exact clipped pixel area"
      }
    },
    {
      "type": "Feature",
      "geometry": {
        "type": "Polygon",
        "coordinates": [
          [
            [
              89.535596505,
              22.796271497
            ],
            [
              89.535588154,
              22.795820257
            ],
            [
              89.536074838,
              22.795812514
            ],
            [
              89.53608319,
              22.796263754
            ],
            [
              89.535596505,
              22.796271497
            ]
          ]
        ]
      },
      "properties": {
        "cell_id": "50m_15206_50463",
        "grid_m": 50,
        "projected_area_m2": 2500.0,
        "lon": 89.535835672,
        "lat": 22.796042006,
        "NDVI_S2_median": 0.41900608509778975,
        "vegetation_pct_valid": 68.0,
        "NDVI_2019": 0.4356410402059555,
        "NDVI_2026": 0.41900608509778975,
        "delta_NDVI": -0.01663496139459312,
        "optical_valid_pct": 100,
        "common_valid_pct": 100,
        "S2_nobs": 9.72,
        "valid_10m_pixels": 25,
        "tree_class_pct_2021": 32.0,
        "tree_context_valid_pct": 100,
        "period_start": "2026-03-15",
        "period_end_exclusive": "2026-06-01",
        "veg_ndvi_threshold": 0.35,
        "aggregation": "10m raster values weighted by exact clipped pixel area"
      }
    },
    {
      "type": "Feature",
      "geometry": {
        "type": "Polygon",
        "coordinates": [
          [
            [
              89.535604856,
              22.796722736
            ],
            [
              89.535596505,
              22.796271497
            ],
            [
              89.53608319,
              22.796263754
            ],
            [
              89.536091543,
              22.796714993
            ],
            [
              89.535604856,
              22.796722736
            ]
          ]
        ]
      },
      "properties": {
        "cell_id": "50m_15206_50464",
        "grid_m": 50,
        "projected_area_m2": 2500.0,
        "lon": 89.535844023,
        "lat": 22.796493245,
        "NDVI_S2_median": 0.3428619888424873,
        "vegetation_pct_valid": 28.000000000000004,
        "NDVI_2019": 0.364871441423893,
        "NDVI_2026": 0.3428619888424873,
        "delta_NDVI": -0.02200945164891891,
        "optical_valid_pct": 100,
        "common_valid_pct": 100,
        "S2_nobs": 10.0,
        "valid_10m_pixels": 25,
        "tree_class_pct_2021": 12.0,
        "tree_context_valid_pct": 100,
        "period_start": "2026-03-15",
        "period_end_exclusive": "2026-06-01",
        "veg_ndvi_threshold": 0.35,
        "aggregation": "10m raster values weighted by exact clipped pixel area"
      }
    },
    {
      "type": "Feature",
      "geometry": {
        "type": "Polygon",
        "coordinates": [
          [
            [
              89.535613206,
              22.797173976
            ],
            [
              89.535604856,
              22.796722736
            ],
            [
              89.536091543,
              22.796714993
            ],
            [
              89.536099895,
              22.797166232
            ],
            [
              89.535613206,
              22.797173976
            ]
          ]
        ]
      },
      "properties": {
        "cell_id": "50m_15206_50465",
        "grid_m": 50,
        "projected_area_m2": 2500.0,
        "lon": 89.535852375,
        "lat": 22.796944485,
        "NDVI_S2_median": 0.4203571885824203,
        "vegetation_pct_valid": 76.0,
        "NDVI_2019": 0.4478998017311096,
        "NDVI_2026": 0.4203571885824203,
        "delta_NDVI": -0.027542616818100215,
        "optical_valid_pct": 100,
        "common_valid_pct": 100,
        "S2_nobs": 10.0,
        "valid_10m_pixels": 25,
        "tree_class_pct_2021": 28.000000000000004,
        "tree_context_valid_pct": 100,
        "period_start": "2026-03-15",
        "period_end_exclusive": "2026-06-01",
        "veg_ndvi_threshold": 0.35,
        "aggregation": "10m raster values weighted by exact clipped pixel area"
      }
    },
    {
      "type": "Feature",
      "geometry": {
        "type": "Polygon",
        "coordinates": [
          [
            [
              89.535621557,
              22.797625215
            ],
            [
              89.535613206,
              22.797173976
            ],
            [
              89.536099895,
              22.797166232
            ],
            [
              89.536108248,
              22.797617472
            ],
            [
              89.535621557,
              22.797625215
            ]
          ]
        ]
      },
      "properties": {
        "cell_id": "50m_15206_50466",
        "grid_m": 50,
        "projected_area_m2": 2500.0,
        "lon": 89.535860727,
        "lat": 22.797395724,
        "NDVI_S2_median": 0.5372444891929626,
        "vegetation_pct_valid": 96.0,
        "NDVI_2019": 0.5711525118350983,
        "NDVI_2026": 0.5372444891929626,
        "delta_NDVI": -0.033908019065856936,
        "optical_valid_pct": 100,
        "common_valid_pct": 100,
        "S2_nobs": 10.0,
        "valid_10m_pixels": 25,
        "tree_class_pct_2021": 100.0,
        "tree_context_valid_pct": 100,
        "period_start": "2026-03-15",
        "period_end_exclusive": "2026-06-01",
        "veg_ndvi_threshold": 0.35,
        "aggregation": "10m raster values weighted by exact clipped pixel area"
      }
    },
    {
      "type": "Feature",
      "geometry": {
        "type": "Polygon",
        "coordinates": [
          [
            [
              89.535629909,
              22.798076455
            ],
            [
              89.535621557,
              22.797625215
            ],
            [
              89.536108248,
              22.797617472
            ],
            [
              89.536116601,
              22.798068711
            ],
            [
              89.535629909,
              22.798076455
            ]
          ]
        ]
      },
      "properties": {
        "cell_id": "50m_15206_50467",
        "grid_m": 50,
        "projected_area_m2": 2500.0,
        "lon": 89.535869079,
        "lat": 22.797846963,
        "NDVI_S2_median": 0.3354782348871231,
        "vegetation_pct_valid": 36.0,
        "NDVI_2019": 0.4869604730606079,
        "NDVI_2026": 0.3354782348871231,
        "delta_NDVI": -0.15148223279509693,
        "optical_valid_pct": 100,
        "common_valid_pct": 100,
        "S2_nobs": 10.0,
        "valid_10m_pixels": 25,
        "tree_class_pct_2021": 16.0,
        "tree_context_valid_pct": 100,
        "period_start": "2026-03-15",
        "period_end_exclusive": "2026-06-01",
        "veg_ndvi_threshold": 0.35,
        "aggregation": "10m raster values weighted by exact clipped pixel area"
      }
    },
    {
      "type": "Feature",
      "geometry": {
        "type": "Polygon",
        "coordinates": [
          [
            [
              89.53563826,
              22.798527694
            ],
            [
              89.535629909,
              22.798076455
            ],
            [
              89.536116601,
              22.798068711
            ],
            [
              89.536124954,
              22.79851995
            ],
            [
              89.53563826,
              22.798527694
            ]
          ]
        ]
      },
      "properties": {
        "cell_id": "50m_15206_50468",
        "grid_m": 50,
        "projected_area_m2": 2500.0,
        "lon": 89.535877431,
        "lat": 22.798298203,
        "NDVI_S2_median": 0.1782717277109623,
        "vegetation_pct_valid": 8.0,
        "NDVI_2019": 0.2512765461206436,
        "NDVI_2026": 0.1782717277109623,
        "delta_NDVI": -0.073004818726331,
        "optical_valid_pct": 100,
        "common_valid_pct": 100,
        "S2_nobs": 10.0,
        "valid_10m_pixels": 25,
        "tree_class_pct_2021": 8.0,
        "tree_context_valid_pct": 100,
        "period_start": "2026-03-15",
        "period_end_exclusive": "2026-06-01",
        "veg_ndvi_threshold": 0.35,
        "aggregation": "10m raster values weighted by exact clipped pixel area"
      }
    },
    {
      "type": "Feature",
      "geometry": {
        "type": "Polygon",
        "coordinates": [
          [
            [
              89.535646612,
              22.798978934
            ],
            [
              89.53563826,
              22.798527694
            ],
            [
              89.536124954,
              22.79851995
            ],
            [
              89.536133307,
              22.79897119
            ],
            [
              89.535646612,
              22.798978934
            ]
          ]
        ]
      },
      "properties": {
        "cell_id": "50m_15206_50469",
        "grid_m": 50,
        "projected_area_m2": 2500.0,
        "lon": 89.535885783,
        "lat": 22.798749442,
        "NDVI_S2_median": 0.46329045951366427,
        "vegetation_pct_valid": 84.0,
        "NDVI_2019": 0.35172002255916596,
        "NDVI_2026": 0.46329045951366427,
        "delta_NDVI": 0.11157044470310211,
        "optical_valid_pct": 100,
        "common_valid_pct": 100,
        "S2_nobs": 10.0,
        "valid_10m_pixels": 25,
        "tree_class_pct_2021": 36.0,
        "tree_context_valid_pct": 100,
        "period_start": "2026-03-15",
        "period_end_exclusive": "2026-06-01",
        "veg_ndvi_threshold": 0.35,
        "aggregation": "10m raster values weighted by exact clipped pixel area"
      }
    },
    {
      "type": "Feature",
      "geometry": {
        "type": "Polygon",
        "coordinates": [
          [
            [
              89.535654964,
              22.799430173
            ],
            [
              89.535646612,
              22.798978934
            ],
            [
              89.536133307,
              22.79897119
            ],
            [
              89.536141661,
              22.799422429
            ],
            [
              89.535654964,
              22.799430173
            ]
          ]
        ]
      },
      "properties": {
        "cell_id": "50m_15206_50470",
        "grid_m": 50,
        "projected_area_m2": 2500.0,
        "lon": 89.535894136,
        "lat": 22.799200681,
        "NDVI_S2_median": 0.385596929192543,
        "vegetation_pct_valid": 64.0,
        "NDVI_2019": 0.43873137056827544,
        "NDVI_2026": 0.385596929192543,
        "delta_NDVI": -0.053134439787827434,
        "optical_valid_pct": 100,
        "common_valid_pct": 100,
        "S2_nobs": 9.96,
        "valid_10m_pixels": 25,
        "tree_class_pct_2021": 60.0,
        "tree_context_valid_pct": 100,
        "period_start": "2026-03-15",
        "period_end_exclusive": "2026-06-01",
        "veg_ndvi_threshold": 0.35,
        "aggregation": "10m raster values weighted by exact clipped pixel area"
      }
    },
    {
      "type": "Feature",
      "geometry": {
        "type": "Polygon",
        "coordinates": [
          [
            [
              89.535663316,
              22.799881412
            ],
            [
              89.535654964,
              22.799430173
            ],
            [
              89.536141661,
              22.799422429
            ],
            [
              89.536150014,
              22.799873668
            ],
            [
              89.535663316,
              22.799881412
            ]
          ]
        ]
      },
      "properties": {
        "cell_id": "50m_15206_50471",
        "grid_m": 50,
        "projected_area_m2": 2500.0,
        "lon": 89.535902489,
        "lat": 22.799651921,
        "NDVI_S2_median": 0.22368726074695588,
        "vegetation_pct_valid": 12.0,
        "NDVI_2019": 0.32477009028196335,
        "NDVI_2026": 0.22368726074695588,
        "delta_NDVI": -0.10108282767236233,
        "optical_valid_pct": 100,
        "common_valid_pct": 100,
        "S2_nobs": 9.56,
        "valid_10m_pixels": 25,
        "tree_class_pct_2021": 8.0,
        "tree_context_valid_pct": 100,
        "period_start": "2026-03-15",
        "period_end_exclusive": "2026-06-01",
        "veg_ndvi_threshold": 0.35,
        "aggregation": "10m raster values weighted by exact clipped pixel area"
      }
    },
    {
      "type": "Feature",
      "geometry": {
        "type": "Polygon",
        "coordinates": [
          [
            [
              89.535663316,
              22.799881412
            ],
            [
              89.536150014,
              22.799873668
            ],
            [
              89.536152433,
              22.800004323
            ],
            [
              89.535663731,
              22.799903801
            ],
            [
              89.535663316,
              22.799881412
            ]
          ]
        ]
      },
      "properties": {
        "cell_id": "50m_15206_50472",
        "grid_m": 50,
        "projected_area_m2": 423.9543362520635,
        "lon": 89.535907875,
        "lat": 22.799942868,
        "NDVI_S2_median": 0.32241819772064495,
        "vegetation_pct_valid": 52.87584119669803,
        "NDVI_2019": 0.5445826721411655,
        "NDVI_2026": 0.32241819772064495,
        "delta_NDVI": -0.22216447425527736,
        "optical_valid_pct": 99.99999999944953,
        "common_valid_pct": 99.99999999944953,
        "S2_nobs": 9.569779930540738,
        "valid_10m_pixels": 7,
        "tree_class_pct_2021": 49.24677698815452,
        "tree_context_valid_pct": 99.99999999944953,
        "period_start": "2026-03-15",
        "period_end_exclusive": "2026-06-01",
        "veg_ndvi_threshold": 0.35,
        "aggregation": "10m raster values weighted by exact clipped pixel area"
      }
    },
    {
      "type": "Feature",
      "geometry": {
        "type": "Polygon",
        "coordinates": [
          [
            [
              89.536004645,
              22.786334808
            ],
            [
              89.536383168,
              22.786167904
            ],
            [
              89.536386144,
              22.78632874
            ],
            [
              89.536004645,
              22.786334808
            ]
          ]
        ]
      },
      "properties": {
        "cell_id": "50m_15207_50441",
        "grid_m": 50,
        "projected_area_m2": 349.2693006285848,
        "lon": 89.536193907,
        "lat": 22.786251356,
        "NDVI_S2_median": 0.3896855319306343,
        "vegetation_pct_valid": 52.10723893268104,
        "NDVI_2019": 0.27733396955158013,
        "NDVI_2026": 0.3896855319306343,
        "delta_NDVI": 0.11235155875323799,
        "optical_valid_pct": 99.99999999953187,
        "common_valid_pct": 99.99999999953187,
        "S2_nobs": 9.0,
        "valid_10m_pixels": 6,
        "tree_class_pct_2021": 0.0,
        "tree_context_valid_pct": 99.99999999953187,
        "period_start": "2026-03-15",
        "period_end_exclusive": "2026-06-01",
        "veg_ndvi_threshold": 0.35,
        "aggregation": "10m raster values weighted by exact clipped pixel area"
      }
    },
    {
      "type": "Feature",
      "geometry": {
        "type": "Polygon",
        "coordinates": [
          [
            [
              89.535907842,
              22.786787721
            ],
            [
              89.535900551,
              22.78639365
            ],
            [
              89.535962824,
              22.786353248
            ],
            [
              89.536004645,
              22.786334808
            ],
            [
              89.536386144,
              22.78632874
            ],
            [
              89.536394493,
              22.786779979
            ],
            [
              89.535907842,
              22.786787721
            ]
          ]
        ]
      },
      "properties": {
        "cell_id": "50m_15207_50442",
        "grid_m": 50,
        "projected_area_m2": 2468.861516401398,
        "lon": 89.536146993,
        "lat": 22.78655823,
        "NDVI_S2_median": 0.3817249974581424,
        "vegetation_pct_valid": 60.750802905643475,
        "NDVI_2019": 0.3455297306403271,
        "NDVI_2026": 0.3817249974581424,
        "delta_NDVI": 0.036195266392548234,
        "optical_valid_pct": 99.9999999999901,
        "common_valid_pct": 99.9999999999901,
        "S2_nobs": 9.000000000000002,
        "valid_10m_pixels": 25,
        "tree_class_pct_2021": 0.0,
        "tree_context_valid_pct": 99.9999999999901,
        "period_start": "2026-03-15",
        "period_end_exclusive": "2026-06-01",
        "veg_ndvi_threshold": 0.35,
        "aggregation": "10m raster values weighted by exact clipped pixel area"
      }
    },
    {
      "type": "Feature",
      "geometry": {
        "type": "Polygon",
        "coordinates": [
          [
            [
              89.535916189,
              22.78723896
            ],
            [
              89.535907842,
              22.786787721
            ],
            [
              89.536394493,
              22.786779979
            ],
            [
              89.536402843,
              22.787231219
            ],
            [
              89.535916189,
              22.78723896
            ]
          ]
        ]
      },
      "properties": {
        "cell_id": "50m_15207_50443",
        "grid_m": 50,
        "projected_area_m2": 2500.0,
        "lon": 89.536155342,
        "lat": 22.78700947,
        "NDVI_S2_median": 0.29035974979400636,
        "vegetation_pct_valid": 32.0,
        "NDVI_2019": 0.6566210222244263,
        "NDVI_2026": 0.29035974979400636,
        "delta_NDVI": -0.3662612730264664,
        "optical_valid_pct": 100,
        "common_valid_pct": 100,
        "S2_nobs": 9.0,
        "valid_10m_pixels": 25,
        "tree_class_pct_2021": 76.0,
        "tree_context_valid_pct": 100,
        "period_start": "2026-03-15",
        "period_end_exclusive": "2026-06-01",
        "veg_ndvi_threshold": 0.35,
        "aggregation": "10m raster values weighted by exact clipped pixel area"
      }
    },
    {
      "type": "Feature",
      "geometry": {
        "type": "Polygon",
        "coordinates": [
          [
            [
              89.535924537,
              22.7876902
            ],
            [
              89.535916189,
              22.78723896
            ],
            [
              89.536402843,
              22.787231219
            ],
            [
              89.536411192,
              22.787682459
            ],
            [
              89.535924537,
              22.7876902
            ]
          ]
        ]
      },
      "properties": {
        "cell_id": "50m_15207_50444",
        "grid_m": 50,
        "projected_area_m2": 2500.0,
        "lon": 89.53616369,
        "lat": 22.78746071,
        "NDVI_S2_median": 0.5402053952217102,
        "vegetation_pct_valid": 96.0,
        "NDVI_2019": 0.5425159521400928,
        "NDVI_2026": 0.5402053952217102,
        "delta_NDVI": -0.0023105621337890627,
        "optical_valid_pct": 100,
        "common_valid_pct": 100,
        "S2_nobs": 8.4,
        "valid_10m_pixels": 25,
        "tree_class_pct_2021": 92.0,
        "tree_context_valid_pct": 100,
        "period_start": "2026-03-15",
        "period_end_exclusive": "2026-06-01",
        "veg_ndvi_threshold": 0.35,
        "aggregation": "10m raster values weighted by exact clipped pixel area"
      }
    },
    {
      "type": "Feature",
      "geometry": {
        "type": "Polygon",
        "coordinates": [
          [
            [
              89.535932886,
              22.78814144
            ],
            [
              89.535924537,
              22.7876902
            ],
            [
              89.536411192,
              22.787682459
            ],
            [
              89.536419542,
              22.788133699
            ],
            [
              89.535932886,
              22.78814144
            ]
          ]
        ]
      },
      "properties": {
        "cell_id": "50m_15207_50445",
        "grid_m": 50,
        "projected_area_m2": 2500.0,
        "lon": 89.536172039,
        "lat": 22.78791195,
        "NDVI_S2_median": 0.5689699149131775,
        "vegetation_pct_valid": 100.0,
        "NDVI_2019": 0.6589119505882263,
        "NDVI_2026": 0.5689699149131775,
        "delta_NDVI": -0.08994203187525272,
        "optical_valid_pct": 100,
        "common_valid_pct": 100,
        "S2_nobs": 8.2,
        "valid_10m_pixels": 25,
        "tree_class_pct_2021": 44.0,
        "tree_context_valid_pct": 100,
        "period_start": "2026-03-15",
        "period_end_exclusive": "2026-06-01",
        "veg_ndvi_threshold": 0.35,
        "aggregation": "10m raster values weighted by exact clipped pixel area"
      }
    },
    {
      "type": "Feature",
      "geometry": {
        "type": "Polygon",
        "coordinates": [
          [
            [
              89.535941234,
              22.78859268
            ],
            [
              89.535932886,
              22.78814144
            ],
            [
              89.536419542,
              22.788133699
            ],
            [
              89.536427892,
              22.788584938
            ],
            [
              89.535941234,
              22.78859268
            ]
          ]
        ]
      },
      "properties": {
        "cell_id": "50m_15207_50446",
        "grid_m": 50,
        "projected_area_m2": 2500.0,
        "lon": 89.536180388,
        "lat": 22.78836319,
        "NDVI_S2_median": 0.2925638991594315,
        "vegetation_pct_valid": 36.0,
        "NDVI_2019": 0.3798792797327042,
        "NDVI_2026": 0.2925638991594315,
        "delta_NDVI": -0.08731537859886884,
        "optical_valid_pct": 100,
        "common_valid_pct": 100,
        "S2_nobs": 8.88,
        "valid_10m_pixels": 25,
        "tree_class_pct_2021": 4.0,
        "tree_context_valid_pct": 100,
        "period_start": "2026-03-15",
        "period_end_exclusive": "2026-06-01",
        "veg_ndvi_threshold": 0.35,
        "aggregation": "10m raster values weighted by exact clipped pixel area"
      }
    },
    {
      "type": "Feature",
      "geometry": {
        "type": "Polygon",
        "coordinates": [
          [
            [
              89.535949583,
              22.78904392
            ],
            [
              89.535941234,
              22.78859268
            ],
            [
              89.536427892,
              22.788584938
            ],
            [
              89.536436242,
              22.789036178
            ],
            [
              89.535949583,
              22.78904392
            ]
          ]
        ]
      },
      "properties": {
        "cell_id": "50m_15207_50447",
        "grid_m": 50,
        "projected_area_m2": 2500.0,
        "lon": 89.536188738,
        "lat": 22.788814429,
        "NDVI_S2_median": 0.35613211542367934,
        "vegetation_pct_valid": 44.0,
        "NDVI_2019": 0.4209082633256912,
        "NDVI_2026": 0.35613211542367934,
        "delta_NDVI": -0.06477614894509315,
        "optical_valid_pct": 100,
        "common_valid_pct": 100,
        "S2_nobs": 9.64,
        "valid_10m_pixels": 25,
        "tree_class_pct_2021": 28.000000000000004,
        "tree_context_valid_pct": 100,
        "period_start": "2026-03-15",
        "period_end_exclusive": "2026-06-01",
        "veg_ndvi_threshold": 0.35,
        "aggregation": "10m raster values weighted by exact clipped pixel area"
      }
    },
    {
      "type": "Feature",
      "geometry": {
        "type": "Polygon",
        "coordinates": [
          [
            [
              89.535957932,
              22.78949516
            ],
            [
              89.535949583,
              22.78904392
            ],
            [
              89.536436242,
              22.789036178
            ],
            [
              89.536444593,
              22.789487418
            ],
            [
              89.535957932,
              22.78949516
            ]
          ]
        ]
      },
      "properties": {
        "cell_id": "50m_15207_50448",
        "grid_m": 50,
        "projected_area_m2": 2500.0,
        "lon": 89.536197087,
        "lat": 22.789265669,
        "NDVI_S2_median": 0.4608634626865387,
        "vegetation_pct_valid": 72.0,
        "NDVI_2019": 0.4842794701457024,
        "NDVI_2026": 0.4608634626865387,
        "delta_NDVI": -0.023416005559265613,
        "optical_valid_pct": 100,
        "common_valid_pct": 100,
        "S2_nobs": 9.92,
        "valid_10m_pixels": 25,
        "tree_class_pct_2021": 64.0,
        "tree_context_valid_pct": 100,
        "period_start": "2026-03-15",
        "period_end_exclusive": "2026-06-01",
        "veg_ndvi_threshold": 0.35,
        "aggregation": "10m raster values weighted by exact clipped pixel area"
      }
    },
    {
      "type": "Feature",
      "geometry": {
        "type": "Polygon",
        "coordinates": [
          [
            [
              89.535966281,
              22.7899464
            ],
            [
              89.535957932,
              22.78949516
            ],
            [
              89.536444593,
              22.789487418
            ],
            [
              89.536452944,
              22.789938657
            ],
            [
              89.535966281,
              22.7899464
            ]
          ]
        ]
      },
      "properties": {
        "cell_id": "50m_15207_50449",
        "grid_m": 50,
        "projected_area_m2": 2500.0,
        "lon": 89.536205437,
        "lat": 22.789716909,
        "NDVI_S2_median": 0.5021822637319565,
        "vegetation_pct_valid": 84.0,
        "NDVI_2019": 0.6383066833019256,
        "NDVI_2026": 0.5021822637319565,
        "delta_NDVI": -0.13612441930919886,
        "optical_valid_pct": 100,
        "common_valid_pct": 100,
        "S2_nobs": 9.6,
        "valid_10m_pixels": 25,
        "tree_class_pct_2021": 88.0,
        "tree_context_valid_pct": 100,
        "period_start": "2026-03-15",
        "period_end_exclusive": "2026-06-01",
        "veg_ndvi_threshold": 0.35,
        "aggregation": "10m raster values weighted by exact clipped pixel area"
      }
    },
    {
      "type": "Feature",
      "geometry": {
        "type": "Polygon",
        "coordinates": [
          [
            [
              89.53597463,
              22.790397639
            ],
            [
              89.535966281,
              22.7899464
            ],
            [
              89.536452944,
              22.789938657
            ],
            [
              89.536461294,
              22.790389897
            ],
            [
              89.53597463,
              22.790397639
            ]
          ]
        ]
      },
      "properties": {
        "cell_id": "50m_15207_50450",
        "grid_m": 50,
        "projected_area_m2": 2500.0,
        "lon": 89.536213787,
        "lat": 22.790168149,
        "NDVI_S2_median": 0.43840100049972536,
        "vegetation_pct_valid": 76.0,
        "NDVI_2019": 0.438222354054451,
        "NDVI_2026": 0.43840100049972536,
        "delta_NDVI": 0.00017864512279629706,
        "optical_valid_pct": 100,
        "common_valid_pct": 100,
        "S2_nobs": 9.84,
        "valid_10m_pixels": 25,
        "tree_class_pct_2021": 76.0,
        "tree_context_valid_pct": 100,
        "period_start": "2026-03-15",
        "period_end_exclusive": "2026-06-01",
        "veg_ndvi_threshold": 0.35,
        "aggregation": "10m raster values weighted by exact clipped pixel area"
      }
    },
    {
      "type": "Feature",
      "geometry": {
        "type": "Polygon",
        "coordinates": [
          [
            [
              89.53598298,
              22.790848879
            ],
            [
              89.53597463,
              22.790397639
            ],
            [
              89.536461294,
              22.790389897
            ],
            [
              89.536469646,
              22.790841137
            ],
            [
              89.53598298,
              22.790848879
            ]
          ]
        ]
      },
      "properties": {
        "cell_id": "50m_15207_50451",
        "grid_m": 50,
        "projected_area_m2": 2500.0,
        "lon": 89.536222137,
        "lat": 22.790619388,
        "NDVI_S2_median": 0.6490290474891662,
        "vegetation_pct_valid": 92.0,
        "NDVI_2019": 0.6250444638729096,
        "NDVI_2026": 0.6490290474891662,
        "delta_NDVI": 0.023984591914340853,
        "optical_valid_pct": 100,
        "common_valid_pct": 100,
        "S2_nobs": 9.36,
        "valid_10m_pixels": 25,
        "tree_class_pct_2021": 76.0,
        "tree_context_valid_pct": 100,
        "period_start": "2026-03-15",
        "period_end_exclusive": "2026-06-01",
        "veg_ndvi_threshold": 0.35,
        "aggregation": "10m raster values weighted by exact clipped pixel area"
      }
    },
    {
      "type": "Feature",
      "geometry": {
        "type": "Polygon",
        "coordinates": [
          [
            [
              89.535991329,
              22.791300119
            ],
            [
              89.53598298,
              22.790848879
            ],
            [
              89.536469646,
              22.790841137
            ],
            [
              89.536477997,
              22.791292376
            ],
            [
              89.535991329,
              22.791300119
            ]
          ]
        ]
      },
      "properties": {
        "cell_id": "50m_15207_50452",
        "grid_m": 50,
        "projected_area_m2": 2500.0,
        "lon": 89.536230488,
        "lat": 22.791070628,
        "NDVI_S2_median": 0.5662055897712708,
        "vegetation_pct_valid": 100.0,
        "NDVI_2019": 0.48771262526512144,
        "NDVI_2026": 0.5662055897712708,
        "delta_NDVI": 0.07849296386353671,
        "optical_valid_pct": 100,
        "common_valid_pct": 100,
        "S2_nobs": 9.44,
        "valid_10m_pixels": 25,
        "tree_class_pct_2021": 72.0,
        "tree_context_valid_pct": 100,
        "period_start": "2026-03-15",
        "period_end_exclusive": "2026-06-01",
        "veg_ndvi_threshold": 0.35,
        "aggregation": "10m raster values weighted by exact clipped pixel area"
      }
    },
    {
      "type": "Feature",
      "geometry": {
        "type": "Polygon",
        "coordinates": [
          [
            [
              89.535999679,
              22.791751359
            ],
            [
              89.535991329,
              22.791300119
            ],
            [
              89.536477997,
              22.791292376
            ],
            [
              89.536486348,
              22.791743616
            ],
            [
              89.535999679,
              22.791751359
            ]
          ]
        ]
      },
      "properties": {
        "cell_id": "50m_15207_50453",
        "grid_m": 50,
        "projected_area_m2": 2500.0,
        "lon": 89.536238838,
        "lat": 22.791521867,
        "NDVI_S2_median": 0.21638819754123687,
        "vegetation_pct_valid": 8.0,
        "NDVI_2019": 0.3313559585809708,
        "NDVI_2026": 0.21638819754123687,
        "delta_NDVI": -0.11496776077896356,
        "optical_valid_pct": 100,
        "common_valid_pct": 100,
        "S2_nobs": 9.92,
        "valid_10m_pixels": 25,
        "tree_class_pct_2021": 0.0,
        "tree_context_valid_pct": 100,
        "period_start": "2026-03-15",
        "period_end_exclusive": "2026-06-01",
        "veg_ndvi_threshold": 0.35,
        "aggregation": "10m raster values weighted by exact clipped pixel area"
      }
    },
    {
      "type": "Feature",
      "geometry": {
        "type": "Polygon",
        "coordinates": [
          [
            [
              89.536008029,
              22.792202598
            ],
            [
              89.535999679,
              22.791751359
            ],
            [
              89.536486348,
              22.791743616
            ],
            [
              89.5364947,
              22.792194855
            ],
            [
              89.536008029,
              22.792202598
            ]
          ]
        ]
      },
      "properties": {
        "cell_id": "50m_15207_50454",
        "grid_m": 50,
        "projected_area_m2": 2500.0,
        "lon": 89.536247189,
        "lat": 22.791973107,
        "NDVI_S2_median": 0.3286057308316231,
        "vegetation_pct_valid": 36.0,
        "NDVI_2019": 0.3556587606668472,
        "NDVI_2026": 0.3286057308316231,
        "delta_NDVI": -0.027053023742046208,
        "optical_valid_pct": 100,
        "common_valid_pct": 100,
        "S2_nobs": 9.72,
        "valid_10m_pixels": 25,
        "tree_class_pct_2021": 0.0,
        "tree_context_valid_pct": 100,
        "period_start": "2026-03-15",
        "period_end_exclusive": "2026-06-01",
        "veg_ndvi_threshold": 0.35,
        "aggregation": "10m raster values weighted by exact clipped pixel area"
      }
    },
    {
      "type": "Feature",
      "geometry": {
        "type": "Polygon",
        "coordinates": [
          [
            [
              89.53601638,
              22.792653838
            ],
            [
              89.536008029,
              22.792202598
            ],
            [
              89.5364947,
              22.792194855
            ],
            [
              89.536503052,
              22.792646095
            ],
            [
              89.53601638,
              22.792653838
            ]
          ]
        ]
      },
      "properties": {
        "cell_id": "50m_15207_50455",
        "grid_m": 50,
        "projected_area_m2": 2500.0,
        "lon": 89.53625554,
        "lat": 22.792424347,
        "NDVI_S2_median": 0.42783175766468046,
        "vegetation_pct_valid": 64.0,
        "NDVI_2019": 0.5614996325969696,
        "NDVI_2026": 0.42783175766468046,
        "delta_NDVI": -0.13366787642240524,
        "optical_valid_pct": 100,
        "common_valid_pct": 100,
        "S2_nobs": 9.48,
        "valid_10m_pixels": 25,
        "tree_class_pct_2021": 68.0,
        "tree_context_valid_pct": 100,
        "period_start": "2026-03-15",
        "period_end_exclusive": "2026-06-01",
        "veg_ndvi_threshold": 0.35,
        "aggregation": "10m raster values weighted by exact clipped pixel area"
      }
    },
    {
      "type": "Feature",
      "geometry": {
        "type": "Polygon",
        "coordinates": [
          [
            [
              89.53602473,
              22.793105077
            ],
            [
              89.53601638,
              22.792653838
            ],
            [
              89.536503052,
              22.792646095
            ],
            [
              89.536511404,
              22.793097334
            ],
            [
              89.53602473,
              22.793105077
            ]
          ]
        ]
      },
      "properties": {
        "cell_id": "50m_15207_50456",
        "grid_m": 50,
        "projected_area_m2": 2500.0,
        "lon": 89.536263892,
        "lat": 22.792875586,
        "NDVI_S2_median": 0.3967888081073761,
        "vegetation_pct_valid": 72.0,
        "NDVI_2019": 0.5680747246742248,
        "NDVI_2026": 0.3967888081073761,
        "delta_NDVI": -0.1712859136238694,
        "optical_valid_pct": 100,
        "common_valid_pct": 100,
        "S2_nobs": 9.0,
        "valid_10m_pixels": 25,
        "tree_class_pct_2021": 76.0,
        "tree_context_valid_pct": 100,
        "period_start": "2026-03-15",
        "period_end_exclusive": "2026-06-01",
        "veg_ndvi_threshold": 0.35,
        "aggregation": "10m raster values weighted by exact clipped pixel area"
      }
    },
    {
      "type": "Feature",
      "geometry": {
        "type": "Polygon",
        "coordinates": [
          [
            [
              89.536033081,
              22.793556317
            ],
            [
              89.53602473,
              22.793105077
            ],
            [
              89.536511404,
              22.793097334
            ],
            [
              89.536519757,
              22.793548573
            ],
            [
              89.536033081,
              22.793556317
            ]
          ]
        ]
      },
      "properties": {
        "cell_id": "50m_15207_50457",
        "grid_m": 50,
        "projected_area_m2": 2500.0,
        "lon": 89.536272243,
        "lat": 22.793326826,
        "NDVI_S2_median": 0.5003266203403473,
        "vegetation_pct_valid": 80.0,
        "NDVI_2019": 0.5660605621337891,
        "NDVI_2026": 0.5003266203403473,
        "delta_NDVI": -0.06573394319042564,
        "optical_valid_pct": 100,
        "common_valid_pct": 100,
        "S2_nobs": 8.6,
        "valid_10m_pixels": 25,
        "tree_class_pct_2021": 88.0,
        "tree_context_valid_pct": 100,
        "period_start": "2026-03-15",
        "period_end_exclusive": "2026-06-01",
        "veg_ndvi_threshold": 0.35,
        "aggregation": "10m raster values weighted by exact clipped pixel area"
      }
    },
    {
      "type": "Feature",
      "geometry": {
        "type": "Polygon",
        "coordinates": [
          [
            [
              89.536041432,
              22.794007556
            ],
            [
              89.536033081,
              22.793556317
            ],
            [
              89.536519757,
              22.793548573
            ],
            [
              89.536528109,
              22.793999813
            ],
            [
              89.536041432,
              22.794007556
            ]
          ]
        ]
      },
      "properties": {
        "cell_id": "50m_15207_50458",
        "grid_m": 50,
        "projected_area_m2": 2500.0,
        "lon": 89.536280595,
        "lat": 22.793778065,
        "NDVI_S2_median": 0.3761030560731888,
        "vegetation_pct_valid": 52.0,
        "NDVI_2019": 0.4874739068746567,
        "NDVI_2026": 0.3761030560731888,
        "delta_NDVI": -0.11137084908783436,
        "optical_valid_pct": 100,
        "common_valid_pct": 100,
        "S2_nobs": 8.96,
        "valid_10m_pixels": 25,
        "tree_class_pct_2021": 40.0,
        "tree_context_valid_pct": 100,
        "period_start": "2026-03-15",
        "period_end_exclusive": "2026-06-01",
        "veg_ndvi_threshold": 0.35,
        "aggregation": "10m raster values weighted by exact clipped pixel area"
      }
    },
    {
      "type": "Feature",
      "geometry": {
        "type": "Polygon",
        "coordinates": [
          [
            [
              89.536049783,
              22.794458796
            ],
            [
              89.536041432,
              22.794007556
            ],
            [
              89.536528109,
              22.793999813
            ],
            [
              89.536536462,
              22.794451052
            ],
            [
              89.536049783,
              22.794458796
            ]
          ]
        ]
      },
      "properties": {
        "cell_id": "50m_15207_50459",
        "grid_m": 50,
        "projected_area_m2": 2500.0,
        "lon": 89.536288947,
        "lat": 22.794229305,
        "NDVI_S2_median": 0.4119635283946991,
        "vegetation_pct_valid": 56.00000000000001,
        "NDVI_2019": 0.4551271635293961,
        "NDVI_2026": 0.4119635283946991,
        "delta_NDVI": -0.04316363285295665,
        "optical_valid_pct": 100,
        "common_valid_pct": 100,
        "S2_nobs": 9.92,
        "valid_10m_pixels": 25,
        "tree_class_pct_2021": 12.0,
        "tree_context_valid_pct": 100,
        "period_start": "2026-03-15",
        "period_end_exclusive": "2026-06-01",
        "veg_ndvi_threshold": 0.35,
        "aggregation": "10m raster values weighted by exact clipped pixel area"
      }
    },
    {
      "type": "Feature",
      "geometry": {
        "type": "Polygon",
        "coordinates": [
          [
            [
              89.536058135,
              22.794910035
            ],
            [
              89.536049783,
              22.794458796
            ],
            [
              89.536536462,
              22.794451052
            ],
            [
              89.536544815,
              22.794902291
            ],
            [
              89.536058135,
              22.794910035
            ]
          ]
        ]
      },
      "properties": {
        "cell_id": "50m_15207_50460",
        "grid_m": 50,
        "projected_area_m2": 2500.0,
        "lon": 89.536297299,
        "lat": 22.794680544,
        "NDVI_S2_median": 0.1822955620288849,
        "vegetation_pct_valid": 8.0,
        "NDVI_2019": 0.23466284431517123,
        "NDVI_2026": 0.1822955620288849,
        "delta_NDVI": -0.05236728347372264,
        "optical_valid_pct": 100,
        "common_valid_pct": 100,
        "S2_nobs": 9.56,
        "valid_10m_pixels": 25,
        "tree_class_pct_2021": 16.0,
        "tree_context_valid_pct": 100,
        "period_start": "2026-03-15",
        "period_end_exclusive": "2026-06-01",
        "veg_ndvi_threshold": 0.35,
        "aggregation": "10m raster values weighted by exact clipped pixel area"
      }
    },
    {
      "type": "Feature",
      "geometry": {
        "type": "Polygon",
        "coordinates": [
          [
            [
              89.536066486,
              22.795361275
            ],
            [
              89.536058135,
              22.794910035
            ],
            [
              89.536544815,
              22.794902291
            ],
            [
              89.536553168,
              22.795353531
            ],
            [
              89.536066486,
              22.795361275
            ]
          ]
        ]
      },
      "properties": {
        "cell_id": "50m_15207_50461",
        "grid_m": 50,
        "projected_area_m2": 2500.0,
        "lon": 89.536305651,
        "lat": 22.795131783,
        "NDVI_S2_median": 0.25396858975291253,
        "vegetation_pct_valid": 24.0,
        "NDVI_2019": 0.3745894992351532,
        "NDVI_2026": 0.25396858975291253,
        "delta_NDVI": -0.12062090866267682,
        "optical_valid_pct": 100,
        "common_valid_pct": 100,
        "S2_nobs": 9.96,
        "valid_10m_pixels": 25,
        "tree_class_pct_2021": 44.0,
        "tree_context_valid_pct": 100,
        "period_start": "2026-03-15",
        "period_end_exclusive": "2026-06-01",
        "veg_ndvi_threshold": 0.35,
        "aggregation": "10m raster values weighted by exact clipped pixel area"
      }
    },
    {
      "type": "Feature",
      "geometry": {
        "type": "Polygon",
        "coordinates": [
          [
            [
              89.536074838,
              22.795812514
            ],
            [
              89.536066486,
              22.795361275
            ],
            [
              89.536553168,
              22.795353531
            ],
            [
              89.536561522,
              22.79580477
            ],
            [
              89.536074838,
              22.795812514
            ]
          ]
        ]
      },
      "properties": {
        "cell_id": "50m_15207_50462",
        "grid_m": 50,
        "projected_area_m2": 2500.0,
        "lon": 89.536314004,
        "lat": 22.795583023,
        "NDVI_S2_median": 0.1653655344247818,
        "vegetation_pct_valid": 8.0,
        "NDVI_2019": 0.25165016666054724,
        "NDVI_2026": 0.1653655344247818,
        "delta_NDVI": -0.08628463054075837,
        "optical_valid_pct": 100,
        "common_valid_pct": 100,
        "S2_nobs": 10.0,
        "valid_10m_pixels": 25,
        "tree_class_pct_2021": 0.0,
        "tree_context_valid_pct": 100,
        "period_start": "2026-03-15",
        "period_end_exclusive": "2026-06-01",
        "veg_ndvi_threshold": 0.35,
        "aggregation": "10m raster values weighted by exact clipped pixel area"
      }
    },
    {
      "type": "Feature",
      "geometry": {
        "type": "Polygon",
        "coordinates": [
          [
            [
              89.53608319,
              22.796263754
            ],
            [
              89.536074838,
              22.795812514
            ],
            [
              89.536561522,
              22.79580477
            ],
            [
              89.536569875,
              22.796256009
            ],
            [
              89.53608319,
              22.796263754
            ]
          ]
        ]
      },
      "properties": {
        "cell_id": "50m_15207_50463",
        "grid_m": 50,
        "projected_area_m2": 2500.0,
        "lon": 89.536322356,
        "lat": 22.796034262,
        "NDVI_S2_median": 0.3519635608792305,
        "vegetation_pct_valid": 48.0,
        "NDVI_2019": 0.3751727706193924,
        "NDVI_2026": 0.3519635608792305,
        "delta_NDVI": -0.023209211761131884,
        "optical_valid_pct": 100,
        "common_valid_pct": 100,
        "S2_nobs": 10.0,
        "valid_10m_pixels": 25,
        "tree_class_pct_2021": 8.0,
        "tree_context_valid_pct": 100,
        "period_start": "2026-03-15",
        "period_end_exclusive": "2026-06-01",
        "veg_ndvi_threshold": 0.35,
        "aggregation": "10m raster values weighted by exact clipped pixel area"
      }
    },
    {
      "type": "Feature",
      "geometry": {
        "type": "Polygon",
        "coordinates": [
          [
            [
              89.536091543,
              22.796714993
            ],
            [
              89.53608319,
              22.796263754
            ],
            [
              89.536569875,
              22.796256009
            ],
            [
              89.536578229,
              22.796707248
            ],
            [
              89.536091543,
              22.796714993
            ]
          ]
        ]
      },
      "properties": {
        "cell_id": "50m_15207_50464",
        "grid_m": 50,
        "projected_area_m2": 2500.0,
        "lon": 89.536330709,
        "lat": 22.796485501,
        "NDVI_S2_median": 0.3479026621580124,
        "vegetation_pct_valid": 52.0,
        "NDVI_2019": 0.41933088898658755,
        "NDVI_2026": 0.3479026621580124,
        "delta_NDVI": -0.07142822585534304,
        "optical_valid_pct": 100,
        "common_valid_pct": 100,
        "S2_nobs": 10.0,
        "valid_10m_pixels": 25,
        "tree_class_pct_2021": 8.0,
        "tree_context_valid_pct": 100,
        "period_start": "2026-03-15",
        "period_end_exclusive": "2026-06-01",
        "veg_ndvi_threshold": 0.35,
        "aggregation": "10m raster values weighted by exact clipped pixel area"
      }
    },
    {
      "type": "Feature",
      "geometry": {
        "type": "Polygon",
        "coordinates": [
          [
            [
              89.536099895,
              22.797166232
            ],
            [
              89.536091543,
              22.796714993
            ],
            [
              89.536578229,
              22.796707248
            ],
            [
              89.536586583,
              22.797158488
            ],
            [
              89.536099895,
              22.797166232
            ]
          ]
        ]
      },
      "properties": {
        "cell_id": "50m_15207_50465",
        "grid_m": 50,
        "projected_area_m2": 2500.0,
        "lon": 89.536339063,
        "lat": 22.796936741,
        "NDVI_S2_median": 0.3311060798168182,
        "vegetation_pct_valid": 36.0,
        "NDVI_2019": 0.3121804338693619,
        "NDVI_2026": 0.3311060798168182,
        "delta_NDVI": 0.018925644140690565,
        "optical_valid_pct": 100,
        "common_valid_pct": 100,
        "S2_nobs": 10.0,
        "valid_10m_pixels": 25,
        "tree_class_pct_2021": 24.0,
        "tree_context_valid_pct": 100,
        "period_start": "2026-03-15",
        "period_end_exclusive": "2026-06-01",
        "veg_ndvi_threshold": 0.35,
        "aggregation": "10m raster values weighted by exact clipped pixel area"
      }
    },
    {
      "type": "Feature",
      "geometry": {
        "type": "Polygon",
        "coordinates": [
          [
            [
              89.536108248,
              22.797617472
            ],
            [
              89.536099895,
              22.797166232
            ],
            [
              89.536586583,
              22.797158488
            ],
            [
              89.536594938,
              22.797609727
            ],
            [
              89.536108248,
              22.797617472
            ]
          ]
        ]
      },
      "properties": {
        "cell_id": "50m_15207_50466",
        "grid_m": 50,
        "projected_area_m2": 2500.0,
        "lon": 89.536347416,
        "lat": 22.79738798,
        "NDVI_S2_median": 0.4346525555849075,
        "vegetation_pct_valid": 60.0,
        "NDVI_2019": 0.5547448140382767,
        "NDVI_2026": 0.4346525555849075,
        "delta_NDVI": -0.12009225528687238,
        "optical_valid_pct": 100,
        "common_valid_pct": 100,
        "S2_nobs": 10.0,
        "valid_10m_pixels": 25,
        "tree_class_pct_2021": 72.0,
        "tree_context_valid_pct": 100,
        "period_start": "2026-03-15",
        "period_end_exclusive": "2026-06-01",
        "veg_ndvi_threshold": 0.35,
        "aggregation": "10m raster values weighted by exact clipped pixel area"
      }
    },
    {
      "type": "Feature",
      "geometry": {
        "type": "Polygon",
        "coordinates": [
          [
            [
              89.536116601,
              22.798068711
            ],
            [
              89.536108248,
              22.797617472
            ],
            [
              89.536594938,
              22.797609727
            ],
            [
              89.536603292,
              22.798060966
            ],
            [
              89.536116601,
              22.798068711
            ]
          ]
        ]
      },
      "properties": {
        "cell_id": "50m_15207_50467",
        "grid_m": 50,
        "projected_area_m2": 2500.0,
        "lon": 89.536355769,
        "lat": 22.797839219,
        "NDVI_S2_median": 0.2250860194861889,
        "vegetation_pct_valid": 16.0,
        "NDVI_2019": 0.38284080624580386,
        "NDVI_2026": 0.2250860194861889,
        "delta_NDVI": -0.15775478955358266,
        "optical_valid_pct": 100,
        "common_valid_pct": 100,
        "S2_nobs": 10.0,
        "valid_10m_pixels": 25,
        "tree_class_pct_2021": 20.0,
        "tree_context_valid_pct": 100,
        "period_start": "2026-03-15",
        "period_end_exclusive": "2026-06-01",
        "veg_ndvi_threshold": 0.35,
        "aggregation": "10m raster values weighted by exact clipped pixel area"
      }
    },
    {
      "type": "Feature",
      "geometry": {
        "type": "Polygon",
        "coordinates": [
          [
            [
              89.536124954,
              22.79851995
            ],
            [
              89.536116601,
              22.798068711
            ],
            [
              89.536603292,
              22.798060966
            ],
            [
              89.536611647,
              22.798512205
            ],
            [
              89.536124954,
              22.79851995
            ]
          ]
        ]
      },
      "properties": {
        "cell_id": "50m_15207_50468",
        "grid_m": 50,
        "projected_area_m2": 2500.0,
        "lon": 89.536364123,
        "lat": 22.798290458,
        "NDVI_S2_median": 0.30542988181114195,
        "vegetation_pct_valid": 40.0,
        "NDVI_2019": 0.2535584115982056,
        "NDVI_2026": 0.30542988181114195,
        "delta_NDVI": 0.051871466152369976,
        "optical_valid_pct": 100,
        "common_valid_pct": 100,
        "S2_nobs": 10.0,
        "valid_10m_pixels": 25,
        "tree_class_pct_2021": 0.0,
        "tree_context_valid_pct": 100,
        "period_start": "2026-03-15",
        "period_end_exclusive": "2026-06-01",
        "veg_ndvi_threshold": 0.35,
        "aggregation": "10m raster values weighted by exact clipped pixel area"
      }
    },
    {
      "type": "Feature",
      "geometry": {
        "type": "Polygon",
        "coordinates": [
          [
            [
              89.536133307,
              22.79897119
            ],
            [
              89.536124954,
              22.79851995
            ],
            [
              89.536611647,
              22.798512205
            ],
            [
              89.536620002,
              22.798963444
            ],
            [
              89.536133307,
              22.79897119
            ]
          ]
        ]
      },
      "properties": {
        "cell_id": "50m_15207_50469",
        "grid_m": 50,
        "projected_area_m2": 2500.0,
        "lon": 89.536372477,
        "lat": 22.798741697,
        "NDVI_S2_median": 0.49335304260253904,
        "vegetation_pct_valid": 88.0,
        "NDVI_2019": 0.463959704041481,
        "NDVI_2026": 0.49335304260253904,
        "delta_NDVI": 0.029393337871879338,
        "optical_valid_pct": 100,
        "common_valid_pct": 100,
        "S2_nobs": 10.0,
        "valid_10m_pixels": 25,
        "tree_class_pct_2021": 8.0,
        "tree_context_valid_pct": 100,
        "period_start": "2026-03-15",
        "period_end_exclusive": "2026-06-01",
        "veg_ndvi_threshold": 0.35,
        "aggregation": "10m raster values weighted by exact clipped pixel area"
      }
    },
    {
      "type": "Feature",
      "geometry": {
        "type": "Polygon",
        "coordinates": [
          [
            [
              89.536141661,
              22.799422429
            ],
            [
              89.536133307,
              22.79897119
            ],
            [
              89.536620002,
              22.798963444
            ],
            [
              89.536628357,
              22.799414683
            ],
            [
              89.536141661,
              22.799422429
            ]
          ]
        ]
      },
      "properties": {
        "cell_id": "50m_15207_50470",
        "grid_m": 50,
        "projected_area_m2": 2500.0,
        "lon": 89.536380832,
        "lat": 22.799192936,
        "NDVI_S2_median": 0.5570950102806091,
        "vegetation_pct_valid": 96.0,
        "NDVI_2019": 0.49030108720064164,
        "NDVI_2026": 0.5570950102806091,
        "delta_NDVI": 0.06679392613470554,
        "optical_valid_pct": 100,
        "common_valid_pct": 100,
        "S2_nobs": 10.0,
        "valid_10m_pixels": 25,
        "tree_class_pct_2021": 20.0,
        "tree_context_valid_pct": 100,
        "period_start": "2026-03-15",
        "period_end_exclusive": "2026-06-01",
        "veg_ndvi_threshold": 0.35,
        "aggregation": "10m raster values weighted by exact clipped pixel area"
      }
    },
    {
      "type": "Feature",
      "geometry": {
        "type": "Polygon",
        "coordinates": [
          [
            [
              89.536150014,
              22.799873668
            ],
            [
              89.536141661,
              22.799422429
            ],
            [
              89.536628357,
              22.799414683
            ],
            [
              89.536636712,
              22.799865922
            ],
            [
              89.536150014,
              22.799873668
            ]
          ]
        ]
      },
      "properties": {
        "cell_id": "50m_15207_50471",
        "grid_m": 50,
        "projected_area_m2": 2500.0,
        "lon": 89.536389186,
        "lat": 22.799644176,
        "NDVI_S2_median": 0.2508368554711342,
        "vegetation_pct_valid": 24.0,
        "NDVI_2019": 0.2299053341150284,
        "NDVI_2026": 0.2508368554711342,
        "delta_NDVI": 0.020931520545855165,
        "optical_valid_pct": 100,
        "common_valid_pct": 100,
        "S2_nobs": 10.0,
        "valid_10m_pixels": 25,
        "tree_class_pct_2021": 4.0,
        "tree_context_valid_pct": 100,
        "period_start": "2026-03-15",
        "period_end_exclusive": "2026-06-01",
        "veg_ndvi_threshold": 0.35,
        "aggregation": "10m raster values weighted by exact clipped pixel area"
      }
    },
    {
      "type": "Feature",
      "geometry": {
        "type": "Polygon",
        "coordinates": [
          [
            [
              89.536150014,
              22.799873668
            ],
            [
              89.536636712,
              22.799865922
            ],
            [
              89.536641136,
              22.800104842
            ],
            [
              89.536152433,
              22.800004323
            ],
            [
              89.536150014,
              22.799873668
            ]
          ]
        ]
      },
      "properties": {
        "cell_id": "50m_15207_50472",
        "grid_m": 50,
        "projected_area_m2": 1023.778817569837,
        "lon": 89.536395575,
        "lat": 22.799989255,
        "NDVI_S2_median": 0.20929819957128962,
        "vegetation_pct_valid": 8.531022404547556,
        "NDVI_2019": 0.46055943350542267,
        "NDVI_2026": 0.20929819957128962,
        "delta_NDVI": -0.25126122905064074,
        "optical_valid_pct": 99.99999999976808,
        "common_valid_pct": 99.99999999976808,
        "S2_nobs": 10.0,
        "valid_10m_pixels": 13,
        "tree_class_pct_2021": 0.0,
        "tree_context_valid_pct": 99.99999999976808,
        "period_start": "2026-03-15",
        "period_end_exclusive": "2026-06-01",
        "veg_ndvi_threshold": 0.35,
        "aggregation": "10m raster values weighted by exact clipped pixel area"
      }
    },
    {
      "type": "Feature",
      "geometry": {
        "type": "Polygon",
        "coordinates": [
          [
            [
              89.536386144,
              22.78632874
            ],
            [
              89.536383168,
              22.786167904
            ],
            [
              89.53686602,
              22.785954996
            ],
            [
              89.536872794,
              22.786320997
            ],
            [
              89.536386144,
              22.78632874
            ]
          ]
        ]
      },
      "properties": {
        "cell_id": "50m_15208_50441",
        "grid_m": 50,
        "projected_area_m2": 1459.4145651091821,
        "lon": 89.536626083,
        "lat": 22.786141868,
        "NDVI_S2_median": 0.2747849344131452,
        "vegetation_pct_valid": 36.11077761172602,
        "NDVI_2019": 0.23053328750484067,
        "NDVI_2026": 0.2747849344131452,
        "delta_NDVI": 0.04425164869272946,
        "optical_valid_pct": 99.97678265331331,
        "common_valid_pct": 99.97678265331331,
        "S2_nobs": 8.2747962662553,
        "valid_10m_pixels": 18,
        "tree_class_pct_2021": 0.0,
        "tree_context_valid_pct": 99.97678265331331,
        "period_start": "2026-03-15",
        "period_end_exclusive": "2026-06-01",
        "veg_ndvi_threshold": 0.35,
        "aggregation": "10m raster values weighted by exact clipped pixel area"
      }
    },
    {
      "type": "Feature",
      "geometry": {
        "type": "Polygon",
        "coordinates": [
          [
            [
              89.536394493,
              22.786779979
            ],
            [
              89.536386144,
              22.78632874
            ],
            [
              89.536872794,
              22.786320997
            ],
            [
              89.536881145,
              22.786772237
            ],
            [
              89.536394493,
              22.786779979
            ]
          ]
        ]
      },
      "properties": {
        "cell_id": "50m_15208_50442",
        "grid_m": 50,
        "projected_area_m2": 2500.0,
        "lon": 89.536633644,
        "lat": 22.786550489,
        "NDVI_S2_median": 0.2639806921035051,
        "vegetation_pct_valid": 32.0,
        "NDVI_2019": 0.41365708380937577,
        "NDVI_2026": 0.2639806921035051,
        "delta_NDVI": -0.1496763939037919,
        "optical_valid_pct": 100,
        "common_valid_pct": 100,
        "S2_nobs": 8.76,
        "valid_10m_pixels": 25,
        "tree_class_pct_2021": 4.0,
        "tree_context_valid_pct": 100,
        "period_start": "2026-03-15",
        "period_end_exclusive": "2026-06-01",
        "veg_ndvi_threshold": 0.35,
        "aggregation": "10m raster values weighted by exact clipped pixel area"
      }
    },
    {
      "type": "Feature",
      "geometry": {
        "type": "Polygon",
        "coordinates": [
          [
            [
              89.536402843,
              22.787231219
            ],
            [
              89.536394493,
              22.786779979
            ],
            [
              89.536881145,
              22.786772237
            ],
            [
              89.536889496,
              22.787223477
            ],
            [
              89.536402843,
              22.787231219
            ]
          ]
        ]
      },
      "properties": {
        "cell_id": "50m_15208_50443",
        "grid_m": 50,
        "projected_area_m2": 2500.0,
        "lon": 89.536641994,
        "lat": 22.787001728,
        "NDVI_S2_median": 0.33283499598503113,
        "vegetation_pct_valid": 48.0,
        "NDVI_2019": 0.49332826495170595,
        "NDVI_2026": 0.33283499598503113,
        "delta_NDVI": -0.16049326302483677,
        "optical_valid_pct": 100,
        "common_valid_pct": 100,
        "S2_nobs": 9.0,
        "valid_10m_pixels": 25,
        "tree_class_pct_2021": 64.0,
        "tree_context_valid_pct": 100,
        "period_start": "2026-03-15",
        "period_end_exclusive": "2026-06-01",
        "veg_ndvi_threshold": 0.35,
        "aggregation": "10m raster values weighted by exact clipped pixel area"
      }
    },
    {
      "type": "Feature",
      "geometry": {
        "type": "Polygon",
        "coordinates": [
          [
            [
              89.536411192,
              22.787682459
            ],
            [
              89.536402843,
              22.787231219
            ],
            [
              89.536889496,
              22.787223477
            ],
            [
              89.536897847,
              22.787674716
            ],
            [
              89.536411192,
              22.787682459
            ]
          ]
        ]
      },
      "properties": {
        "cell_id": "50m_15208_50444",
        "grid_m": 50,
        "projected_area_m2": 2500.0,
        "lon": 89.536650344,
        "lat": 22.787452968,
        "NDVI_S2_median": 0.328078432790935,
        "vegetation_pct_valid": 60.0,
        "NDVI_2019": 0.5617471188306808,
        "NDVI_2026": 0.328078432790935,
        "delta_NDVI": -0.23366869270801544,
        "optical_valid_pct": 100,
        "common_valid_pct": 100,
        "S2_nobs": 8.12,
        "valid_10m_pixels": 25,
        "tree_class_pct_2021": 92.0,
        "tree_context_valid_pct": 100,
        "period_start": "2026-03-15",
        "period_end_exclusive": "2026-06-01",
        "veg_ndvi_threshold": 0.35,
        "aggregation": "10m raster values weighted by exact clipped pixel area"
      }
    },
    {
      "type": "Feature",
      "geometry": {
        "type": "Polygon",
        "coordinates": [
          [
            [
              89.536419542,
              22.788133699
            ],
            [
              89.536411192,
              22.787682459
            ],
            [
              89.536897847,
              22.787674716
            ],
            [
              89.536906198,
              22.788125956
            ],
            [
              89.536419542,
              22.788133699
            ]
          ]
        ]
      },
      "properties": {
        "cell_id": "50m_15208_50445",
        "grid_m": 50,
        "projected_area_m2": 2500.0,
        "lon": 89.536658695,
        "lat": 22.787904208,
        "NDVI_S2_median": 0.4348162603378296,
        "vegetation_pct_valid": 72.0,
        "NDVI_2019": 0.6750884795188904,
        "NDVI_2026": 0.4348162603378296,
        "delta_NDVI": -0.24027221649885178,
        "optical_valid_pct": 100,
        "common_valid_pct": 100,
        "S2_nobs": 8.84,
        "valid_10m_pixels": 25,
        "tree_class_pct_2021": 72.0,
        "tree_context_valid_pct": 100,
        "period_start": "2026-03-15",
        "period_end_exclusive": "2026-06-01",
        "veg_ndvi_threshold": 0.35,
        "aggregation": "10m raster values weighted by exact clipped pixel area"
      }
    },
    {
      "type": "Feature",
      "geometry": {
        "type": "Polygon",
        "coordinates": [
          [
            [
              89.536427892,
              22.788584938
            ],
            [
              89.536419542,
              22.788133699
            ],
            [
              89.536906198,
              22.788125956
            ],
            [
              89.53691455,
              22.788577195
            ],
            [
              89.536427892,
              22.788584938
            ]
          ]
        ]
      },
      "properties": {
        "cell_id": "50m_15208_50446",
        "grid_m": 50,
        "projected_area_m2": 2500.0,
        "lon": 89.536667046,
        "lat": 22.788355447,
        "NDVI_S2_median": 0.3672280102968216,
        "vegetation_pct_valid": 56.00000000000001,
        "NDVI_2019": 0.489471116065979,
        "NDVI_2026": 0.3672280102968216,
        "delta_NDVI": -0.12224310405552387,
        "optical_valid_pct": 100,
        "common_valid_pct": 100,
        "S2_nobs": 8.76,
        "valid_10m_pixels": 25,
        "tree_class_pct_2021": 4.0,
        "tree_context_valid_pct": 100,
        "period_start": "2026-03-15",
        "period_end_exclusive": "2026-06-01",
        "veg_ndvi_threshold": 0.35,
        "aggregation": "10m raster values weighted by exact clipped pixel area"
      }
    },
    {
      "type": "Feature",
      "geometry": {
        "type": "Polygon",
        "coordinates": [
          [
            [
              89.536436242,
              22.789036178
            ],
            [
              89.536427892,
              22.788584938
            ],
            [
              89.53691455,
              22.788577195
            ],
            [
              89.536922902,
              22.789028435
            ],
            [
              89.536436242,
              22.789036178
            ]
          ]
        ]
      },
      "properties": {
        "cell_id": "50m_15208_50447",
        "grid_m": 50,
        "projected_area_m2": 2500.0,
        "lon": 89.536675396,
        "lat": 22.788806687,
        "NDVI_S2_median": 0.3325228989124298,
        "vegetation_pct_valid": 40.0,
        "NDVI_2019": 0.305206778049469,
        "NDVI_2026": 0.3325228989124298,
        "delta_NDVI": 0.027316122986376284,
        "optical_valid_pct": 100,
        "common_valid_pct": 100,
        "S2_nobs": 9.08,
        "valid_10m_pixels": 25,
        "tree_class_pct_2021": 12.0,
        "tree_context_valid_pct": 100,
        "period_start": "2026-03-15",
        "period_end_exclusive": "2026-06-01",
        "veg_ndvi_threshold": 0.35,
        "aggregation": "10m raster values weighted by exact clipped pixel area"
      }
    },
    {
      "type": "Feature",
      "geometry": {
        "type": "Polygon",
        "coordinates": [
          [
            [
              89.536444593,
              22.789487418
            ],
            [
              89.536436242,
              22.789036178
            ],
            [
              89.536922902,
              22.789028435
            ],
            [
              89.536931254,
              22.789479674
            ],
            [
              89.536444593,
              22.789487418
            ]
          ]
        ]
      },
      "properties": {
        "cell_id": "50m_15208_50448",
        "grid_m": 50,
        "projected_area_m2": 2500.0,
        "lon": 89.536683748,
        "lat": 22.789257926,
        "NDVI_S2_median": 0.3336625435948372,
        "vegetation_pct_valid": 40.0,
        "NDVI_2019": 0.5616619753837585,
        "NDVI_2026": 0.3336625435948372,
        "delta_NDVI": -0.2279994288831949,
        "optical_valid_pct": 100,
        "common_valid_pct": 100,
        "S2_nobs": 8.84,
        "valid_10m_pixels": 25,
        "tree_class_pct_2021": 16.0,
        "tree_context_valid_pct": 100,
        "period_start": "2026-03-15",
        "period_end_exclusive": "2026-06-01",
        "veg_ndvi_threshold": 0.35,
        "aggregation": "10m raster values weighted by exact clipped pixel area"
      }
    },
    {
      "type": "Feature",
      "geometry": {
        "type": "Polygon",
        "coordinates": [
          [
            [
              89.536452944,
              22.789938657
            ],
            [
              89.536444593,
              22.789487418
            ],
            [
              89.536931254,
              22.789479674
            ],
            [
              89.536939606,
              22.789930914
            ],
            [
              89.536452944,
              22.789938657
            ]
          ]
        ]
      },
      "properties": {
        "cell_id": "50m_15208_50449",
        "grid_m": 50,
        "projected_area_m2": 2500.0,
        "lon": 89.536692099,
        "lat": 22.789709166,
        "NDVI_S2_median": 0.201349855363369,
        "vegetation_pct_valid": 8.0,
        "NDVI_2019": 0.32679815411567686,
        "NDVI_2026": 0.201349855363369,
        "delta_NDVI": -0.1254482949897647,
        "optical_valid_pct": 100,
        "common_valid_pct": 100,
        "S2_nobs": 9.0,
        "valid_10m_pixels": 25,
        "tree_class_pct_2021": 36.0,
        "tree_context_valid_pct": 100,
        "period_start": "2026-03-15",
        "period_end_exclusive": "2026-06-01",
        "veg_ndvi_threshold": 0.35,
        "aggregation": "10m raster values weighted by exact clipped pixel area"
      }
    },
    {
      "type": "Feature",
      "geometry": {
        "type": "Polygon",
        "coordinates": [
          [
            [
              89.536461294,
              22.790389897
            ],
            [
              89.536452944,
              22.789938657
            ],
            [
              89.536939606,
              22.789930914
            ],
            [
              89.536947959,
              22.790382153
            ],
            [
              89.536461294,
              22.790389897
            ]
          ]
        ]
      },
      "properties": {
        "cell_id": "50m_15208_50450",
        "grid_m": 50,
        "projected_area_m2": 2500.0,
        "lon": 89.536700451,
        "lat": 22.790160406,
        "NDVI_S2_median": 0.3636208987236023,
        "vegetation_pct_valid": 48.0,
        "NDVI_2019": 0.36281349271535873,
        "NDVI_2026": 0.3636208987236023,
        "delta_NDVI": 0.0008074023760855197,
        "optical_valid_pct": 100,
        "common_valid_pct": 100,
        "S2_nobs": 9.32,
        "valid_10m_pixels": 25,
        "tree_class_pct_2021": 20.0,
        "tree_context_valid_pct": 100,
        "period_start": "2026-03-15",
        "period_end_exclusive": "2026-06-01",
        "veg_ndvi_threshold": 0.35,
        "aggregation": "10m raster values weighted by exact clipped pixel area"
      }
    },
    {
      "type": "Feature",
      "geometry": {
        "type": "Polygon",
        "coordinates": [
          [
            [
              89.536469646,
              22.790841137
            ],
            [
              89.536461294,
              22.790389897
            ],
            [
              89.536947959,
              22.790382153
            ],
            [
              89.536956311,
              22.790833393
            ],
            [
              89.536469646,
              22.790841137
            ]
          ]
        ]
      },
      "properties": {
        "cell_id": "50m_15208_50451",
        "grid_m": 50,
        "projected_area_m2": 2500.0,
        "lon": 89.536708802,
        "lat": 22.790611645,
        "NDVI_S2_median": 0.3103968119621277,
        "vegetation_pct_valid": 36.0,
        "NDVI_2019": 0.3586140298843384,
        "NDVI_2026": 0.3103968119621277,
        "delta_NDVI": -0.04821721641346812,
        "optical_valid_pct": 100,
        "common_valid_pct": 100,
        "S2_nobs": 9.48,
        "valid_10m_pixels": 25,
        "tree_class_pct_2021": 0.0,
        "tree_context_valid_pct": 100,
        "period_start": "2026-03-15",
        "period_end_exclusive": "2026-06-01",
        "veg_ndvi_threshold": 0.35,
        "aggregation": "10m raster values weighted by exact clipped pixel area"
      }
    },
    {
      "type": "Feature",
      "geometry": {
        "type": "Polygon",
        "coordinates": [
          [
            [
              89.536477997,
              22.791292376
            ],
            [
              89.536469646,
              22.790841137
            ],
            [
              89.536956311,
              22.790833393
            ],
            [
              89.536964664,
              22.791284632
            ],
            [
              89.536477997,
              22.791292376
            ]
          ]
        ]
      },
      "properties": {
        "cell_id": "50m_15208_50452",
        "grid_m": 50,
        "projected_area_m2": 2500.0,
        "lon": 89.536717154,
        "lat": 22.791062884,
        "NDVI_S2_median": 0.4595740360021591,
        "vegetation_pct_valid": 80.0,
        "NDVI_2019": 0.5150406098365784,
        "NDVI_2026": 0.4595740360021591,
        "delta_NDVI": -0.05546657428145409,
        "optical_valid_pct": 100,
        "common_valid_pct": 100,
        "S2_nobs": 9.52,
        "valid_10m_pixels": 25,
        "tree_class_pct_2021": 48.0,
        "tree_context_valid_pct": 100,
        "period_start": "2026-03-15",
        "period_end_exclusive": "2026-06-01",
        "veg_ndvi_threshold": 0.35,
        "aggregation": "10m raster values weighted by exact clipped pixel area"
      }
    },
    {
      "type": "Feature",
      "geometry": {
        "type": "Polygon",
        "coordinates": [
          [
            [
              89.536486348,
              22.791743616
            ],
            [
              89.536477997,
              22.791292376
            ],
            [
              89.536964664,
              22.791284632
            ],
            [
              89.536973017,
              22.791735871
            ],
            [
              89.536486348,
              22.791743616
            ]
          ]
        ]
      },
      "properties": {
        "cell_id": "50m_15208_50453",
        "grid_m": 50,
        "projected_area_m2": 2500.0,
        "lon": 89.536725507,
        "lat": 22.791514124,
        "NDVI_S2_median": 0.39881800293922426,
        "vegetation_pct_valid": 48.0,
        "NDVI_2019": 0.385682008266449,
        "NDVI_2026": 0.39881800293922426,
        "delta_NDVI": 0.013135993140749633,
        "optical_valid_pct": 100,
        "common_valid_pct": 100,
        "S2_nobs": 10.0,
        "valid_10m_pixels": 25,
        "tree_class_pct_2021": 20.0,
        "tree_context_valid_pct": 100,
        "period_start": "2026-03-15",
        "period_end_exclusive": "2026-06-01",
        "veg_ndvi_threshold": 0.35,
        "aggregation": "10m raster values weighted by exact clipped pixel area"
      }
    },
    {
      "type": "Feature",
      "geometry": {
        "type": "Polygon",
        "coordinates": [
          [
            [
              89.5364947,
              22.792194855
            ],
            [
              89.536486348,
              22.791743616
            ],
            [
              89.536973017,
              22.791735871
            ],
            [
              89.536981371,
              22.792187111
            ],
            [
              89.5364947,
              22.792194855
            ]
          ]
        ]
      },
      "properties": {
        "cell_id": "50m_15208_50454",
        "grid_m": 50,
        "projected_area_m2": 2500.0,
        "lon": 89.536733859,
        "lat": 22.791965363,
        "NDVI_S2_median": 0.26697385489940645,
        "vegetation_pct_valid": 16.0,
        "NDVI_2019": 0.34507292330265044,
        "NDVI_2026": 0.26697385489940645,
        "delta_NDVI": -0.07809907354414464,
        "optical_valid_pct": 100,
        "common_valid_pct": 100,
        "S2_nobs": 10.0,
        "valid_10m_pixels": 25,
        "tree_class_pct_2021": 0.0,
        "tree_context_valid_pct": 100,
        "period_start": "2026-03-15",
        "period_end_exclusive": "2026-06-01",
        "veg_ndvi_threshold": 0.35,
        "aggregation": "10m raster values weighted by exact clipped pixel area"
      }
    },
    {
      "type": "Feature",
      "geometry": {
        "type": "Polygon",
        "coordinates": [
          [
            [
              89.536503052,
              22.792646095
            ],
            [
              89.5364947,
              22.792194855
            ],
            [
              89.536981371,
              22.792187111
            ],
            [
              89.536989724,
              22.79263835
            ],
            [
              89.536503052,
              22.792646095
            ]
          ]
        ]
      },
      "properties": {
        "cell_id": "50m_15208_50455",
        "grid_m": 50,
        "projected_area_m2": 2500.0,
        "lon": 89.536742212,
        "lat": 22.792416603,
        "NDVI_S2_median": 0.3312893368303776,
        "vegetation_pct_valid": 44.0,
        "NDVI_2019": 0.4321075224876404,
        "NDVI_2026": 0.3312893368303776,
        "delta_NDVI": -0.10081818318925798,
        "optical_valid_pct": 100,
        "common_valid_pct": 100,
        "S2_nobs": 9.52,
        "valid_10m_pixels": 25,
        "tree_class_pct_2021": 52.0,
        "tree_context_valid_pct": 100,
        "period_start": "2026-03-15",
        "period_end_exclusive": "2026-06-01",
        "veg_ndvi_threshold": 0.35,
        "aggregation": "10m raster values weighted by exact clipped pixel area"
      }
    },
    {
      "type": "Feature",
      "geometry": {
        "type": "Polygon",
        "coordinates": [
          [
            [
              89.536511404,
              22.793097334
            ],
            [
              89.536503052,
              22.792646095
            ],
            [
              89.536989724,
              22.79263835
            ],
            [
              89.536998078,
              22.793089589
            ],
            [
              89.536511404,
              22.793097334
            ]
          ]
        ]
      },
      "properties": {
        "cell_id": "50m_15208_50456",
        "grid_m": 50,
        "projected_area_m2": 2500.0,
        "lon": 89.536750565,
        "lat": 22.792867842,
        "NDVI_S2_median": 0.25050792962312696,
        "vegetation_pct_valid": 24.0,
        "NDVI_2019": 0.5604291439056397,
        "NDVI_2026": 0.25050792962312696,
        "delta_NDVI": -0.30992121033370496,
        "optical_valid_pct": 100,
        "common_valid_pct": 100,
        "S2_nobs": 8.8,
        "valid_10m_pixels": 25,
        "tree_class_pct_2021": 80.0,
        "tree_context_valid_pct": 100,
        "period_start": "2026-03-15",
        "period_end_exclusive": "2026-06-01",
        "veg_ndvi_threshold": 0.35,
        "aggregation": "10m raster values weighted by exact clipped pixel area"
      }
    },
    {
      "type": "Feature",
      "geometry": {
        "type": "Polygon",
        "coordinates": [
          [
            [
              89.536519757,
              22.793548573
            ],
            [
              89.536511404,
              22.793097334
            ],
            [
              89.536998078,
              22.793089589
            ],
            [
              89.537006432,
              22.793540828
            ],
            [
              89.536519757,
              22.793548573
            ]
          ]
        ]
      },
      "properties": {
        "cell_id": "50m_15208_50457",
        "grid_m": 50,
        "projected_area_m2": 2500.0,
        "lon": 89.536758918,
        "lat": 22.793319081,
        "NDVI_S2_median": 0.3867666918039322,
        "vegetation_pct_valid": 60.0,
        "NDVI_2019": 0.3961159664392471,
        "NDVI_2026": 0.3867666918039322,
        "delta_NDVI": -0.009349275100976228,
        "optical_valid_pct": 100,
        "common_valid_pct": 100,
        "S2_nobs": 8.96,
        "valid_10m_pixels": 25,
        "tree_class_pct_2021": 68.0,
        "tree_context_valid_pct": 100,
        "period_start": "2026-03-15",
        "period_end_exclusive": "2026-06-01",
        "veg_ndvi_threshold": 0.35,
        "aggregation": "10m raster values weighted by exact clipped pixel area"
      }
    },
    {
      "type": "Feature",
      "geometry": {
        "type": "Polygon",
        "coordinates": [
          [
            [
              89.536528109,
              22.793999813
            ],
            [
              89.536519757,
              22.793548573
            ],
            [
              89.537006432,
              22.793540828
            ],
            [
              89.537014786,
              22.793992068
            ],
            [
              89.536528109,
              22.793999813
            ]
          ]
        ]
      },
      "properties": {
        "cell_id": "50m_15208_50458",
        "grid_m": 50,
        "projected_area_m2": 2500.0,
        "lon": 89.536767271,
        "lat": 22.793770321,
        "NDVI_S2_median": 0.2726374192535877,
        "vegetation_pct_valid": 28.000000000000004,
        "NDVI_2019": 0.38243891797959806,
        "NDVI_2026": 0.2726374192535877,
        "delta_NDVI": -0.10980149820446967,
        "optical_valid_pct": 100,
        "common_valid_pct": 100,
        "S2_nobs": 9.52,
        "valid_10m_pixels": 25,
        "tree_class_pct_2021": 28.000000000000004,
        "tree_context_valid_pct": 100,
        "period_start": "2026-03-15",
        "period_end_exclusive": "2026-06-01",
        "veg_ndvi_threshold": 0.35,
        "aggregation": "10m raster values weighted by exact clipped pixel area"
      }
    },
    {
      "type": "Feature",
      "geometry": {
        "type": "Polygon",
        "coordinates": [
          [
            [
              89.536536462,
              22.794451052
            ],
            [
              89.536528109,
              22.793999813
            ],
            [
              89.537014786,
              22.793992068
            ],
            [
              89.537023141,
              22.794443307
            ],
            [
              89.536536462,
              22.794451052
            ]
          ]
        ]
      },
      "properties": {
        "cell_id": "50m_15208_50459",
        "grid_m": 50,
        "projected_area_m2": 2500.0,
        "lon": 89.536775625,
        "lat": 22.79422156,
        "NDVI_S2_median": 0.22965767739340662,
        "vegetation_pct_valid": 28.000000000000004,
        "NDVI_2019": 0.6799890291690827,
        "NDVI_2026": 0.22965767739340662,
        "delta_NDVI": -0.4503313527442515,
        "optical_valid_pct": 100,
        "common_valid_pct": 100,
        "S2_nobs": 10.0,
        "valid_10m_pixels": 25,
        "tree_class_pct_2021": 28.000000000000004,
        "tree_context_valid_pct": 100,
        "period_start": "2026-03-15",
        "period_end_exclusive": "2026-06-01",
        "veg_ndvi_threshold": 0.35,
        "aggregation": "10m raster values weighted by exact clipped pixel area"
      }
    },
    {
      "type": "Feature",
      "geometry": {
        "type": "Polygon",
        "coordinates": [
          [
            [
              89.536544815,
              22.794902291
            ],
            [
              89.536536462,
              22.794451052
            ],
            [
              89.537023141,
              22.794443307
            ],
            [
              89.537031495,
              22.794894546
            ],
            [
              89.536544815,
              22.794902291
            ]
          ]
        ]
      },
      "properties": {
        "cell_id": "50m_15208_50460",
        "grid_m": 50,
        "projected_area_m2": 2500.0,
        "lon": 89.536783978,
        "lat": 22.794672799,
        "NDVI_S2_median": 0.14482309155166148,
        "vegetation_pct_valid": 12.0,
        "NDVI_2019": 0.192947638630867,
        "NDVI_2026": 0.14482309155166148,
        "delta_NDVI": -0.04812454542145133,
        "optical_valid_pct": 100,
        "common_valid_pct": 100,
        "S2_nobs": 9.2,
        "valid_10m_pixels": 25,
        "tree_class_pct_2021": 0.0,
        "tree_context_valid_pct": 100,
        "period_start": "2026-03-15",
        "period_end_exclusive": "2026-06-01",
        "veg_ndvi_threshold": 0.35,
        "aggregation": "10m raster values weighted by exact clipped pixel area"
      }
    },
    {
      "type": "Feature",
      "geometry": {
        "type": "Polygon",
        "coordinates": [
          [
            [
              89.536553168,
              22.795353531
            ],
            [
              89.536544815,
              22.794902291
            ],
            [
              89.537031495,
              22.794894546
            ],
            [
              89.53703985,
              22.795345785
            ],
            [
              89.536553168,
              22.795353531
            ]
          ]
        ]
      },
      "properties": {
        "cell_id": "50m_15208_50461",
        "grid_m": 50,
        "projected_area_m2": 2500.0,
        "lon": 89.536792332,
        "lat": 22.795124038,
        "NDVI_S2_median": 0.19101230919361115,
        "vegetation_pct_valid": 16.0,
        "NDVI_2019": 0.1902410279214382,
        "NDVI_2026": 0.19101230919361115,
        "delta_NDVI": 0.0007712808810174466,
        "optical_valid_pct": 100,
        "common_valid_pct": 100,
        "S2_nobs": 10.0,
        "valid_10m_pixels": 25,
        "tree_class_pct_2021": 0.0,
        "tree_context_valid_pct": 100,
        "period_start": "2026-03-15",
        "period_end_exclusive": "2026-06-01",
        "veg_ndvi_threshold": 0.35,
        "aggregation": "10m raster values weighted by exact clipped pixel area"
      }
    },
    {
      "type": "Feature",
      "geometry": {
        "type": "Polygon",
        "coordinates": [
          [
            [
              89.536561522,
              22.79580477
            ],
            [
              89.536553168,
              22.795353531
            ],
            [
              89.53703985,
              22.795345785
            ],
            [
              89.537048205,
              22.795797024
            ],
            [
              89.536561522,
              22.79580477
            ]
          ]
        ]
      },
      "properties": {
        "cell_id": "50m_15208_50462",
        "grid_m": 50,
        "projected_area_m2": 2500.0,
        "lon": 89.536800686,
        "lat": 22.795575278,
        "NDVI_S2_median": 0.23361024498939514,
        "vegetation_pct_valid": 8.0,
        "NDVI_2019": 0.3083390074968338,
        "NDVI_2026": 0.23361024498939514,
        "delta_NDVI": -0.07472876232583076,
        "optical_valid_pct": 100,
        "common_valid_pct": 100,
        "S2_nobs": 9.8,
        "valid_10m_pixels": 25,
        "tree_class_pct_2021": 8.0,
        "tree_context_valid_pct": 100,
        "period_start": "2026-03-15",
        "period_end_exclusive": "2026-06-01",
        "veg_ndvi_threshold": 0.35,
        "aggregation": "10m raster values weighted by exact clipped pixel area"
      }
    },
    {
      "type": "Feature",
      "geometry": {
        "type": "Polygon",
        "coordinates": [
          [
            [
              89.536569875,
              22.796256009
            ],
            [
              89.536561522,
              22.79580477
            ],
            [
              89.537048205,
              22.795797024
            ],
            [
              89.53705656,
              22.796248263
            ],
            [
              89.536569875,
              22.796256009
            ]
          ]
        ]
      },
      "properties": {
        "cell_id": "50m_15208_50463",
        "grid_m": 50,
        "projected_area_m2": 2500.0,
        "lon": 89.536809041,
        "lat": 22.796026517,
        "NDVI_S2_median": 0.3454262214899063,
        "vegetation_pct_valid": 32.0,
        "NDVI_2019": 0.35575536370277405,
        "NDVI_2026": 0.3454262214899063,
        "delta_NDVI": -0.010329141344409437,
        "optical_valid_pct": 100,
        "common_valid_pct": 100,
        "S2_nobs": 9.8,
        "valid_10m_pixels": 25,
        "tree_class_pct_2021": 48.0,
        "tree_context_valid_pct": 100,
        "period_start": "2026-03-15",
        "period_end_exclusive": "2026-06-01",
        "veg_ndvi_threshold": 0.35,
        "aggregation": "10m raster values weighted by exact clipped pixel area"
      }
    },
    {
      "type": "Feature",
      "geometry": {
        "type": "Polygon",
        "coordinates": [
          [
            [
              89.536578229,
              22.796707248
            ],
            [
              89.536569875,
              22.796256009
            ],
            [
              89.53705656,
              22.796248263
            ],
            [
              89.537064916,
              22.796699502
            ],
            [
              89.536578229,
              22.796707248
            ]
          ]
        ]
      },
      "properties": {
        "cell_id": "50m_15208_50464",
        "grid_m": 50,
        "projected_area_m2": 2500.0,
        "lon": 89.536817395,
        "lat": 22.796477756,
        "NDVI_S2_median": 0.3482565119862556,
        "vegetation_pct_valid": 44.0,
        "NDVI_2019": 0.3405503422021866,
        "NDVI_2026": 0.3482565119862556,
        "delta_NDVI": 0.007706168103031814,
        "optical_valid_pct": 100,
        "common_valid_pct": 100,
        "S2_nobs": 10.0,
        "valid_10m_pixels": 25,
        "tree_class_pct_2021": 32.0,
        "tree_context_valid_pct": 100,
        "period_start": "2026-03-15",
        "period_end_exclusive": "2026-06-01",
        "veg_ndvi_threshold": 0.35,
        "aggregation": "10m raster values weighted by exact clipped pixel area"
      }
    },
    {
      "type": "Feature",
      "geometry": {
        "type": "Polygon",
        "coordinates": [
          [
            [
              89.536586583,
              22.797158488
            ],
            [
              89.536578229,
              22.796707248
            ],
            [
              89.537064916,
              22.796699502
            ],
            [
              89.537073271,
              22.797150741
            ],
            [
              89.536586583,
              22.797158488
            ]
          ]
        ]
      },
      "properties": {
        "cell_id": "50m_15208_50465",
        "grid_m": 50,
        "projected_area_m2": 2500.0,
        "lon": 89.53682575,
        "lat": 22.796928995,
        "NDVI_S2_median": 0.4439356762170792,
        "vegetation_pct_valid": 64.0,
        "NDVI_2019": 0.463496966958046,
        "NDVI_2026": 0.4439356762170792,
        "delta_NDVI": -0.019561291058780624,
        "optical_valid_pct": 100,
        "common_valid_pct": 100,
        "S2_nobs": 10.0,
        "valid_10m_pixels": 25,
        "tree_class_pct_2021": 20.0,
        "tree_context_valid_pct": 100,
        "period_start": "2026-03-15",
        "period_end_exclusive": "2026-06-01",
        "veg_ndvi_threshold": 0.35,
        "aggregation": "10m raster values weighted by exact clipped pixel area"
      }
    },
    {
      "type": "Feature",
      "geometry": {
        "type": "Polygon",
        "coordinates": [
          [
            [
              89.536594938,
              22.797609727
            ],
            [
              89.536586583,
              22.797158488
            ],
            [
              89.537073271,
              22.797150741
            ],
            [
              89.537081627,
              22.79760198
            ],
            [
              89.536594938,
              22.797609727
            ]
          ]
        ]
      },
      "properties": {
        "cell_id": "50m_15208_50466",
        "grid_m": 50,
        "projected_area_m2": 2500.0,
        "lon": 89.536834105,
        "lat": 22.797380234,
        "NDVI_S2_median": 0.4526284182071686,
        "vegetation_pct_valid": 72.0,
        "NDVI_2019": 0.5570568329095841,
        "NDVI_2026": 0.4526284182071686,
        "delta_NDVI": -0.10442840568721294,
        "optical_valid_pct": 100,
        "common_valid_pct": 100,
        "S2_nobs": 10.0,
        "valid_10m_pixels": 25,
        "tree_class_pct_2021": 44.0,
        "tree_context_valid_pct": 100,
        "period_start": "2026-03-15",
        "period_end_exclusive": "2026-06-01",
        "veg_ndvi_threshold": 0.35,
        "aggregation": "10m raster values weighted by exact clipped pixel area"
      }
    },
    {
      "type": "Feature",
      "geometry": {
        "type": "Polygon",
        "coordinates": [
          [
            [
              89.536603292,
              22.798060966
            ],
            [
              89.536594938,
              22.797609727
            ],
            [
              89.537081627,
              22.79760198
            ],
            [
              89.537089983,
              22.798053219
            ],
            [
              89.536603292,
              22.798060966
            ]
          ]
        ]
      },
      "properties": {
        "cell_id": "50m_15208_50467",
        "grid_m": 50,
        "projected_area_m2": 2500.0,
        "lon": 89.53684246,
        "lat": 22.797831473,
        "NDVI_S2_median": 0.36032145641744134,
        "vegetation_pct_valid": 44.0,
        "NDVI_2019": 0.5401040256023407,
        "NDVI_2026": 0.36032145641744134,
        "delta_NDVI": -0.1797825648263097,
        "optical_valid_pct": 100,
        "common_valid_pct": 100,
        "S2_nobs": 10.0,
        "valid_10m_pixels": 25,
        "tree_class_pct_2021": 40.0,
        "tree_context_valid_pct": 100,
        "period_start": "2026-03-15",
        "period_end_exclusive": "2026-06-01",
        "veg_ndvi_threshold": 0.35,
        "aggregation": "10m raster values weighted by exact clipped pixel area"
      }
    },
    {
      "type": "Feature",
      "geometry": {
        "type": "Polygon",
        "coordinates": [
          [
            [
              89.536611647,
              22.798512205
            ],
            [
              89.536603292,
              22.798060966
            ],
            [
              89.537089983,
              22.798053219
            ],
            [
              89.53709834,
              22.798504458
            ],
            [
              89.536611647,
              22.798512205
            ]
          ]
        ]
      },
      "properties": {
        "cell_id": "50m_15208_50468",
        "grid_m": 50,
        "projected_area_m2": 2500.0,
        "lon": 89.536850816,
        "lat": 22.798282712,
        "NDVI_S2_median": 0.5752158665657043,
        "vegetation_pct_valid": 88.0,
        "NDVI_2019": 0.46603913366794586,
        "NDVI_2026": 0.5752158665657043,
        "delta_NDVI": 0.109176734238863,
        "optical_valid_pct": 100,
        "common_valid_pct": 100,
        "S2_nobs": 10.0,
        "valid_10m_pixels": 25,
        "tree_class_pct_2021": 0.0,
        "tree_context_valid_pct": 100,
        "period_start": "2026-03-15",
        "period_end_exclusive": "2026-06-01",
        "veg_ndvi_threshold": 0.35,
        "aggregation": "10m raster values weighted by exact clipped pixel area"
      }
    },
    {
      "type": "Feature",
      "geometry": {
        "type": "Polygon",
        "coordinates": [
          [
            [
              89.536620002,
              22.798963444
            ],
            [
              89.536611647,
              22.798512205
            ],
            [
              89.53709834,
              22.798504458
            ],
            [
              89.537106696,
              22.798955697
            ],
            [
              89.536620002,
              22.798963444
            ]
          ]
        ]
      },
      "properties": {
        "cell_id": "50m_15208_50469",
        "grid_m": 50,
        "projected_area_m2": 2500.0,
        "lon": 89.536859171,
        "lat": 22.798733951,
        "NDVI_S2_median": 0.5413987588882446,
        "vegetation_pct_valid": 92.0,
        "NDVI_2019": 0.4163367671892047,
        "NDVI_2026": 0.5413987588882446,
        "delta_NDVI": 0.12506199926137923,
        "optical_valid_pct": 100,
        "common_valid_pct": 100,
        "S2_nobs": 10.0,
        "valid_10m_pixels": 25,
        "tree_class_pct_2021": 20.0,
        "tree_context_valid_pct": 100,
        "period_start": "2026-03-15",
        "period_end_exclusive": "2026-06-01",
        "veg_ndvi_threshold": 0.35,
        "aggregation": "10m raster values weighted by exact clipped pixel area"
      }
    },
    {
      "type": "Feature",
      "geometry": {
        "type": "Polygon",
        "coordinates": [
          [
            [
              89.536628357,
              22.799414683
            ],
            [
              89.536620002,
              22.798963444
            ],
            [
              89.537106696,
              22.798955697
            ],
            [
              89.537115053,
              22.799406936
            ],
            [
              89.536628357,
              22.799414683
            ]
          ]
        ]
      },
      "properties": {
        "cell_id": "50m_15208_50470",
        "grid_m": 50,
        "projected_area_m2": 2500.0,
        "lon": 89.536867527,
        "lat": 22.79918519,
        "NDVI_S2_median": 0.41278419494628904,
        "vegetation_pct_valid": 48.0,
        "NDVI_2019": 0.2484521382767707,
        "NDVI_2026": 0.41278419494628904,
        "delta_NDVI": 0.16433205731213094,
        "optical_valid_pct": 100,
        "common_valid_pct": 100,
        "S2_nobs": 10.0,
        "valid_10m_pixels": 25,
        "tree_class_pct_2021": 24.0,
        "tree_context_valid_pct": 100,
        "period_start": "2026-03-15",
        "period_end_exclusive": "2026-06-01",
        "veg_ndvi_threshold": 0.35,
        "aggregation": "10m raster values weighted by exact clipped pixel area"
      }
    },
    {
      "type": "Feature",
      "geometry": {
        "type": "Polygon",
        "coordinates": [
          [
            [
              89.536636712,
              22.799865922
            ],
            [
              89.536628357,
              22.799414683
            ],
            [
              89.537115053,
              22.799406936
            ],
            [
              89.53712341,
              22.799858174
            ],
            [
              89.536636712,
              22.799865922
            ]
          ]
        ]
      },
      "properties": {
        "cell_id": "50m_15208_50471",
        "grid_m": 50,
        "projected_area_m2": 2500.0,
        "lon": 89.536875883,
        "lat": 22.799636429,
        "NDVI_S2_median": 0.5199834632873536,
        "vegetation_pct_valid": 80.0,
        "NDVI_2019": 0.48519267965340984,
        "NDVI_2026": 0.5199834632873536,
        "delta_NDVI": 0.03479078111704439,
        "optical_valid_pct": 100,
        "common_valid_pct": 100,
        "S2_nobs": 10.0,
        "valid_10m_pixels": 25,
        "tree_class_pct_2021": 64.0,
        "tree_context_valid_pct": 100,
        "period_start": "2026-03-15",
        "period_end_exclusive": "2026-06-01",
        "veg_ndvi_threshold": 0.35,
        "aggregation": "10m raster values weighted by exact clipped pixel area"
      }
    },
    {
      "type": "Feature",
      "geometry": {
        "type": "Polygon",
        "coordinates": [
          [
            [
              89.536636712,
              22.799865922
            ],
            [
              89.53712341,
              22.799858174
            ],
            [
              89.53712984,
              22.80020536
            ],
            [
              89.536641136,
              22.800104842
            ],
            [
              89.536636712,
              22.799865922
            ]
          ]
        ]
      },
      "properties": {
        "cell_id": "50m_15208_50472",
        "grid_m": 50,
        "projected_area_m2": 1623.6032988876104,
        "lon": 89.536883276,
        "lat": 22.800035641,
        "NDVI_S2_median": 0.20508122062776368,
        "vegetation_pct_valid": 1.7303892727586583,
        "NDVI_2019": 0.4701067680450556,
        "NDVI_2026": 0.20508122062776368,
        "delta_NDVI": -0.2650255482504069,
        "optical_valid_pct": 99.99999999985408,
        "common_valid_pct": 99.99999999985408,
        "S2_nobs": 9.89362757614376,
        "valid_10m_pixels": 19,
        "tree_class_pct_2021": 0.0,
        "tree_context_valid_pct": 99.99999999985408,
        "period_start": "2026-03-15",
        "period_end_exclusive": "2026-06-01",
        "veg_ndvi_threshold": 0.35,
        "aggregation": "10m raster values weighted by exact clipped pixel area"
      }
    },
    {
      "type": "Feature",
      "geometry": {
        "type": "Polygon",
        "coordinates": [
          [
            [
              89.536872794,
              22.786320997
            ],
            [
              89.53686602,
              22.785954996
            ],
            [
              89.536949872,
              22.785918022
            ],
            [
              89.536982108,
              22.786319258
            ],
            [
              89.536872794,
              22.786320997
            ]
          ]
        ]
      },
      "properties": {
        "cell_id": "50m_15209_50441",
        "grid_m": 50,
        "projected_area_m2": 425.98254251285425,
        "lon": 89.536923734,
        "lat": 22.786119312,
        "NDVI_S2_median": 0.08221056133348766,
        "vegetation_pct_valid": 2.2186630821972346,
        "NDVI_2019": 0.07854319184704545,
        "NDVI_2026": 0.08221056133348766,
        "delta_NDVI": 0.003667370278942174,
        "optical_valid_pct": 99.9848187913608,
        "common_valid_pct": 99.9848187913608,
        "S2_nobs": 8.0,
        "valid_10m_pixels": 7,
        "tree_class_pct_2021": 0.0,
        "tree_context_valid_pct": 99.9848187913608,
        "period_start": "2026-03-15",
        "period_end_exclusive": "2026-06-01",
        "veg_ndvi_threshold": 0.35,
        "aggregation": "10m raster values weighted by exact clipped pixel area"
      }
    },
    {
      "type": "Feature",
      "geometry": {
        "type": "Polygon",
        "coordinates": [
          [
            [
              89.536881145,
              22.786772237
            ],
            [
              89.536872794,
              22.786320997
            ],
            [
              89.536982108,
              22.786319258
            ],
            [
              89.537018325,
              22.786770054
            ],
            [
              89.536881145,
              22.786772237
            ]
          ]
        ]
      },
      "properties": {
        "cell_id": "50m_15209_50442",
        "grid_m": 50,
        "projected_area_m2": 633.1394186127,
        "lon": 89.536945559,
        "lat": 22.786545526,
        "NDVI_S2_median": 0.18254906428879059,
        "vegetation_pct_valid": 2.396904884379049,
        "NDVI_2019": 0.17594581566327394,
        "NDVI_2026": 0.18254906428879059,
        "delta_NDVI": 0.006603246086879181,
        "optical_valid_pct": 99.99999999990807,
        "common_valid_pct": 99.99999999990807,
        "S2_nobs": 8.68411380792178,
        "valid_10m_pixels": 10,
        "tree_class_pct_2021": 0.0,
        "tree_context_valid_pct": 99.99999999990807,
        "period_start": "2026-03-15",
        "period_end_exclusive": "2026-06-01",
        "veg_ndvi_threshold": 0.35,
        "aggregation": "10m raster values weighted by exact clipped pixel area"
      }
    },
    {
      "type": "Feature",
      "geometry": {
        "type": "Polygon",
        "coordinates": [
          [
            [
              89.536889496,
              22.787223477
            ],
            [
              89.536881145,
              22.786772237
            ],
            [
              89.537018325,
              22.786770054
            ],
            [
              89.537054542,
              22.78722085
            ],
            [
              89.536889496,
              22.787223477
            ]
          ]
        ]
      },
      "properties": {
        "cell_id": "50m_15209_50443",
        "grid_m": 50,
        "projected_area_m2": 776.2910945224576,
        "lon": 89.536967843,
        "lat": 22.786996544,
        "NDVI_S2_median": 0.12356964715287282,
        "vegetation_pct_valid": 0.0,
        "NDVI_2019": 0.12975387769309946,
        "NDVI_2026": 0.12356964715287282,
        "delta_NDVI": -0.006184231413270669,
        "optical_valid_pct": 99.99999999992502,
        "common_valid_pct": 99.99999999992502,
        "S2_nobs": 8.835506757942047,
        "valid_10m_pixels": 10,
        "tree_class_pct_2021": 0.0,
        "tree_context_valid_pct": 99.99999999992502,
        "period_start": "2026-03-15",
        "period_end_exclusive": "2026-06-01",
        "veg_ndvi_threshold": 0.35,
        "aggregation": "10m raster values weighted by exact clipped pixel area"
      }
    },
    {
      "type": "Feature",
      "geometry": {
        "type": "Polygon",
        "coordinates": [
          [
            [
              89.536897847,
              22.787674716
            ],
            [
              89.536889496,
              22.787223477
            ],
            [
              89.537054542,
              22.78722085
            ],
            [
              89.53709076,
              22.787671646
            ],
            [
              89.536897847,
              22.787674716
            ]
          ]
        ]
      },
      "properties": {
        "cell_id": "50m_15209_50444",
        "grid_m": 50,
        "projected_area_m2": 919.4427704322152,
        "lon": 89.536990128,
        "lat": 22.787447562,
        "NDVI_S2_median": 0.20019564387888786,
        "vegetation_pct_valid": 10.876152732491978,
        "NDVI_2019": 0.2427970951240195,
        "NDVI_2026": 0.20019564387888786,
        "delta_NDVI": -0.04260144921064606,
        "optical_valid_pct": 99.99999999993669,
        "common_valid_pct": 99.99999999993669,
        "S2_nobs": 8.129907781400641,
        "valid_10m_pixels": 10,
        "tree_class_pct_2021": 10.876152732491978,
        "tree_context_valid_pct": 99.99999999993669,
        "period_start": "2026-03-15",
        "period_end_exclusive": "2026-06-01",
        "veg_ndvi_threshold": 0.35,
        "aggregation": "10m raster values weighted by exact clipped pixel area"
      }
    },
    {
      "type": "Feature",
      "geometry": {
        "type": "Polygon",
        "coordinates": [
          [
            [
              89.536906198,
              22.788125956
            ],
            [
              89.536897847,
              22.787674716
            ],
            [
              89.53709076,
              22.787671646
            ],
            [
              89.537126979,
              22.788122443
            ],
            [
              89.536906198,
              22.788125956
            ]
          ]
        ]
      },
      "properties": {
        "cell_id": "50m_15209_50445",
        "grid_m": 50,
        "projected_area_m2": 1062.5944463477936,
        "lon": 89.537012412,
        "lat": 22.787898579,
        "NDVI_S2_median": 0.22004426197815413,
        "vegetation_pct_valid": 9.410928162080596,
        "NDVI_2019": 0.43054168381411784,
        "NDVI_2026": 0.22004426197815413,
        "delta_NDVI": -0.21049742266045615,
        "optical_valid_pct": 99.99999999995111,
        "common_valid_pct": 99.99999999995111,
        "S2_nobs": 8.81178143675839,
        "valid_10m_pixels": 15,
        "tree_class_pct_2021": 28.23278448624179,
        "tree_context_valid_pct": 99.99999999995111,
        "period_start": "2026-03-15",
        "period_end_exclusive": "2026-06-01",
        "veg_ndvi_threshold": 0.35,
        "aggregation": "10m raster values weighted by exact clipped pixel area"
      }
    },
    {
      "type": "Feature",
      "geometry": {
        "type": "Polygon",
        "coordinates": [
          [
            [
              89.53691455,
              22.788577195
            ],
            [
              89.536906198,
              22.788125956
            ],
            [
              89.537126979,
              22.788122443
            ],
            [
              89.537163197,
              22.788573238
            ],
            [
              89.53691455,
              22.788577195
            ]
          ]
        ]
      },
      "properties": {
        "cell_id": "50m_15209_50446",
        "grid_m": 50,
        "projected_area_m2": 1205.7461222575512,
        "lon": 89.537034697,
        "lat": 22.788349597,
        "NDVI_S2_median": 0.11706956938120246,
        "vegetation_pct_valid": 0.0,
        "NDVI_2019": 0.15053229677088298,
        "NDVI_2026": 0.11706956938120246,
        "delta_NDVI": -0.03346272634455347,
        "optical_valid_pct": 99.99999999995173,
        "common_valid_pct": 99.99999999995173,
        "S2_nobs": 8.502382807686834,
        "valid_10m_pixels": 15,
        "tree_class_pct_2021": 0.0,
        "tree_context_valid_pct": 99.99999999995173,
        "period_start": "2026-03-15",
        "period_end_exclusive": "2026-06-01",
        "veg_ndvi_threshold": 0.35,
        "aggregation": "10m raster values weighted by exact clipped pixel area"
      }
    },
    {
      "type": "Feature",
      "geometry": {
        "type": "Polygon",
        "coordinates": [
          [
            [
              89.536922902,
              22.789028435
            ],
            [
              89.53691455,
              22.788577195
            ],
            [
              89.537163197,
              22.788573238
            ],
            [
              89.537199416,
              22.789024034
            ],
            [
              89.536922902,
              22.789028435
            ]
          ]
        ]
      },
      "properties": {
        "cell_id": "50m_15209_50447",
        "grid_m": 50,
        "projected_area_m2": 1348.8977981673088,
        "lon": 89.537056983,
        "lat": 22.788800615,
        "NDVI_S2_median": 0.08730153966071176,
        "vegetation_pct_valid": 0.0,
        "NDVI_2019": 0.1220735280277026,
        "NDVI_2026": 0.08730153966071176,
        "delta_NDVI": -0.03477198681137307,
        "optical_valid_pct": 99.99999999995684,
        "common_valid_pct": 99.99999999995684,
        "S2_nobs": 8.555192394252957,
        "valid_10m_pixels": 15,
        "tree_class_pct_2021": 0.0,
        "tree_context_valid_pct": 99.99999999995684,
        "period_start": "2026-03-15",
        "period_end_exclusive": "2026-06-01",
        "veg_ndvi_threshold": 0.35,
        "aggregation": "10m raster values weighted by exact clipped pixel area"
      }
    },
    {
      "type": "Feature",
      "geometry": {
        "type": "Polygon",
        "coordinates": [
          [
            [
              89.536931254,
              22.789479674
            ],
            [
              89.536922902,
              22.789028435
            ],
            [
              89.537199416,
              22.789024034
            ],
            [
              89.537235636,
              22.78947483
            ],
            [
              89.536931254,
              22.789479674
            ]
          ]
        ]
      },
      "properties": {
        "cell_id": "50m_15209_50448",
        "grid_m": 50,
        "projected_area_m2": 1492.0494740770664,
        "lon": 89.537079269,
        "lat": 22.789251633,
        "NDVI_S2_median": 0.14558134419042168,
        "vegetation_pct_valid": 13.405652489857738,
        "NDVI_2019": 0.26220641303575387,
        "NDVI_2026": 0.14558134419042168,
        "delta_NDVI": -0.11662507309853565,
        "optical_valid_pct": 99.9905171635664,
        "common_valid_pct": 99.9905171635664,
        "S2_nobs": 9.0,
        "valid_10m_pixels": 17,
        "tree_class_pct_2021": 0.0,
        "tree_context_valid_pct": 99.9905171635664,
        "period_start": "2026-03-15",
        "period_end_exclusive": "2026-06-01",
        "veg_ndvi_threshold": 0.35,
        "aggregation": "10m raster values weighted by exact clipped pixel area"
      }
    },
    {
      "type": "Feature",
      "geometry": {
        "type": "Polygon",
        "coordinates": [
          [
            [
              89.536939606,
              22.789930914
            ],
            [
              89.536931254,
              22.789479674
            ],
            [
              89.537235636,
              22.78947483
            ],
            [
              89.537271856,
              22.789925626
            ],
            [
              89.536939606,
              22.789930914
            ]
          ]
        ]
      },
      "properties": {
        "cell_id": "50m_15209_50449",
        "grid_m": 50,
        "projected_area_m2": 1635.201149986824,
        "lon": 89.537101554,
        "lat": 22.78970265,
        "NDVI_S2_median": 0.12545966329424882,
        "vegetation_pct_valid": 0.0,
        "NDVI_2019": 0.21815550017140123,
        "NDVI_2026": 0.12545966329424882,
        "delta_NDVI": -0.09269583575276565,
        "optical_valid_pct": 99.9999999999644,
        "common_valid_pct": 99.9999999999644,
        "S2_nobs": 8.9764601657291,
        "valid_10m_pixels": 20,
        "tree_class_pct_2021": 0.0,
        "tree_context_valid_pct": 99.9999999999644,
        "period_start": "2026-03-15",
        "period_end_exclusive": "2026-06-01",
        "veg_ndvi_threshold": 0.35,
        "aggregation": "10m raster values weighted by exact clipped pixel area"
      }
    },
    {
      "type": "Feature",
      "geometry": {
        "type": "Polygon",
        "coordinates": [
          [
            [
              89.536947959,
              22.790382153
            ],
            [
              89.536939606,
              22.789930914
            ],
            [
              89.537271856,
              22.789925626
            ],
            [
              89.537308076,
              22.790376422
            ],
            [
              89.536947959,
              22.790382153
            ]
          ]
        ]
      },
      "properties": {
        "cell_id": "50m_15209_50450",
        "grid_m": 50,
        "projected_area_m2": 1778.3528258965816,
        "lon": 89.537123841,
        "lat": 22.790153668,
        "NDVI_S2_median": 0.16203333217402915,
        "vegetation_pct_valid": 5.6231811001630865,
        "NDVI_2019": 0.1366334118511257,
        "NDVI_2026": 0.16203333217402915,
        "delta_NDVI": 0.02539991924604014,
        "optical_valid_pct": 99.99999999996727,
        "common_valid_pct": 99.99999999996727,
        "S2_nobs": 8.67478173201957,
        "valid_10m_pixels": 20,
        "tree_class_pct_2021": 0.0,
        "tree_context_valid_pct": 99.99999999996727,
        "period_start": "2026-03-15",
        "period_end_exclusive": "2026-06-01",
        "veg_ndvi_threshold": 0.35,
        "aggregation": "10m raster values weighted by exact clipped pixel area"
      }
    },
    {
      "type": "Feature",
      "geometry": {
        "type": "Polygon",
        "coordinates": [
          [
            [
              89.536956311,
              22.790833393
            ],
            [
              89.536947959,
              22.790382153
            ],
            [
              89.537308076,
              22.790376422
            ],
            [
              89.537344297,
              22.790827218
            ],
            [
              89.536956311,
              22.790833393
            ]
          ]
        ]
      },
      "properties": {
        "cell_id": "50m_15209_50451",
        "grid_m": 50,
        "projected_area_m2": 1921.5045018063392,
        "lon": 89.537146127,
        "lat": 22.790604686,
        "NDVI_S2_median": 0.36353333512338876,
        "vegetation_pct_valid": 46.8382977585644,
        "NDVI_2019": 0.3043694806560659,
        "NDVI_2026": 0.36353333512338876,
        "delta_NDVI": 0.059163856668366564,
        "optical_valid_pct": 99.9999999999697,
        "common_valid_pct": 99.9999999999697,
        "S2_nobs": 8.520425530650716,
        "valid_10m_pixels": 20,
        "tree_class_pct_2021": 26.021276532535776,
        "tree_context_valid_pct": 99.9999999999697,
        "period_start": "2026-03-15",
        "period_end_exclusive": "2026-06-01",
        "veg_ndvi_threshold": 0.35,
        "aggregation": "10m raster values weighted by exact clipped pixel area"
      }
    },
    {
      "type": "Feature",
      "geometry": {
        "type": "Polygon",
        "coordinates": [
          [
            [
              89.536964664,
              22.791284632
            ],
            [
              89.536956311,
              22.790833393
            ],
            [
              89.537344297,
              22.790827218
            ],
            [
              89.537380518,
              22.791278013
            ],
            [
              89.536964664,
              22.791284632
            ]
          ]
        ]
      },
      "properties": {
        "cell_id": "50m_15209_50452",
        "grid_m": 50,
        "projected_area_m2": 2064.6561777219176,
        "lon": 89.537168414,
        "lat": 22.791055703,
        "NDVI_S2_median": 0.5385091307232398,
        "vegetation_pct_valid": 72.6513216188615,
        "NDVI_2019": 0.5292220225067092,
        "NDVI_2026": 0.5385091307232398,
        "delta_NDVI": 0.009287102929159708,
        "optical_valid_pct": 99.99999999997047,
        "common_valid_pct": 99.99999999997047,
        "S2_nobs": 9.11398693148921,
        "valid_10m_pixels": 25,
        "tree_class_pct_2021": 92.02500738389124,
        "tree_context_valid_pct": 99.99999999997047,
        "period_start": "2026-03-15",
        "period_end_exclusive": "2026-06-01",
        "veg_ndvi_threshold": 0.35,
        "aggregation": "10m raster values weighted by exact clipped pixel area"
      }
    },
    {
      "type": "Feature",
      "geometry": {
        "type": "Polygon",
        "coordinates": [
          [
            [
              89.536973017,
              22.791735871
            ],
            [
              89.536964664,
              22.791284632
            ],
            [
              89.537380518,
              22.791278013
            ],
            [
              89.537416739,
              22.791728809
            ],
            [
              89.536973017,
              22.791735871
            ]
          ]
        ]
      },
      "properties": {
        "cell_id": "50m_15209_50453",
        "grid_m": 50,
        "projected_area_m2": 2207.8078536316752,
        "lon": 89.537190701,
        "lat": 22.791506721,
        "NDVI_S2_median": 0.4481182462633765,
        "vegetation_pct_valid": 58.881935665820826,
        "NDVI_2019": 0.49492210190377933,
        "NDVI_2026": 0.4481182462633765,
        "delta_NDVI": -0.04680385204263196,
        "optical_valid_pct": 99.99999999997364,
        "common_valid_pct": 99.99999999997364,
        "S2_nobs": 9.22646898333008,
        "valid_10m_pixels": 25,
        "tree_class_pct_2021": 40.76441699941442,
        "tree_context_valid_pct": 99.99999999997364,
        "period_start": "2026-03-15",
        "period_end_exclusive": "2026-06-01",
        "veg_ndvi_threshold": 0.35,
        "aggregation": "10m raster values weighted by exact clipped pixel area"
      }
    },
    {
      "type": "Feature",
      "geometry": {
        "type": "Polygon",
        "coordinates": [
          [
            [
              89.536981371,
              22.792187111
            ],
            [
              89.536973017,
              22.791735871
            ],
            [
              89.537416739,
              22.791728809
            ],
            [
              89.537452961,
              22.792179605
            ],
            [
              89.536981371,
              22.792187111
            ]
          ]
        ]
      },
      "properties": {
        "cell_id": "50m_15209_50454",
        "grid_m": 50,
        "projected_area_m2": 2350.959529541433,
        "lon": 89.537212989,
        "lat": 22.791957738,
        "NDVI_S2_median": 0.28282366453158686,
        "vegetation_pct_valid": 38.28224130152392,
        "NDVI_2019": 0.26672734014420885,
        "NDVI_2026": 0.28282366453158686,
        "delta_NDVI": 0.01609632592042951,
        "optical_valid_pct": 99.99999999997524,
        "common_valid_pct": 99.99999999997524,
        "S2_nobs": 9.2126791183418,
        "valid_10m_pixels": 25,
        "tree_class_pct_2021": 4.253582366835991,
        "tree_context_valid_pct": 99.99999999997524,
        "period_start": "2026-03-15",
        "period_end_exclusive": "2026-06-01",
        "veg_ndvi_threshold": 0.35,
        "aggregation": "10m raster values weighted by exact clipped pixel area"
      }
    },
    {
      "type": "Feature",
      "geometry": {
        "type": "Polygon",
        "coordinates": [
          [
            [
              89.536989724,
              22.79263835
            ],
            [
              89.536981371,
              22.792187111
            ],
            [
              89.537452961,
              22.792179605
            ],
            [
              89.537472562,
              22.792423547
            ],
            [
              89.537476396,
              22.792630604
            ],
            [
              89.536989724,
              22.79263835
            ]
          ]
        ]
      },
      "properties": {
        "cell_id": "50m_15209_50455",
        "grid_m": 50,
        "projected_area_m2": 2479.040520305653,
        "lon": 89.537228883,
        "lat": 22.792408857,
        "NDVI_S2_median": 0.19017871973280842,
        "vegetation_pct_valid": 4.033818696424567,
        "NDVI_2019": 0.3395064274141945,
        "NDVI_2026": 0.19017871973280842,
        "delta_NDVI": -0.14932770742701937,
        "optical_valid_pct": 99.99999999996972,
        "common_valid_pct": 99.99999999996972,
        "S2_nobs": 9.685749178392175,
        "valid_10m_pixels": 25,
        "tree_class_pct_2021": 4.033818696424567,
        "tree_context_valid_pct": 99.99999999996972,
        "period_start": "2026-03-15",
        "period_end_exclusive": "2026-06-01",
        "veg_ndvi_threshold": 0.35,
        "aggregation": "10m raster values weighted by exact clipped pixel area"
      }
    },
    {
      "type": "Feature",
      "geometry": {
        "type": "Polygon",
        "coordinates": [
          [
            [
              89.536998078,
              22.793089589
            ],
            [
              89.536989724,
              22.79263835
            ],
            [
              89.537476396,
              22.792630604
            ],
            [
              89.537484752,
              22.793081843
            ],
            [
              89.536998078,
              22.793089589
            ]
          ]
        ]
      },
      "properties": {
        "cell_id": "50m_15209_50456",
        "grid_m": 50,
        "projected_area_m2": 2500.0,
        "lon": 89.537237238,
        "lat": 22.792860097,
        "NDVI_S2_median": 0.37097115099430084,
        "vegetation_pct_valid": 48.0,
        "NDVI_2019": 0.33778522193431854,
        "NDVI_2026": 0.37097115099430084,
        "delta_NDVI": 0.03318593326956034,
        "optical_valid_pct": 100,
        "common_valid_pct": 100,
        "S2_nobs": 10.0,
        "valid_10m_pixels": 25,
        "tree_class_pct_2021": 32.0,
        "tree_context_valid_pct": 100,
        "period_start": "2026-03-15",
        "period_end_exclusive": "2026-06-01",
        "veg_ndvi_threshold": 0.35,
        "aggregation": "10m raster values weighted by exact clipped pixel area"
      }
    },
    {
      "type": "Feature",
      "geometry": {
        "type": "Polygon",
        "coordinates": [
          [
            [
              89.537006432,
              22.793540828
            ],
            [
              89.536998078,
              22.793089589
            ],
            [
              89.537484752,
              22.793081843
            ],
            [
              89.537493107,
              22.793533082
            ],
            [
              89.537006432,
              22.793540828
            ]
          ]
        ]
      },
      "properties": {
        "cell_id": "50m_15209_50457",
        "grid_m": 50,
        "projected_area_m2": 2500.0,
        "lon": 89.537245592,
        "lat": 22.793311336,
        "NDVI_S2_median": 0.4397967052459717,
        "vegetation_pct_valid": 76.0,
        "NDVI_2019": 0.4028847599029541,
        "NDVI_2026": 0.4397967052459717,
        "delta_NDVI": 0.03691193784587085,
        "optical_valid_pct": 100,
        "common_valid_pct": 100,
        "S2_nobs": 9.84,
        "valid_10m_pixels": 25,
        "tree_class_pct_2021": 40.0,
        "tree_context_valid_pct": 100,
        "period_start": "2026-03-15",
        "period_end_exclusive": "2026-06-01",
        "veg_ndvi_threshold": 0.35,
        "aggregation": "10m raster values weighted by exact clipped pixel area"
      }
    },
    {
      "type": "Feature",
      "geometry": {
        "type": "Polygon",
        "coordinates": [
          [
            [
              89.537014786,
              22.793992068
            ],
            [
              89.537006432,
              22.793540828
            ],
            [
              89.537493107,
              22.793533082
            ],
            [
              89.537501463,
              22.793984321
            ],
            [
              89.537014786,
              22.793992068
            ]
          ]
        ]
      },
      "properties": {
        "cell_id": "50m_15209_50458",
        "grid_m": 50,
        "projected_area_m2": 2500.0,
        "lon": 89.537253947,
        "lat": 22.793762575,
        "NDVI_S2_median": 0.24353839471936226,
        "vegetation_pct_valid": 28.000000000000004,
        "NDVI_2019": 0.19386631704866886,
        "NDVI_2026": 0.24353839471936226,
        "delta_NDVI": 0.049672079142183065,
        "optical_valid_pct": 100,
        "common_valid_pct": 100,
        "S2_nobs": 9.84,
        "valid_10m_pixels": 25,
        "tree_class_pct_2021": 4.0,
        "tree_context_valid_pct": 100,
        "period_start": "2026-03-15",
        "period_end_exclusive": "2026-06-01",
        "veg_ndvi_threshold": 0.35,
        "aggregation": "10m raster values weighted by exact clipped pixel area"
      }
    },
    {
      "type": "Feature",
      "geometry": {
        "type": "Polygon",
        "coordinates": [
          [
            [
              89.537023141,
              22.794443307
            ],
            [
              89.537014786,
              22.793992068
            ],
            [
              89.537501463,
              22.793984321
            ],
            [
              89.537509819,
              22.79443556
            ],
            [
              89.537023141,
              22.794443307
            ]
          ]
        ]
      },
      "properties": {
        "cell_id": "50m_15209_50459",
        "grid_m": 50,
        "projected_area_m2": 2500.0,
        "lon": 89.537262302,
        "lat": 22.794213814,
        "NDVI_S2_median": 0.38624376147985456,
        "vegetation_pct_valid": 48.0,
        "NDVI_2019": 0.3671052464842796,
        "NDVI_2026": 0.38624376147985456,
        "delta_NDVI": 0.019138511419296265,
        "optical_valid_pct": 100,
        "common_valid_pct": 100,
        "S2_nobs": 10.0,
        "valid_10m_pixels": 25,
        "tree_class_pct_2021": 24.0,
        "tree_context_valid_pct": 100,
        "period_start": "2026-03-15",
        "period_end_exclusive": "2026-06-01",
        "veg_ndvi_threshold": 0.35,
        "aggregation": "10m raster values weighted by exact clipped pixel area"
      }
    },
    {
      "type": "Feature",
      "geometry": {
        "type": "Polygon",
        "coordinates": [
          [
            [
              89.537031495,
              22.794894546
            ],
            [
              89.537023141,
              22.794443307
            ],
            [
              89.537509819,
              22.79443556
            ],
            [
              89.537518175,
              22.794886799
            ],
            [
              89.537031495,
              22.794894546
            ]
          ]
        ]
      },
      "properties": {
        "cell_id": "50m_15209_50460",
        "grid_m": 50,
        "projected_area_m2": 2500.0,
        "lon": 89.537270657,
        "lat": 22.794665053,
        "NDVI_S2_median": 0.3274983501434326,
        "vegetation_pct_valid": 44.0,
        "NDVI_2019": 0.38978995561599733,
        "NDVI_2026": 0.3274983501434326,
        "delta_NDVI": -0.06229160375893116,
        "optical_valid_pct": 100,
        "common_valid_pct": 100,
        "S2_nobs": 9.52,
        "valid_10m_pixels": 25,
        "tree_class_pct_2021": 0.0,
        "tree_context_valid_pct": 100,
        "period_start": "2026-03-15",
        "period_end_exclusive": "2026-06-01",
        "veg_ndvi_threshold": 0.35,
        "aggregation": "10m raster values weighted by exact clipped pixel area"
      }
    },
    {
      "type": "Feature",
      "geometry": {
        "type": "Polygon",
        "coordinates": [
          [
            [
              89.53703985,
              22.795345785
            ],
            [
              89.537031495,
              22.794894546
            ],
            [
              89.537518175,
              22.794886799
            ],
            [
              89.537526532,
              22.795338038
            ],
            [
              89.53703985,
              22.795345785
            ]
          ]
        ]
      },
      "properties": {
        "cell_id": "50m_15209_50461",
        "grid_m": 50,
        "projected_area_m2": 2500.0,
        "lon": 89.537279013,
        "lat": 22.795116292,
        "NDVI_S2_median": 0.3974918913841248,
        "vegetation_pct_valid": 64.0,
        "NDVI_2019": 0.4550200986862183,
        "NDVI_2026": 0.3974918913841248,
        "delta_NDVI": -0.057528204629197714,
        "optical_valid_pct": 100,
        "common_valid_pct": 100,
        "S2_nobs": 10.0,
        "valid_10m_pixels": 25,
        "tree_class_pct_2021": 24.0,
        "tree_context_valid_pct": 100,
        "period_start": "2026-03-15",
        "period_end_exclusive": "2026-06-01",
        "veg_ndvi_threshold": 0.35,
        "aggregation": "10m raster values weighted by exact clipped pixel area"
      }
    },
    {
      "type": "Feature",
      "geometry": {
        "type": "Polygon",
        "coordinates": [
          [
            [
              89.537048205,
              22.795797024
            ],
            [
              89.53703985,
              22.795345785
            ],
            [
              89.537526532,
              22.795338038
            ],
            [
              89.537534888,
              22.795789277
            ],
            [
              89.537048205,
              22.795797024
            ]
          ]
        ]
      },
      "properties": {
        "cell_id": "50m_15209_50462",
        "grid_m": 50,
        "projected_area_m2": 2500.0,
        "lon": 89.537287369,
        "lat": 22.795567531,
        "NDVI_S2_median": 0.3872953593730927,
        "vegetation_pct_valid": 48.0,
        "NDVI_2019": 0.3435546436905861,
        "NDVI_2026": 0.3872953593730927,
        "delta_NDVI": 0.04374071904923767,
        "optical_valid_pct": 100,
        "common_valid_pct": 100,
        "S2_nobs": 9.88,
        "valid_10m_pixels": 25,
        "tree_class_pct_2021": 8.0,
        "tree_context_valid_pct": 100,
        "period_start": "2026-03-15",
        "period_end_exclusive": "2026-06-01",
        "veg_ndvi_threshold": 0.35,
        "aggregation": "10m raster values weighted by exact clipped pixel area"
      }
    },
    {
      "type": "Feature",
      "geometry": {
        "type": "Polygon",
        "coordinates": [
          [
            [
              89.53705656,
              22.796248263
            ],
            [
              89.537048205,
              22.795797024
            ],
            [
              89.537534888,
              22.795789277
            ],
            [
              89.537543245,
              22.796240515
            ],
            [
              89.53705656,
              22.796248263
            ]
          ]
        ]
      },
      "properties": {
        "cell_id": "50m_15209_50463",
        "grid_m": 50,
        "projected_area_m2": 2500.0,
        "lon": 89.537295725,
        "lat": 22.79601877,
        "NDVI_S2_median": 0.4921914803981781,
        "vegetation_pct_valid": 76.0,
        "NDVI_2019": 0.5610979062318802,
        "NDVI_2026": 0.4921914803981781,
        "delta_NDVI": -0.06890641881618649,
        "optical_valid_pct": 100,
        "common_valid_pct": 100,
        "S2_nobs": 9.88,
        "valid_10m_pixels": 25,
        "tree_class_pct_2021": 68.0,
        "tree_context_valid_pct": 100,
        "period_start": "2026-03-15",
        "period_end_exclusive": "2026-06-01",
        "veg_ndvi_threshold": 0.35,
        "aggregation": "10m raster values weighted by exact clipped pixel area"
      }
    },
    {
      "type": "Feature",
      "geometry": {
        "type": "Polygon",
        "coordinates": [
          [
            [
              89.537064916,
              22.796699502
            ],
            [
              89.53705656,
              22.796248263
            ],
            [
              89.537543245,
              22.796240515
            ],
            [
              89.537551602,
              22.796691754
            ],
            [
              89.537064916,
              22.796699502
            ]
          ]
        ]
      },
      "properties": {
        "cell_id": "50m_15209_50464",
        "grid_m": 50,
        "projected_area_m2": 2500.0,
        "lon": 89.537304081,
        "lat": 22.796470009,
        "NDVI_S2_median": 0.4444353049993515,
        "vegetation_pct_valid": 68.0,
        "NDVI_2019": 0.38628910779953,
        "NDVI_2026": 0.4444353049993515,
        "delta_NDVI": 0.05814619819400832,
        "optical_valid_pct": 100,
        "common_valid_pct": 100,
        "S2_nobs": 10.0,
        "valid_10m_pixels": 25,
        "tree_class_pct_2021": 52.0,
        "tree_context_valid_pct": 100,
        "period_start": "2026-03-15",
        "period_end_exclusive": "2026-06-01",
        "veg_ndvi_threshold": 0.35,
        "aggregation": "10m raster values weighted by exact clipped pixel area"
      }
    },
    {
      "type": "Feature",
      "geometry": {
        "type": "Polygon",
        "coordinates": [
          [
            [
              89.537073271,
              22.797150741
            ],
            [
              89.537064916,
              22.796699502
            ],
            [
              89.537551602,
              22.796691754
            ],
            [
              89.537559959,
              22.797142993
            ],
            [
              89.537073271,
              22.797150741
            ]
          ]
        ]
      },
      "properties": {
        "cell_id": "50m_15209_50465",
        "grid_m": 50,
        "projected_area_m2": 2500.0,
        "lon": 89.537312437,
        "lat": 22.796921248,
        "NDVI_S2_median": 0.4300683623552322,
        "vegetation_pct_valid": 68.0,
        "NDVI_2019": 0.36670456767082216,
        "NDVI_2026": 0.4300683623552322,
        "delta_NDVI": 0.06336379451677203,
        "optical_valid_pct": 100,
        "common_valid_pct": 100,
        "S2_nobs": 10.0,
        "valid_10m_pixels": 25,
        "tree_class_pct_2021": 40.0,
        "tree_context_valid_pct": 100,
        "period_start": "2026-03-15",
        "period_end_exclusive": "2026-06-01",
        "veg_ndvi_threshold": 0.35,
        "aggregation": "10m raster values weighted by exact clipped pixel area"
      }
    },
    {
      "type": "Feature",
      "geometry": {
        "type": "Polygon",
        "coordinates": [
          [
            [
              89.537081627,
              22.79760198
            ],
            [
              89.537073271,
              22.797150741
            ],
            [
              89.537559959,
              22.797142993
            ],
            [
              89.537568317,
              22.797594232
            ],
            [
              89.537081627,
              22.79760198
            ]
          ]
        ]
      },
      "properties": {
        "cell_id": "50m_15209_50466",
        "grid_m": 50,
        "projected_area_m2": 2500.0,
        "lon": 89.537320794,
        "lat": 22.797372487,
        "NDVI_S2_median": 0.3989297360181808,
        "vegetation_pct_valid": 56.00000000000001,
        "NDVI_2019": 0.34036229461431505,
        "NDVI_2026": 0.3989297360181808,
        "delta_NDVI": 0.058567443173378704,
        "optical_valid_pct": 100,
        "common_valid_pct": 100,
        "S2_nobs": 10.0,
        "valid_10m_pixels": 25,
        "tree_class_pct_2021": 12.0,
        "tree_context_valid_pct": 100,
        "period_start": "2026-03-15",
        "period_end_exclusive": "2026-06-01",
        "veg_ndvi_threshold": 0.35,
        "aggregation": "10m raster values weighted by exact clipped pixel area"
      }
    },
    {
      "type": "Feature",
      "geometry": {
        "type": "Polygon",
        "coordinates": [
          [
            [
              89.537089983,
              22.798053219
            ],
            [
              89.537081627,
              22.79760198
            ],
            [
              89.537568317,
              22.797594232
            ],
            [
              89.537576675,
              22.798045471
            ],
            [
              89.537089983,
              22.798053219
            ]
          ]
        ]
      },
      "properties": {
        "cell_id": "50m_15209_50467",
        "grid_m": 50,
        "projected_area_m2": 2500.0,
        "lon": 89.537329151,
        "lat": 22.797823726,
        "NDVI_S2_median": 0.22721452817320822,
        "vegetation_pct_valid": 24.0,
        "NDVI_2019": 0.2867747186124325,
        "NDVI_2026": 0.22721452817320822,
        "delta_NDVI": -0.059560190811753275,
        "optical_valid_pct": 100,
        "common_valid_pct": 100,
        "S2_nobs": 10.0,
        "valid_10m_pixels": 25,
        "tree_class_pct_2021": 4.0,
        "tree_context_valid_pct": 100,
        "period_start": "2026-03-15",
        "period_end_exclusive": "2026-06-01",
        "veg_ndvi_threshold": 0.35,
        "aggregation": "10m raster values weighted by exact clipped pixel area"
      }
    },
    {
      "type": "Feature",
      "geometry": {
        "type": "Polygon",
        "coordinates": [
          [
            [
              89.53709834,
              22.798504458
            ],
            [
              89.537089983,
              22.798053219
            ],
            [
              89.537576675,
              22.798045471
            ],
            [
              89.537585033,
              22.798496709
            ],
            [
              89.53709834,
              22.798504458
            ]
          ]
        ]
      },
      "properties": {
        "cell_id": "50m_15209_50468",
        "grid_m": 50,
        "projected_area_m2": 2500.0,
        "lon": 89.537337508,
        "lat": 22.798274964,
        "NDVI_S2_median": 0.43828795969486234,
        "vegetation_pct_valid": 64.0,
        "NDVI_2019": 0.39685779213905337,
        "NDVI_2026": 0.43828795969486234,
        "delta_NDVI": 0.04143017208203673,
        "optical_valid_pct": 100,
        "common_valid_pct": 100,
        "S2_nobs": 10.0,
        "valid_10m_pixels": 25,
        "tree_class_pct_2021": 40.0,
        "tree_context_valid_pct": 100,
        "period_start": "2026-03-15",
        "period_end_exclusive": "2026-06-01",
        "veg_ndvi_threshold": 0.35,
        "aggregation": "10m raster values weighted by exact clipped pixel area"
      }
    },
    {
      "type": "Feature",
      "geometry": {
        "type": "Polygon",
        "coordinates": [
          [
            [
              89.537106696,
              22.798955697
            ],
            [
              89.53709834,
              22.798504458
            ],
            [
              89.537585033,
              22.798496709
            ],
            [
              89.537593391,
              22.798947948
            ],
            [
              89.537106696,
              22.798955697
            ]
          ]
        ]
      },
      "properties": {
        "cell_id": "50m_15209_50469",
        "grid_m": 50,
        "projected_area_m2": 2500.0,
        "lon": 89.537345865,
        "lat": 22.798726203,
        "NDVI_S2_median": 0.5705327701568603,
        "vegetation_pct_valid": 100.0,
        "NDVI_2019": 0.5690198129415512,
        "NDVI_2026": 0.5705327701568603,
        "delta_NDVI": 0.0015129644772969187,
        "optical_valid_pct": 100,
        "common_valid_pct": 100,
        "S2_nobs": 10.0,
        "valid_10m_pixels": 25,
        "tree_class_pct_2021": 12.0,
        "tree_context_valid_pct": 100,
        "period_start": "2026-03-15",
        "period_end_exclusive": "2026-06-01",
        "veg_ndvi_threshold": 0.35,
        "aggregation": "10m raster values weighted by exact clipped pixel area"
      }
    },
    {
      "type": "Feature",
      "geometry": {
        "type": "Polygon",
        "coordinates": [
          [
            [
              89.537115053,
              22.799406936
            ],
            [
              89.537106696,
              22.798955697
            ],
            [
              89.537593391,
              22.798947948
            ],
            [
              89.537601749,
              22.799399187
            ],
            [
              89.537115053,
              22.799406936
            ]
          ]
        ]
      },
      "properties": {
        "cell_id": "50m_15209_50470",
        "grid_m": 50,
        "projected_area_m2": 2500.0,
        "lon": 89.537354222,
        "lat": 22.799177442,
        "NDVI_S2_median": 0.4918217262625694,
        "vegetation_pct_valid": 80.0,
        "NDVI_2019": 0.34892627894878386,
        "NDVI_2026": 0.4918217262625694,
        "delta_NDVI": 0.14289545048959554,
        "optical_valid_pct": 100,
        "common_valid_pct": 100,
        "S2_nobs": 10.0,
        "valid_10m_pixels": 25,
        "tree_class_pct_2021": 0.0,
        "tree_context_valid_pct": 100,
        "period_start": "2026-03-15",
        "period_end_exclusive": "2026-06-01",
        "veg_ndvi_threshold": 0.35,
        "aggregation": "10m raster values weighted by exact clipped pixel area"
      }
    },
    {
      "type": "Feature",
      "geometry": {
        "type": "Polygon",
        "coordinates": [
          [
            [
              89.53712341,
              22.799858174
            ],
            [
              89.537115053,
              22.799406936
            ],
            [
              89.537601749,
              22.799399187
            ],
            [
              89.537610107,
              22.799850426
            ],
            [
              89.53712341,
              22.799858174
            ]
          ]
        ]
      },
      "properties": {
        "cell_id": "50m_15209_50471",
        "grid_m": 50,
        "projected_area_m2": 2500.0,
        "lon": 89.53736258,
        "lat": 22.799628681,
        "NDVI_S2_median": 0.5854158055782318,
        "vegetation_pct_valid": 88.0,
        "NDVI_2019": 0.4488843619823456,
        "NDVI_2026": 0.5854158055782318,
        "delta_NDVI": 0.13653144251555205,
        "optical_valid_pct": 100,
        "common_valid_pct": 100,
        "S2_nobs": 10.0,
        "valid_10m_pixels": 25,
        "tree_class_pct_2021": 24.0,
        "tree_context_valid_pct": 100,
        "period_start": "2026-03-15",
        "period_end_exclusive": "2026-06-01",
        "veg_ndvi_threshold": 0.35,
        "aggregation": "10m raster values weighted by exact clipped pixel area"
      }
    },
    {
      "type": "Feature",
      "geometry": {
        "type": "Polygon",
        "coordinates": [
          [
            [
              89.53712341,
              22.799858174
            ],
            [
              89.537610107,
              22.799850426
            ],
            [
              89.537618466,
              22.800301664
            ],
            [
              89.537599528,
              22.800301966
            ],
            [
              89.53712984,
              22.80020536
            ],
            [
              89.53712341,
              22.799858174
            ]
          ]
        ]
      },
      "properties": {
        "cell_id": "50m_15209_50472",
        "grid_m": 50,
        "projected_area_m2": 2222.973683578571,
        "lon": 89.537370938,
        "lat": 22.80007992,
        "NDVI_S2_median": 0.17129687530956741,
        "vegetation_pct_valid": 12.008871392810525,
        "NDVI_2019": 0.4245182735224008,
        "NDVI_2026": 0.17129687530956741,
        "delta_NDVI": -0.25322139919912734,
        "optical_valid_pct": 99.99999999989765,
        "common_valid_pct": 99.99999999989765,
        "S2_nobs": 9.449847880516161,
        "valid_10m_pixels": 25,
        "tree_class_pct_2021": 2.941021448794253,
        "tree_context_valid_pct": 99.99999999989765,
        "period_start": "2026-03-15",
        "period_end_exclusive": "2026-06-01",
        "veg_ndvi_threshold": 0.35,
        "aggregation": "10m raster values weighted by exact clipped pixel area"
      }
    },
    {
      "type": "Feature",
      "geometry": {
        "type": "Polygon",
        "coordinates": [
          [
            [
              89.537476396,
              22.792630604
            ],
            [
              89.537472562,
              22.792423547
            ],
            [
              89.537489183,
              22.7926304
            ],
            [
              89.537476396,
              22.792630604
            ]
          ]
        ]
      },
      "properties": {
        "cell_id": "50m_15210_50455",
        "grid_m": 50,
        "projected_area_m2": 15.070685145839906,
        "lon": 89.537480873,
        "lat": 22.792526973,
        "NDVI_S2_median": 0.1157135290671066,
        "vegetation_pct_valid": 0.0,
        "NDVI_2019": 0.19811709999157354,
        "NDVI_2026": 0.1157135290671066,
        "delta_NDVI": -0.08240357149601557,
        "optical_valid_pct": 98.35440888501608,
        "common_valid_pct": 98.35440888501608,
        "S2_nobs": 9.0,
        "valid_10m_pixels": 2,
        "tree_class_pct_2021": 69.31521750848228,
        "tree_context_valid_pct": 98.35440888501608,
        "period_start": "2026-03-15",
        "period_end_exclusive": "2026-06-01",
        "veg_ndvi_threshold": 0.35,
        "aggregation": "10m raster values weighted by exact clipped pixel area"
      }
    },
    {
      "type": "Feature",
      "geometry": {
        "type": "Polygon",
        "coordinates": [
          [
            [
              89.537484752,
              22.793081843
            ],
            [
              89.537476396,
              22.792630604
            ],
            [
              89.537489183,
              22.7926304
            ],
            [
              89.537525406,
              22.793081196
            ],
            [
              89.537484752,
              22.793081843
            ]
          ]
        ]
      },
      "properties": {
        "cell_id": "50m_15210_50456",
        "grid_m": 50,
        "projected_area_m2": 137.26288136094809,
        "lon": 89.537500901,
        "lat": 22.7928559,
        "NDVI_S2_median": 0.28079631681800243,
        "vegetation_pct_valid": 19.99999999966075,
        "NDVI_2019": 0.25511327302120784,
        "NDVI_2026": 0.28079631681800243,
        "delta_NDVI": 0.025683040318384878,
        "optical_valid_pct": 99.99999999957593,
        "common_valid_pct": 99.99999999957593,
        "S2_nobs": 10.0,
        "valid_10m_pixels": 5,
        "tree_class_pct_2021": 0.0,
        "tree_context_valid_pct": 99.99999999957593,
        "period_start": "2026-03-15",
        "period_end_exclusive": "2026-06-01",
        "veg_ndvi_threshold": 0.35,
        "aggregation": "10m raster values weighted by exact clipped pixel area"
      }
    },
    {
      "type": "Feature",
      "geometry": {
        "type": "Polygon",
        "coordinates": [
          [
            [
              89.537493107,
              22.793533082
            ],
            [
              89.537484752,
              22.793081843
            ],
            [
              89.537525406,
              22.793081196
            ],
            [
              89.537550688,
              22.793395824
            ],
            [
              89.537575129,
              22.793531776
            ],
            [
              89.537493107,
              22.793533082
            ]
          ]
        ]
      },
      "properties": {
        "cell_id": "50m_15210_50457",
        "grid_m": 50,
        "projected_area_m2": 290.8879657658626,
        "lon": 89.53752994,
        "lat": 22.793306809,
        "NDVI_S2_median": 0.13225355404185052,
        "vegetation_pct_valid": 0.0,
        "NDVI_2019": 0.15776201831873882,
        "NDVI_2026": 0.13225355404185052,
        "delta_NDVI": -0.025508462307963966,
        "optical_valid_pct": 99.99999999994806,
        "common_valid_pct": 99.99999999994806,
        "S2_nobs": 9.519342671518578,
        "valid_10m_pixels": 5,
        "tree_class_pct_2021": 0.0,
        "tree_context_valid_pct": 99.99999999994806,
        "period_start": "2026-03-15",
        "period_end_exclusive": "2026-06-01",
        "veg_ndvi_threshold": 0.35,
        "aggregation": "10m raster values weighted by exact clipped pixel area"
      }
    },
    {
      "type": "Feature",
      "geometry": {
        "type": "Polygon",
        "coordinates": [
          [
            [
              89.537501463,
              22.793984321
            ],
            [
              89.537493107,
              22.793533082
            ],
            [
              89.537575129,
              22.793531776
            ],
            [
              89.537656045,
              22.79398186
            ],
            [
              89.537501463,
              22.793984321
            ]
          ]
        ]
      },
      "properties": {
        "cell_id": "50m_15210_50458",
        "grid_m": 50,
        "projected_area_m2": 607.7021294622682,
        "lon": 89.537574576,
        "lat": 22.793757471,
        "NDVI_S2_median": 0.09128618247316853,
        "vegetation_pct_valid": 0.0,
        "NDVI_2019": 0.095543358226221,
        "NDVI_2026": 0.09128618247316853,
        "delta_NDVI": -0.004257174595197951,
        "optical_valid_pct": 99.99999999998613,
        "common_valid_pct": 99.99999999998613,
        "S2_nobs": 9.249067510284146,
        "valid_10m_pixels": 9,
        "tree_class_pct_2021": 0.0,
        "tree_context_valid_pct": 99.99999999998613,
        "period_start": "2026-03-15",
        "period_end_exclusive": "2026-06-01",
        "veg_ndvi_threshold": 0.35,
        "aggregation": "10m raster values weighted by exact clipped pixel area"
      }
    },
    {
      "type": "Feature",
      "geometry": {
        "type": "Polygon",
        "coordinates": [
          [
            [
              89.537509819,
              22.79443556
            ],
            [
              89.537501463,
              22.793984321
            ],
            [
              89.537656045,
              22.79398186
            ],
            [
              89.537736961,
              22.794431944
            ],
            [
              89.537509819,
              22.79443556
            ]
          ]
        ]
      },
      "properties": {
        "cell_id": "50m_15210_50459",
        "grid_m": 50,
        "projected_area_m2": 980.4325105505995,
        "lon": 89.537619212,
        "lat": 22.794208132,
        "NDVI_S2_median": 0.12310736673218516,
        "vegetation_pct_valid": 0.0,
        "NDVI_2019": 0.05996681602914412,
        "NDVI_2026": 0.12310736673218516,
        "delta_NDVI": 0.06314055153754952,
        "optical_valid_pct": 100,
        "common_valid_pct": 100,
        "S2_nobs": 10.0,
        "valid_10m_pixels": 13,
        "tree_class_pct_2021": 0.0,
        "tree_context_valid_pct": 100,
        "period_start": "2026-03-15",
        "period_end_exclusive": "2026-06-01",
        "veg_ndvi_threshold": 0.35,
        "aggregation": "10m raster values weighted by exact clipped pixel area"
      }
    },
    {
      "type": "Feature",
      "geometry": {
        "type": "Polygon",
        "coordinates": [
          [
            [
              89.537518175,
              22.794886799
            ],
            [
              89.537509819,
              22.79443556
            ],
            [
              89.537736961,
              22.794431944
            ],
            [
              89.537817878,
              22.794882027
            ],
            [
              89.537518175,
              22.794886799
            ]
          ]
        ]
      },
      "properties": {
        "cell_id": "50m_15210_50460",
        "grid_m": 50,
        "projected_area_m2": 1353.162891638931,
        "lon": 89.537663848,
        "lat": 22.794658794,
        "NDVI_S2_median": 0.19947479967773138,
        "vegetation_pct_valid": 0.0,
        "NDVI_2019": 0.21392959798113767,
        "NDVI_2026": 0.19947479967773138,
        "delta_NDVI": -0.014454800273747443,
        "optical_valid_pct": 100,
        "common_valid_pct": 100,
        "S2_nobs": 10.0,
        "valid_10m_pixels": 16,
        "tree_class_pct_2021": 0.0,
        "tree_context_valid_pct": 100,
        "period_start": "2026-03-15",
        "period_end_exclusive": "2026-06-01",
        "veg_ndvi_threshold": 0.35,
        "aggregation": "10m raster values weighted by exact clipped pixel area"
      }
    },
    {
      "type": "Feature",
      "geometry": {
        "type": "Polygon",
        "coordinates": [
          [
            [
              89.537526532,
              22.795338038
            ],
            [
              89.537518175,
              22.794886799
            ],
            [
              89.537817878,
              22.794882027
            ],
            [
              89.537898796,
              22.795332111
            ],
            [
              89.537526532,
              22.795338038
            ]
          ]
        ]
      },
      "properties": {
        "cell_id": "50m_15210_50461",
        "grid_m": 50,
        "projected_area_m2": 1725.8932727272622,
        "lon": 89.537708485,
        "lat": 22.795109455,
        "NDVI_S2_median": 0.27249771193515554,
        "vegetation_pct_valid": 22.03285773088757,
        "NDVI_2019": 0.4010816408130796,
        "NDVI_2026": 0.27249771193515554,
        "delta_NDVI": -0.12858392846116587,
        "optical_valid_pct": 100,
        "common_valid_pct": 100,
        "S2_nobs": 10.0,
        "valid_10m_pixels": 20,
        "tree_class_pct_2021": 49.30178482880081,
        "tree_context_valid_pct": 100,
        "period_start": "2026-03-15",
        "period_end_exclusive": "2026-06-01",
        "veg_ndvi_threshold": 0.35,
        "aggregation": "10m raster values weighted by exact clipped pixel area"
      }
    },
    {
      "type": "Feature",
      "geometry": {
        "type": "Polygon",
        "coordinates": [
          [
            [
              89.537534888,
              22.795789277
            ],
            [
              89.537526532,
              22.795338038
            ],
            [
              89.537898796,
              22.795332111
            ],
            [
              89.537979714,
              22.795782194
            ],
            [
              89.537534888,
              22.795789277
            ]
          ]
        ]
      },
      "properties": {
        "cell_id": "50m_15210_50462",
        "grid_m": 50,
        "projected_area_m2": 2098.6236538214143,
        "lon": 89.537753123,
        "lat": 22.795560116,
        "NDVI_S2_median": 0.21996187469773995,
        "vegetation_pct_valid": 14.721597504262087,
        "NDVI_2019": 0.2121135260879295,
        "NDVI_2026": 0.21996187469773995,
        "delta_NDVI": 0.00784834998795677,
        "optical_valid_pct": 100,
        "common_valid_pct": 100,
        "S2_nobs": 10.0,
        "valid_10m_pixels": 24,
        "tree_class_pct_2021": 9.530055550255918,
        "tree_context_valid_pct": 100,
        "period_start": "2026-03-15",
        "period_end_exclusive": "2026-06-01",
        "veg_ndvi_threshold": 0.35,
        "aggregation": "10m raster values weighted by exact clipped pixel area"
      }
    },
    {
      "type": "Feature",
      "geometry": {
        "type": "Polygon",
        "coordinates": [
          [
            [
              89.537543245,
              22.796240515
            ],
            [
              89.537534888,
              22.795789277
            ],
            [
              89.537979714,
              22.795782194
            ],
            [
              89.538026393,
              22.796041827
            ],
            [
              89.53802993,
              22.796232766
            ],
            [
              89.537543245,
              22.796240515
            ]
          ]
        ]
      },
      "properties": {
        "cell_id": "50m_15210_50463",
        "grid_m": 50,
        "projected_area_m2": 2437.984935770103,
        "lon": 89.537782409,
        "lat": 22.796011022,
        "NDVI_S2_median": 0.2596071649959335,
        "vegetation_pct_valid": 28.712236475689494,
        "NDVI_2019": 0.2757878707207619,
        "NDVI_2026": 0.2596071649959335,
        "delta_NDVI": -0.016180701377177652,
        "optical_valid_pct": 100,
        "common_valid_pct": 100,
        "S2_nobs": 9.999999999999998,
        "valid_10m_pixels": 25,
        "tree_class_pct_2021": 4.101748067955642,
        "tree_context_valid_pct": 100,
        "period_start": "2026-03-15",
        "period_end_exclusive": "2026-06-01",
        "veg_ndvi_threshold": 0.35,
        "aggregation": "10m raster values weighted by exact clipped pixel area"
      }
    },
    {
      "type": "Feature",
      "geometry": {
        "type": "Polygon",
        "coordinates": [
          [
            [
              89.537551602,
              22.796691754
            ],
            [
              89.537543245,
              22.796240515
            ],
            [
              89.53802993,
              22.796232766
            ],
            [
              89.538038288,
              22.796684005
            ],
            [
              89.537551602,
              22.796691754
            ]
          ]
        ]
      },
      "properties": {
        "cell_id": "50m_15210_50464",
        "grid_m": 50,
        "projected_area_m2": 2500.0,
        "lon": 89.537790766,
        "lat": 22.796462261,
        "NDVI_S2_median": 0.23502904504537583,
        "vegetation_pct_valid": 24.0,
        "NDVI_2019": 0.17430261315777898,
        "NDVI_2026": 0.23502904504537583,
        "delta_NDVI": 0.060726433359086514,
        "optical_valid_pct": 100,
        "common_valid_pct": 100,
        "S2_nobs": 10.0,
        "valid_10m_pixels": 25,
        "tree_class_pct_2021": 0.0,
        "tree_context_valid_pct": 100,
        "period_start": "2026-03-15",
        "period_end_exclusive": "2026-06-01",
        "veg_ndvi_threshold": 0.35,
        "aggregation": "10m raster values weighted by exact clipped pixel area"
      }
    },
    {
      "type": "Feature",
      "geometry": {
        "type": "Polygon",
        "coordinates": [
          [
            [
              89.537559959,
              22.797142993
            ],
            [
              89.537551602,
              22.796691754
            ],
            [
              89.538038288,
              22.796684005
            ],
            [
              89.538046647,
              22.797135244
            ],
            [
              89.537559959,
              22.797142993
            ]
          ]
        ]
      },
      "properties": {
        "cell_id": "50m_15210_50465",
        "grid_m": 50,
        "projected_area_m2": 2500.0,
        "lon": 89.537799124,
        "lat": 22.796913499,
        "NDVI_S2_median": 0.30222303301095965,
        "vegetation_pct_valid": 36.0,
        "NDVI_2019": 0.2741695308685303,
        "NDVI_2026": 0.30222303301095965,
        "delta_NDVI": 0.028053499846719204,
        "optical_valid_pct": 100,
        "common_valid_pct": 100,
        "S2_nobs": 10.0,
        "valid_10m_pixels": 25,
        "tree_class_pct_2021": 8.0,
        "tree_context_valid_pct": 100,
        "period_start": "2026-03-15",
        "period_end_exclusive": "2026-06-01",
        "veg_ndvi_threshold": 0.35,
        "aggregation": "10m raster values weighted by exact clipped pixel area"
      }
    },
    {
      "type": "Feature",
      "geometry": {
        "type": "Polygon",
        "coordinates": [
          [
            [
              89.537568317,
              22.797594232
            ],
            [
              89.537559959,
              22.797142993
            ],
            [
              89.538046647,
              22.797135244
            ],
            [
              89.538055006,
              22.797586482
            ],
            [
              89.537568317,
              22.797594232
            ]
          ]
        ]
      },
      "properties": {
        "cell_id": "50m_15210_50466",
        "grid_m": 50,
        "projected_area_m2": 2500.0,
        "lon": 89.537807482,
        "lat": 22.797364738,
        "NDVI_S2_median": 0.42540508091449736,
        "vegetation_pct_valid": 68.0,
        "NDVI_2019": 0.49604242980480195,
        "NDVI_2026": 0.42540508091449736,
        "delta_NDVI": -0.07063735304400325,
        "optical_valid_pct": 100,
        "common_valid_pct": 100,
        "S2_nobs": 10.0,
        "valid_10m_pixels": 25,
        "tree_class_pct_2021": 36.0,
        "tree_context_valid_pct": 100,
        "period_start": "2026-03-15",
        "period_end_exclusive": "2026-06-01",
        "veg_ndvi_threshold": 0.35,
        "aggregation": "10m raster values weighted by exact clipped pixel area"
      }
    },
    {
      "type": "Feature",
      "geometry": {
        "type": "Polygon",
        "coordinates": [
          [
            [
              89.537576675,
              22.798045471
            ],
            [
              89.537568317,
              22.797594232
            ],
            [
              89.538055006,
              22.797586482
            ],
            [
              89.538063366,
              22.798037721
            ],
            [
              89.537576675,
              22.798045471
            ]
          ]
        ]
      },
      "properties": {
        "cell_id": "50m_15210_50467",
        "grid_m": 50,
        "projected_area_m2": 2500.0,
        "lon": 89.537815841,
        "lat": 22.797815977,
        "NDVI_S2_median": 0.3655696493387222,
        "vegetation_pct_valid": 48.0,
        "NDVI_2019": 0.3554601985216141,
        "NDVI_2026": 0.3655696493387222,
        "delta_NDVI": 0.01010945398826152,
        "optical_valid_pct": 100,
        "common_valid_pct": 100,
        "S2_nobs": 10.0,
        "valid_10m_pixels": 25,
        "tree_class_pct_2021": 0.0,
        "tree_context_valid_pct": 100,
        "period_start": "2026-03-15",
        "period_end_exclusive": "2026-06-01",
        "veg_ndvi_threshold": 0.35,
        "aggregation": "10m raster values weighted by exact clipped pixel area"
      }
    },
    {
      "type": "Feature",
      "geometry": {
        "type": "Polygon",
        "coordinates": [
          [
            [
              89.537585033,
              22.798496709
            ],
            [
              89.537576675,
              22.798045471
            ],
            [
              89.538063366,
              22.798037721
            ],
            [
              89.538071725,
              22.79848896
            ],
            [
              89.537585033,
              22.798496709
            ]
          ]
        ]
      },
      "properties": {
        "cell_id": "50m_15210_50468",
        "grid_m": 50,
        "projected_area_m2": 2500.0,
        "lon": 89.537824199,
        "lat": 22.798267215,
        "NDVI_S2_median": 0.21635267317295073,
        "vegetation_pct_valid": 16.0,
        "NDVI_2019": 0.22672203242778777,
        "NDVI_2026": 0.21635267317295073,
        "delta_NDVI": -0.010369359609903768,
        "optical_valid_pct": 100,
        "common_valid_pct": 100,
        "S2_nobs": 10.0,
        "valid_10m_pixels": 25,
        "tree_class_pct_2021": 12.0,
        "tree_context_valid_pct": 100,
        "period_start": "2026-03-15",
        "period_end_exclusive": "2026-06-01",
        "veg_ndvi_threshold": 0.35,
        "aggregation": "10m raster values weighted by exact clipped pixel area"
      }
    },
    {
      "type": "Feature",
      "geometry": {
        "type": "Polygon",
        "coordinates": [
          [
            [
              89.537593391,
              22.798947948
            ],
            [
              89.537585033,
              22.798496709
            ],
            [
              89.538071725,
              22.79848896
            ],
            [
              89.538080085,
              22.798940198
            ],
            [
              89.537593391,
              22.798947948
            ]
          ]
        ]
      },
      "properties": {
        "cell_id": "50m_15210_50469",
        "grid_m": 50,
        "projected_area_m2": 2500.0,
        "lon": 89.537832558,
        "lat": 22.798718454,
        "NDVI_S2_median": 0.40520845144987105,
        "vegetation_pct_valid": 52.0,
        "NDVI_2019": 0.3934059603512287,
        "NDVI_2026": 0.40520845144987105,
        "delta_NDVI": 0.01180249810218811,
        "optical_valid_pct": 100,
        "common_valid_pct": 100,
        "S2_nobs": 10.0,
        "valid_10m_pixels": 25,
        "tree_class_pct_2021": 28.000000000000004,
        "tree_context_valid_pct": 100,
        "period_start": "2026-03-15",
        "period_end_exclusive": "2026-06-01",
        "veg_ndvi_threshold": 0.35,
        "aggregation": "10m raster values weighted by exact clipped pixel area"
      }
    },
    {
      "type": "Feature",
      "geometry": {
        "type": "Polygon",
        "coordinates": [
          [
            [
              89.537601749,
              22.799399187
            ],
            [
              89.537593391,
              22.798947948
            ],
            [
              89.538080085,
              22.798940198
            ],
            [
              89.538088445,
              22.799391437
            ],
            [
              89.537601749,
              22.799399187
            ]
          ]
        ]
      },
      "properties": {
        "cell_id": "50m_15210_50470",
        "grid_m": 50,
        "projected_area_m2": 2500.0,
        "lon": 89.537840917,
        "lat": 22.799169693,
        "NDVI_S2_median": 0.35573916740715505,
        "vegetation_pct_valid": 60.0,
        "NDVI_2019": 0.3664318858273327,
        "NDVI_2026": 0.35573916740715505,
        "delta_NDVI": -0.010692719593644142,
        "optical_valid_pct": 100,
        "common_valid_pct": 100,
        "S2_nobs": 10.0,
        "valid_10m_pixels": 25,
        "tree_class_pct_2021": 40.0,
        "tree_context_valid_pct": 100,
        "period_start": "2026-03-15",
        "period_end_exclusive": "2026-06-01",
        "veg_ndvi_threshold": 0.35,
        "aggregation": "10m raster values weighted by exact clipped pixel area"
      }
    },
    {
      "type": "Feature",
      "geometry": {
        "type": "Polygon",
        "coordinates": [
          [
            [
              89.537610107,
              22.799850426
            ],
            [
              89.537601749,
              22.799399187
            ],
            [
              89.538088445,
              22.799391437
            ],
            [
              89.538096805,
              22.799842675
            ],
            [
              89.537610107,
              22.799850426
            ]
          ]
        ]
      },
      "properties": {
        "cell_id": "50m_15210_50471",
        "grid_m": 50,
        "projected_area_m2": 2500.0,
        "lon": 89.537849276,
        "lat": 22.799620931,
        "NDVI_S2_median": 0.2884352217614651,
        "vegetation_pct_valid": 28.000000000000004,
        "NDVI_2019": 0.33228825956583025,
        "NDVI_2026": 0.2884352217614651,
        "delta_NDVI": -0.04385303890798241,
        "optical_valid_pct": 100,
        "common_valid_pct": 100,
        "S2_nobs": 9.84,
        "valid_10m_pixels": 25,
        "tree_class_pct_2021": 16.0,
        "tree_context_valid_pct": 100,
        "period_start": "2026-03-15",
        "period_end_exclusive": "2026-06-01",
        "veg_ndvi_threshold": 0.35,
        "aggregation": "10m raster values weighted by exact clipped pixel area"
      }
    },
    {
      "type": "Feature",
      "geometry": {
        "type": "Polygon",
        "coordinates": [
          [
            [
              89.537618466,
              22.800301664
            ],
            [
              89.537610107,
              22.799850426
            ],
            [
              89.538096805,
              22.799842675
            ],
            [
              89.538105165,
              22.800293914
            ],
            [
              89.537618466,
              22.800301664
            ]
          ]
        ]
      },
      "properties": {
        "cell_id": "50m_15210_50472",
        "grid_m": 50,
        "projected_area_m2": 2500.0,
        "lon": 89.537857636,
        "lat": 22.80007217,
        "NDVI_S2_median": 0.09163566023111343,
        "vegetation_pct_valid": 0.0,
        "NDVI_2019": 0.18307631995528936,
        "NDVI_2026": 0.09163566023111343,
        "delta_NDVI": -0.09144066104665399,
        "optical_valid_pct": 100,
        "common_valid_pct": 100,
        "S2_nobs": 9.0,
        "valid_10m_pixels": 25,
        "tree_class_pct_2021": 0.0,
        "tree_context_valid_pct": 100,
        "period_start": "2026-03-15",
        "period_end_exclusive": "2026-06-01",
        "veg_ndvi_threshold": 0.35,
        "aggregation": "10m raster values weighted by exact clipped pixel area"
      }
    },
    {
      "type": "Feature",
      "geometry": {
        "type": "Polygon",
        "coordinates": [
          [
            [
              89.537618466,
              22.800301664
            ],
            [
              89.538105165,
              22.800293914
            ],
            [
              89.538107249,
              22.800406392
            ],
            [
              89.537618544,
              22.800305877
            ],
            [
              89.537618466,
              22.800301664
            ]
          ]
        ]
      },
      "properties": {
        "cell_id": "50m_15210_50473",
        "grid_m": 50,
        "projected_area_m2": 323.2522615464404,
        "lon": 89.537862858,
        "lat": 22.800354028,
        "NDVI_S2_median": 0.25137266721204676,
        "vegetation_pct_valid": 21.642609478133107,
        "NDVI_2019": 0.6538952640236698,
        "NDVI_2026": 0.25137266721204676,
        "delta_NDVI": -0.4025225890943439,
        "optical_valid_pct": 99.99736003996001,
        "common_valid_pct": 99.99736003996001,
        "S2_nobs": 9.0,
        "valid_10m_pixels": 6,
        "tree_class_pct_2021": 100.0,
        "tree_context_valid_pct": 99.99736003996001,
        "period_start": "2026-03-15",
        "period_end_exclusive": "2026-06-01",
        "veg_ndvi_threshold": 0.35,
        "aggregation": "10m raster values weighted by exact clipped pixel area"
      }
    },
    {
      "type": "Feature",
      "geometry": {
        "type": "Polygon",
        "coordinates": [
          [
            [
              89.53802993,
              22.796232766
            ],
            [
              89.538026393,
              22.796041827
            ],
            [
              89.538060633,
              22.796232278
            ],
            [
              89.53802993,
              22.796232766
            ]
          ]
        ]
      },
      "properties": {
        "cell_id": "50m_15211_50463",
        "grid_m": 50,
        "projected_area_m2": 33.36909913963118,
        "lon": 89.538043513,
        "lat": 22.796137052,
        "NDVI_S2_median": 0.17402985445184818,
        "vegetation_pct_valid": 0.0,
        "NDVI_2019": 0.2473173609816055,
        "NDVI_2026": 0.17402985445184818,
        "delta_NDVI": -0.07328750044438735,
        "optical_valid_pct": 99.7008026955856,
        "common_valid_pct": 99.7008026955856,
        "S2_nobs": 10.0,
        "valid_10m_pixels": 2,
        "tree_class_pct_2021": 0.0,
        "tree_context_valid_pct": 99.7008026955856,
        "period_start": "2026-03-15",
        "period_end_exclusive": "2026-06-01",
        "veg_ndvi_threshold": 0.35,
        "aggregation": "10m raster values weighted by exact clipped pixel area"
      }
    },
    {
      "type": "Feature",
      "geometry": {
        "type": "Polygon",
        "coordinates": [
          [
            [
              89.538038288,
              22.796684005
            ],
            [
              89.53802993,
              22.796232766
            ],
            [
              89.538060633,
              22.796232278
            ],
            [
              89.538141553,
              22.796682361
            ],
            [
              89.538038288,
              22.796684005
            ]
          ]
        ]
      },
      "properties": {
        "cell_id": "50m_15211_50464",
        "grid_m": 50,
        "projected_area_m2": 344.084415998077,
        "lon": 89.538085741,
        "lat": 22.796457564,
        "NDVI_S2_median": 0.12610548118677162,
        "vegetation_pct_valid": 0.0,
        "NDVI_2019": 0.07687104038342972,
        "NDVI_2026": 0.12610548118677162,
        "delta_NDVI": 0.049234443331052376,
        "optical_valid_pct": 99.99999999997192,
        "common_valid_pct": 99.99999999997192,
        "S2_nobs": 10.000000000000002,
        "valid_10m_pixels": 6,
        "tree_class_pct_2021": 0.0,
        "tree_context_valid_pct": 99.99999999997192,
        "period_start": "2026-03-15",
        "period_end_exclusive": "2026-06-01",
        "veg_ndvi_threshold": 0.35,
        "aggregation": "10m raster values weighted by exact clipped pixel area"
      }
    },
    {
      "type": "Feature",
      "geometry": {
        "type": "Polygon",
        "coordinates": [
          [
            [
              89.538046647,
              22.797135244
            ],
            [
              89.538038288,
              22.796684005
            ],
            [
              89.538141553,
              22.796682361
            ],
            [
              89.538222474,
              22.797132444
            ],
            [
              89.538046647,
              22.797135244
            ]
          ]
        ]
      },
      "properties": {
        "cell_id": "50m_15211_50465",
        "grid_m": 50,
        "projected_area_m2": 716.8147970864084,
        "lon": 89.538130381,
        "lat": 22.796908224,
        "NDVI_S2_median": 0.11038397106557701,
        "vegetation_pct_valid": 0.0,
        "NDVI_2019": 0.10585881538970142,
        "NDVI_2026": 0.11038397106557701,
        "delta_NDVI": 0.004525158637572753,
        "optical_valid_pct": 100,
        "common_valid_pct": 100,
        "S2_nobs": 10.0,
        "valid_10m_pixels": 10,
        "tree_class_pct_2021": 0.0,
        "tree_context_valid_pct": 100,
        "period_start": "2026-03-15",
        "period_end_exclusive": "2026-06-01",
        "veg_ndvi_threshold": 0.35,
        "aggregation": "10m raster values weighted by exact clipped pixel area"
      }
    },
    {
      "type": "Feature",
      "geometry": {
        "type": "Polygon",
        "coordinates": [
          [
            [
              89.538055006,
              22.797586482
            ],
            [
              89.538046647,
              22.797135244
            ],
            [
              89.538222474,
              22.797132444
            ],
            [
              89.538303395,
              22.797582527
            ],
            [
              89.538055006,
              22.797586482
            ]
          ]
        ]
      },
      "properties": {
        "cell_id": "50m_15211_50466",
        "grid_m": 50,
        "projected_area_m2": 1089.5451781805605,
        "lon": 89.538175021,
        "lat": 22.797358885,
        "NDVI_S2_median": 0.14534285964188765,
        "vegetation_pct_valid": 0.0,
        "NDVI_2019": 0.19590490656390702,
        "NDVI_2026": 0.14534285964188765,
        "delta_NDVI": -0.05056205001263658,
        "optical_valid_pct": 99.99999999999278,
        "common_valid_pct": 99.99999999999278,
        "S2_nobs": 10.0,
        "valid_10m_pixels": 14,
        "tree_class_pct_2021": 0.0,
        "tree_context_valid_pct": 99.99999999999278,
        "period_start": "2026-03-15",
        "period_end_exclusive": "2026-06-01",
        "veg_ndvi_threshold": 0.35,
        "aggregation": "10m raster values weighted by exact clipped pixel area"
      }
    },
    {
      "type": "Feature",
      "geometry": {
        "type": "Polygon",
        "coordinates": [
          [
            [
              89.538063366,
              22.798037721
            ],
            [
              89.538055006,
              22.797586482
            ],
            [
              89.538303395,
              22.797582527
            ],
            [
              89.538384317,
              22.79803261
            ],
            [
              89.538063366,
              22.798037721
            ]
          ]
        ]
      },
      "properties": {
        "cell_id": "50m_15211_50467",
        "grid_m": 50,
        "projected_area_m2": 1462.2755592688918,
        "lon": 89.538219661,
        "lat": 22.797809546,
        "NDVI_S2_median": 0.17020841033442546,
        "vegetation_pct_valid": 0.0,
        "NDVI_2019": 0.25072784754375615,
        "NDVI_2026": 0.17020841033442546,
        "delta_NDVI": -0.08051943652137002,
        "optical_valid_pct": 99.99999999998816,
        "common_valid_pct": 99.99999999998816,
        "S2_nobs": 9.685916919485571,
        "valid_10m_pixels": 17,
        "tree_class_pct_2021": 0.0,
        "tree_context_valid_pct": 99.99999999998816,
        "period_start": "2026-03-15",
        "period_end_exclusive": "2026-06-01",
        "veg_ndvi_threshold": 0.35,
        "aggregation": "10m raster values weighted by exact clipped pixel area"
      }
    },
    {
      "type": "Feature",
      "geometry": {
        "type": "Polygon",
        "coordinates": [
          [
            [
              89.538071725,
              22.79848896
            ],
            [
              89.538063366,
              22.798037721
            ],
            [
              89.538384317,
              22.79803261
            ],
            [
              89.538465239,
              22.798482692
            ],
            [
              89.538071725,
              22.79848896
            ]
          ]
        ]
      },
      "properties": {
        "cell_id": "50m_15211_50468",
        "grid_m": 50,
        "projected_area_m2": 1835.0059403572232,
        "lon": 89.538264302,
        "lat": 22.798260207,
        "NDVI_S2_median": 0.16403060035153993,
        "vegetation_pct_valid": 5.4495736390111364,
        "NDVI_2019": 0.20498132262865534,
        "NDVI_2026": 0.16403060035153993,
        "delta_NDVI": -0.04095071906378707,
        "optical_valid_pct": 100,
        "common_valid_pct": 100,
        "S2_nobs": 9.902698156503071,
        "valid_10m_pixels": 21,
        "tree_class_pct_2021": 10.899147278022273,
        "tree_context_valid_pct": 100,
        "period_start": "2026-03-15",
        "period_end_exclusive": "2026-06-01",
        "veg_ndvi_threshold": 0.35,
        "aggregation": "10m raster values weighted by exact clipped pixel area"
      }
    },
    {
      "type": "Feature",
      "geometry": {
        "type": "Polygon",
        "coordinates": [
          [
            [
              89.538080085,
              22.798940198
            ],
            [
              89.538071725,
              22.79848896
            ],
            [
              89.538465239,
              22.798482692
            ],
            [
              89.538546163,
              22.798932775
            ],
            [
              89.538080085,
              22.798940198
            ]
          ]
        ]
      },
      "properties": {
        "cell_id": "50m_15211_50469",
        "grid_m": 50,
        "projected_area_m2": 2207.7363214455545,
        "lon": 89.538308943,
        "lat": 22.798710867,
        "NDVI_S2_median": 0.4572698971462614,
        "vegetation_pct_valid": 62.02595053114466,
        "NDVI_2019": 0.43158194141455614,
        "NDVI_2026": 0.4572698971462614,
        "delta_NDVI": 0.025687954579040894,
        "optical_valid_pct": 100,
        "common_valid_pct": 100,
        "S2_nobs": 10.0,
        "valid_10m_pixels": 25,
        "tree_class_pct_2021": 67.94289632458683,
        "tree_context_valid_pct": 100,
        "period_start": "2026-03-15",
        "period_end_exclusive": "2026-06-01",
        "veg_ndvi_threshold": 0.35,
        "aggregation": "10m raster values weighted by exact clipped pixel area"
      }
    },
    {
      "type": "Feature",
      "geometry": {
        "type": "Polygon",
        "coordinates": [
          [
            [
              89.538088445,
              22.799391437
            ],
            [
              89.538080085,
              22.798940198
            ],
            [
              89.538546163,
              22.798932775
            ],
            [
              89.538569154,
              22.79906065
            ],
            [
              89.53857514,
              22.799383685
            ],
            [
              89.538088445,
              22.799391437
            ]
          ]
        ]
      },
      "properties": {
        "cell_id": "50m_15211_50470",
        "grid_m": 50,
        "projected_area_m2": 2484.9562977276637,
        "lon": 89.538327612,
        "lat": 22.799161942,
        "NDVI_S2_median": 0.47494116289245497,
        "vegetation_pct_valid": 60.363234611872464,
        "NDVI_2019": 0.5099319350017102,
        "NDVI_2026": 0.47494116289245497,
        "delta_NDVI": -0.03499076974283821,
        "optical_valid_pct": 100,
        "common_valid_pct": 100,
        "S2_nobs": 9.67806274873668,
        "valid_10m_pixels": 25,
        "tree_class_pct_2021": 60.363234611872464,
        "tree_context_valid_pct": 100,
        "period_start": "2026-03-15",
        "period_end_exclusive": "2026-06-01",
        "veg_ndvi_threshold": 0.35,
        "aggregation": "10m raster values weighted by exact clipped pixel area"
      }
    },
    {
      "type": "Feature",
      "geometry": {
        "type": "Polygon",
        "coordinates": [
          [
            [
              89.538096805,
              22.799842675
            ],
            [
              89.538088445,
              22.799391437
            ],
            [
              89.53857514,
              22.799383685
            ],
            [
              89.538583502,
              22.799834923
            ],
            [
              89.538096805,
              22.799842675
            ]
          ]
        ]
      },
      "properties": {
        "cell_id": "50m_15211_50471",
        "grid_m": 50,
        "projected_area_m2": 2500.0,
        "lon": 89.538335973,
        "lat": 22.79961318,
        "NDVI_S2_median": 0.18021381735801698,
        "vegetation_pct_valid": 12.0,
        "NDVI_2019": 0.14407368898391723,
        "NDVI_2026": 0.18021381735801698,
        "delta_NDVI": 0.036140130939893426,
        "optical_valid_pct": 100,
        "common_valid_pct": 100,
        "S2_nobs": 9.04,
        "valid_10m_pixels": 25,
        "tree_class_pct_2021": 0.0,
        "tree_context_valid_pct": 100,
        "period_start": "2026-03-15",
        "period_end_exclusive": "2026-06-01",
        "veg_ndvi_threshold": 0.35,
        "aggregation": "10m raster values weighted by exact clipped pixel area"
      }
    },
    {
      "type": "Feature",
      "geometry": {
        "type": "Polygon",
        "coordinates": [
          [
            [
              89.538105165,
              22.800293914
            ],
            [
              89.538096805,
              22.799842675
            ],
            [
              89.538583502,
              22.799834923
            ],
            [
              89.538591864,
              22.800286162
            ],
            [
              89.538105165,
              22.800293914
            ]
          ]
        ]
      },
      "properties": {
        "cell_id": "50m_15211_50472",
        "grid_m": 50,
        "projected_area_m2": 2500.0,
        "lon": 89.538344334,
        "lat": 22.800064419,
        "NDVI_S2_median": 0.08576671272516251,
        "vegetation_pct_valid": 0.0,
        "NDVI_2019": 0.09314263701438903,
        "NDVI_2026": 0.08576671272516251,
        "delta_NDVI": -0.007375924256630242,
        "optical_valid_pct": 100,
        "common_valid_pct": 100,
        "S2_nobs": 9.0,
        "valid_10m_pixels": 25,
        "tree_class_pct_2021": 0.0,
        "tree_context_valid_pct": 100,
        "period_start": "2026-03-15",
        "period_end_exclusive": "2026-06-01",
        "veg_ndvi_threshold": 0.35,
        "aggregation": "10m raster values weighted by exact clipped pixel area"
      }
    },
    {
      "type": "Feature",
      "geometry": {
        "type": "Polygon",
        "coordinates": [
          [
            [
              89.538105165,
              22.800293914
            ],
            [
              89.538591864,
              22.800286162
            ],
            [
              89.538595955,
              22.800506905
            ],
            [
              89.538107249,
              22.800406392
            ],
            [
              89.538105165,
              22.800293914
            ]
          ]
        ]
      },
      "properties": {
        "cell_id": "50m_15211_50473",
        "grid_m": 50,
        "projected_area_m2": 923.0767428642139,
        "lon": 89.53835056,
        "lat": 22.80040041,
        "NDVI_S2_median": 0.14038254882189344,
        "vegetation_pct_valid": 3.9681846986404716,
        "NDVI_2019": 0.29922715658783683,
        "NDVI_2026": 0.14038254882189344,
        "delta_NDVI": -0.1588446048019674,
        "optical_valid_pct": 99.9999999997506,
        "common_valid_pct": 99.9999999997506,
        "S2_nobs": 9.0,
        "valid_10m_pixels": 12,
        "tree_class_pct_2021": 20.660759402123723,
        "tree_context_valid_pct": 99.9999999997506,
        "period_start": "2026-03-15",
        "period_end_exclusive": "2026-06-01",
        "veg_ndvi_threshold": 0.35,
        "aggregation": "10m raster values weighted by exact clipped pixel area"
      }
    },
    {
      "type": "Feature",
      "geometry": {
        "type": "Polygon",
        "coordinates": [
          [
            [
              89.53857514,
              22.799383685
            ],
            [
              89.538569154,
              22.79906065
            ],
            [
              89.538627087,
              22.799382857
            ],
            [
              89.53857514,
              22.799383685
            ]
          ]
        ]
      },
      "properties": {
        "cell_id": "50m_15212_50470",
        "grid_m": 50,
        "projected_area_m2": 95.5104048107956,
        "lon": 89.53859812,
        "lat": 22.799221754,
        "NDVI_S2_median": 0.09265338686159154,
        "vegetation_pct_valid": 0.0,
        "NDVI_2019": 0.4980027474797631,
        "NDVI_2026": 0.09265338686159154,
        "delta_NDVI": -0.4053493732562413,
        "optical_valid_pct": 100,
        "common_valid_pct": 100,
        "S2_nobs": 10.000000000000002,
        "valid_10m_pixels": 4,
        "tree_class_pct_2021": 35.08025473738257,
        "tree_context_valid_pct": 100,
        "period_start": "2026-03-15",
        "period_end_exclusive": "2026-06-01",
        "veg_ndvi_threshold": 0.35,
        "aggregation": "10m raster values weighted by exact clipped pixel area"
      }
    },
    {
      "type": "Feature",
      "geometry": {
        "type": "Polygon",
        "coordinates": [
          [
            [
              89.538583502,
              22.799834923
            ],
            [
              89.53857514,
              22.799383685
            ],
            [
              89.538627087,
              22.799382857
            ],
            [
              89.538708011,
              22.79983294
            ],
            [
              89.538583502,
              22.799834923
            ]
          ]
        ]
      },
      "properties": {
        "cell_id": "50m_15212_50471",
        "grid_m": 50,
        "projected_area_m2": 453.19708362803794,
        "lon": 89.538641576,
        "lat": 22.799608312,
        "NDVI_S2_median": 0.07944104627229759,
        "vegetation_pct_valid": 0.0,
        "NDVI_2019": 0.35732570552830306,
        "NDVI_2026": 0.07944104627229759,
        "delta_NDVI": -0.27788465415655794,
        "optical_valid_pct": 100,
        "common_valid_pct": 100,
        "S2_nobs": 10.0,
        "valid_10m_pixels": 7,
        "tree_class_pct_2021": 0.0,
        "tree_context_valid_pct": 100,
        "period_start": "2026-03-15",
        "period_end_exclusive": "2026-06-01",
        "veg_ndvi_threshold": 0.35,
        "aggregation": "10m raster values weighted by exact clipped pixel area"
      }
    },
    {
      "type": "Feature",
      "geometry": {
        "type": "Polygon",
        "coordinates": [
          [
            [
              89.538591864,
              22.800286162
            ],
            [
              89.538583502,
              22.799834923
            ],
            [
              89.538708011,
              22.79983294
            ],
            [
              89.538788936,
              22.800283022
            ],
            [
              89.538591864,
              22.800286162
            ]
          ]
        ]
      },
      "properties": {
        "cell_id": "50m_15212_50472",
        "grid_m": 50,
        "projected_area_m2": 825.9274647163693,
        "lon": 89.538686219,
        "lat": 22.800058973,
        "NDVI_S2_median": 0.0881571099181255,
        "vegetation_pct_valid": 0.0,
        "NDVI_2019": 0.07215689879366051,
        "NDVI_2026": 0.0881571099181255,
        "delta_NDVI": 0.016000211346144752,
        "optical_valid_pct": 99.97545716612765,
        "common_valid_pct": 99.97545716612765,
        "S2_nobs": 10.0,
        "valid_10m_pixels": 10,
        "tree_class_pct_2021": 0.0,
        "tree_context_valid_pct": 99.97545716612765,
        "period_start": "2026-03-15",
        "period_end_exclusive": "2026-06-01",
        "veg_ndvi_threshold": 0.35,
        "aggregation": "10m raster values weighted by exact clipped pixel area"
      }
    },
    {
      "type": "Feature",
      "geometry": {
        "type": "Polygon",
        "coordinates": [
          [
            [
              89.538591864,
              22.800286162
            ],
            [
              89.538788936,
              22.800283022
            ],
            [
              89.538838147,
              22.800556717
            ],
            [
              89.538595955,
              22.800506905
            ],
            [
              89.538591864,
              22.800286162
            ]
          ]
        ]
      },
      "properties": {
        "cell_id": "50m_15212_50473",
        "grid_m": 50,
        "projected_area_m2": 610.8320220626108,
        "lon": 89.538715006,
        "lat": 22.800421439,
        "NDVI_S2_median": 0.15971055349611182,
        "vegetation_pct_valid": 0.0,
        "NDVI_2019": 0.14111423704742898,
        "NDVI_2026": 0.15971055349611182,
        "delta_NDVI": 0.018596318838969134,
        "optical_valid_pct": 99.94604223239062,
        "common_valid_pct": 99.94604223239062,
        "S2_nobs": 9.447698264667684,
        "valid_10m_pixels": 9,
        "tree_class_pct_2021": 0.0,
        "tree_context_valid_pct": 99.94604223239062,
        "period_start": "2026-03-15",
        "period_end_exclusive": "2026-06-01",
        "veg_ndvi_threshold": 0.35,
        "aggregation": "10m raster values weighted by exact clipped pixel area"
      }
    }
  ]
}